Date,Player,Country,Points
1971-02,Alan Connolly,Australia,90
1971-02,Alan Knott,England,151
1971-02,Alan Thomson,Australia,85
1971-02,Ashley Mallett,Australia,99
1971-02,Basil D'Oliveira,England,134
1971-02,Bill Lawry,Australia,147
1971-02,Doug Walters,Australia,229
1971-02,Graham McKenzie,Australia,95
1971-02,Greg Chappell,Australia,139
1971-02,Ian Chappell,Australia,242
1971-02,Ian Redpath,Australia,86
1971-02,John Edrich,England,246
1971-02,John Hampshire,England,65
1971-02,Keith Fletcher,England,134
1971-02,Keith Stackpole,Australia,94
1971-03,Alan Connolly,Australia,90
1971-03,Alan Knott,England,151
1971-03,Alan Thomson,Australia,85
1971-03,Ashley Mallett,Australia,99
1971-03,Basil D'Oliveira,England,134
1971-03,Bill Lawry,Australia,147
1971-03,Doug Walters,Australia,229
1971-03,Graham McKenzie,Australia,95
1971-03,Greg Chappell,Australia,139
1971-03,Ian Chappell,Australia,242
1971-03,Ian Redpath,Australia,86
1971-03,John Edrich,England,246
1971-03,John Hampshire,England,65
1971-03,Keith Fletcher,England,134
1971-03,Keith Stackpole,Australia,94
1971-04,Alan Connolly,Australia,90
1971-04,Alan Knott,England,151
1971-04,Alan Thomson,Australia,85
1971-04,Ashley Mallett,Australia,99
1971-04,Basil D'Oliveira,England,134
1971-04,Bill Lawry,Australia,147
1971-04,Doug Walters,Australia,229
1971-04,Graham McKenzie,Australia,95
1971-04,Greg Chappell,Australia,139
1971-04,Ian Chappell,Australia,242
1971-04,Ian Redpath,Australia,86
1971-04,John Edrich,England,246
1971-04,John Hampshire,England,65
1971-04,Keith Fletcher,England,134
1971-04,Keith Stackpole,Australia,94
1971-05,Alan Connolly,Australia,90
1971-05,Alan Knott,England,151
1971-05,Alan Thomson,Australia,85
1971-05,Ashley Mallett,Australia,99
1971-05,Basil D'Oliveira,England,134
1971-05,Bill Lawry,Australia,147
1971-05,Doug Walters,Australia,229
1971-05,Graham McKenzie,Australia,95
1971-05,Greg Chappell,Australia,139
1971-05,Ian Chappell,Australia,242
1971-05,Ian Redpath,Australia,86
1971-05,John Edrich,England,246
1971-05,John Hampshire,England,65
1971-05,Keith Fletcher,England,134
1971-05,Keith Stackpole,Australia,94
1971-06,Alan Connolly,Australia,90
1971-06,Alan Knott,England,151
1971-06,Alan Thomson,Australia,85
1971-06,Ashley Mallett,Australia,99
1971-06,Basil D'Oliveira,England,134
1971-06,Bill Lawry,Australia,147
1971-06,Doug Walters,Australia,229
1971-06,Graham McKenzie,Australia,95
1971-06,Greg Chappell,Australia,139
1971-06,Ian Chappell,Australia,242
1971-06,Ian Redpath,Australia,86
1971-06,John Edrich,England,246
1971-06,John Hampshire,England,65
1971-06,Keith Fletcher,England,134
1971-06,Keith Stackpole,Australia,94
1971-07,Alan Connolly,Australia,90
1971-07,Alan Knott,England,151
1971-07,Alan Thomson,Australia,85
1971-07,Ashley Mallett,Australia,99
1971-07,Basil D'Oliveira,England,134
1971-07,Bill Lawry,Australia,147
1971-07,Doug Walters,Australia,229
1971-07,Graham McKenzie,Australia,95
1971-07,Greg Chappell,Australia,139
1971-07,Ian Chappell,Australia,242
1971-07,Ian Redpath,Australia,86
1971-07,John Edrich,England,246
1971-07,John Hampshire,England,65
1971-07,Keith Fletcher,England,134
1971-07,Keith Stackpole,Australia,94
1971-08,Alan Connolly,Australia,90
1971-08,Alan Knott,England,151
1971-08,Alan Thomson,Australia,85
1971-08,Ashley Mallett,Australia,99
1971-08,Basil D'Oliveira,England,134
1971-08,Bill Lawry,Australia,147
1971-08,Doug Walters,Australia,229
1971-08,Graham McKenzie,Australia,95
1971-08,Greg Chappell,Australia,139
1971-08,Ian Chappell,Australia,242
1971-08,Ian Redpath,Australia,86
1971-08,John Edrich,England,246
1971-08,John Hampshire,England,65
1971-08,Keith Fletcher,England,134
1971-08,Keith Stackpole,Australia,94
1971-09,Alan Connolly,Australia,90
1971-09,Alan Knott,England,151
1971-09,Alan Thomson,Australia,85
1971-09,Ashley Mallett,Australia,99
1971-09,Basil D'Oliveira,England,134
1971-09,Bill Lawry,Australia,147
1971-09,Doug Walters,Australia,229
1971-09,Graham McKenzie,Australia,95
1971-09,Greg Chappell,Australia,139
1971-09,Ian Chappell,Australia,242
1971-09,Ian Redpath,Australia,86
1971-09,John Edrich,England,246
1971-09,John Hampshire,England,65
1971-09,Keith Fletcher,England,134
1971-09,Keith Stackpole,Australia,94
1971-10,Alan Connolly,Australia,90
1971-10,Alan Knott,England,151
1971-10,Alan Thomson,Australia,85
1971-10,Ashley Mallett,Australia,99
1971-10,Basil D'Oliveira,England,134
1971-10,Bill Lawry,Australia,147
1971-10,Doug Walters,Australia,229
1971-10,Graham McKenzie,Australia,95
1971-10,Greg Chappell,Australia,139
1971-10,Ian Chappell,Australia,242
1971-10,Ian Redpath,Australia,86
1971-10,John Edrich,England,246
1971-10,John Hampshire,England,65
1971-10,Keith Fletcher,England,134
1971-10,Keith Stackpole,Australia,94
1971-11,Alan Connolly,Australia,90
1971-11,Alan Knott,England,151
1971-11,Alan Thomson,Australia,85
1971-11,Ashley Mallett,Australia,99
1971-11,Basil D'Oliveira,England,134
1971-11,Bill Lawry,Australia,147
1971-11,Doug Walters,Australia,229
1971-11,Graham McKenzie,Australia,95
1971-11,Greg Chappell,Australia,139
1971-11,Ian Chappell,Australia,242
1971-11,Ian Redpath,Australia,86
1971-11,John Edrich,England,246
1971-11,John Hampshire,England,65
1971-11,Keith Fletcher,England,134
1971-11,Keith Stackpole,Australia,94
1971-12,Alan Connolly,Australia,90
1971-12,Alan Knott,England,151
1971-12,Alan Thomson,Australia,85
1971-12,Ashley Mallett,Australia,99
1971-12,Basil D'Oliveira,England,134
1971-12,Bill Lawry,Australia,147
1971-12,Doug Walters,Australia,229
1971-12,Graham McKenzie,Australia,95
1971-12,Greg Chappell,Australia,139
1971-12,Ian Chappell,Australia,242
1971-12,Ian Redpath,Australia,86
1971-12,John Edrich,England,246
1971-12,John Hampshire,England,65
1971-12,Keith Fletcher,England,134
1971-12,Keith Stackpole,Australia,94
1972-01,Alan Connolly,Australia,90
1972-01,Alan Knott,England,151
1972-01,Alan Thomson,Australia,85
1972-01,Ashley Mallett,Australia,99
1972-01,Basil D'Oliveira,England,134
1972-01,Bill Lawry,Australia,147
1972-01,Doug Walters,Australia,229
1972-01,Graham McKenzie,Australia,95
1972-01,Greg Chappell,Australia,139
1972-01,Ian Chappell,Australia,242
1972-01,Ian Redpath,Australia,86
1972-01,John Edrich,England,246
1972-01,John Hampshire,England,65
1972-01,Keith Fletcher,England,134
1972-01,Keith Stackpole,Australia,94
1972-02,Alan Connolly,Australia,90
1972-02,Alan Knott,England,151
1972-02,Alan Thomson,Australia,85
1972-02,Ashley Mallett,Australia,99
1972-02,Basil D'Oliveira,England,134
1972-02,Bill Lawry,Australia,147
1972-02,Doug Walters,Australia,229
1972-02,Graham McKenzie,Australia,95
1972-02,Greg Chappell,Australia,139
1972-02,Ian Chappell,Australia,242
1972-02,Ian Redpath,Australia,86
1972-02,John Edrich,England,246
1972-02,John Hampshire,England,65
1972-02,Keith Fletcher,England,134
1972-02,Keith Stackpole,Australia,94
1972-03,Alan Connolly,Australia,90
1972-03,Alan Knott,England,151
1972-03,Alan Thomson,Australia,85
1972-03,Ashley Mallett,Australia,99
1972-03,Basil D'Oliveira,England,134
1972-03,Bill Lawry,Australia,147
1972-03,Doug Walters,Australia,229
1972-03,Graham McKenzie,Australia,95
1972-03,Greg Chappell,Australia,139
1972-03,Ian Chappell,Australia,242
1972-03,Ian Redpath,Australia,86
1972-03,John Edrich,England,246
1972-03,John Hampshire,England,65
1972-03,Keith Fletcher,England,134
1972-03,Keith Stackpole,Australia,94
1972-04,Alan Connolly,Australia,90
1972-04,Alan Knott,England,151
1972-04,Alan Thomson,Australia,85
1972-04,Ashley Mallett,Australia,99
1972-04,Basil D'Oliveira,England,134
1972-04,Bill Lawry,Australia,147
1972-04,Doug Walters,Australia,229
1972-04,Graham McKenzie,Australia,95
1972-04,Greg Chappell,Australia,139
1972-04,Ian Chappell,Australia,242
1972-04,Ian Redpath,Australia,86
1972-04,John Edrich,England,246
1972-04,John Hampshire,England,65
1972-04,Keith Fletcher,England,134
1972-04,Keith Stackpole,Australia,94
1972-05,Alan Connolly,Australia,90
1972-05,Alan Knott,England,151
1972-05,Alan Thomson,Australia,85
1972-05,Ashley Mallett,Australia,99
1972-05,Basil D'Oliveira,England,134
1972-05,Bill Lawry,Australia,147
1972-05,Doug Walters,Australia,229
1972-05,Graham McKenzie,Australia,95
1972-05,Greg Chappell,Australia,139
1972-05,Ian Chappell,Australia,242
1972-05,Ian Redpath,Australia,86
1972-05,John Edrich,England,246
1972-05,John Hampshire,England,65
1972-05,Keith Fletcher,England,134
1972-05,Keith Stackpole,Australia,94
1972-06,Alan Connolly,Australia,90
1972-06,Alan Knott,England,151
1972-06,Alan Thomson,Australia,85
1972-06,Ashley Mallett,Australia,99
1972-06,Basil D'Oliveira,England,134
1972-06,Bill Lawry,Australia,147
1972-06,Doug Walters,Australia,229
1972-06,Graham McKenzie,Australia,95
1972-06,Greg Chappell,Australia,139
1972-06,Ian Chappell,Australia,242
1972-06,Ian Redpath,Australia,86
1972-06,John Edrich,England,246
1972-06,John Hampshire,England,65
1972-06,Keith Fletcher,England,134
1972-06,Keith Stackpole,Australia,94
1972-07,Alan Connolly,Australia,90
1972-07,Alan Knott,England,151
1972-07,Alan Thomson,Australia,85
1972-07,Ashley Mallett,Australia,99
1972-07,Basil D'Oliveira,England,134
1972-07,Bill Lawry,Australia,147
1972-07,Doug Walters,Australia,229
1972-07,Graham McKenzie,Australia,95
1972-07,Greg Chappell,Australia,139
1972-07,Ian Chappell,Australia,242
1972-07,Ian Redpath,Australia,86
1972-07,John Edrich,England,246
1972-07,John Hampshire,England,65
1972-07,Keith Fletcher,England,134
1972-07,Keith Stackpole,Australia,94
1972-08,Alan Connolly,Australia,90
1972-08,Alan Knott,England,151
1972-08,Alan Thomson,Australia,85
1972-08,Ashley Mallett,Australia,99
1972-08,Basil D'Oliveira,England,134
1972-08,Bill Lawry,Australia,147
1972-08,Doug Walters,Australia,229
1972-08,Graham McKenzie,Australia,95
1972-08,Greg Chappell,Australia,139
1972-08,Ian Chappell,Australia,242
1972-08,Ian Redpath,Australia,86
1972-08,John Edrich,England,246
1972-08,John Hampshire,England,65
1972-08,Keith Fletcher,England,134
1972-08,Keith Stackpole,Australia,94
1972-09,Alan Knott,England,226
1972-09,Barry Wood,England,138
1972-09,Bob Massie,Australia,120
1972-09,Brian Close,England,183
1972-09,Dennis Amiss,England,354
1972-09,Doug Walters,Australia,202
1972-09,Geoff Boycott,England,211
1972-09,Greg Chappell,Australia,288
1972-09,Ian Chappell,Australia,319
1972-09,John Edrich,England,242
1972-09,Keith Fletcher,England,322
1972-09,Keith Stackpole,Australia,371
1972-09,Paul Sheahan,Australia,216
1972-09,Ross Edwards,Australia,195
1972-09,Tony Greig,England,194
1972-10,Alan Knott,England,226
1972-10,Barry Wood,England,138
1972-10,Bob Massie,Australia,120
1972-10,Brian Close,England,183
1972-10,Dennis Amiss,England,354
1972-10,Doug Walters,Australia,202
1972-10,Geoff Boycott,England,211
1972-10,Greg Chappell,Australia,288
1972-10,Ian Chappell,Australia,319
1972-10,John Edrich,England,242
1972-10,Keith Fletcher,England,322
1972-10,Keith Stackpole,Australia,371
1972-10,Paul Sheahan,Australia,216
1972-10,Ross Edwards,Australia,195
1972-10,Tony Greig,England,194
1972-11,Alan Knott,England,226
1972-11,Barry Wood,England,138
1972-11,Bob Massie,Australia,120
1972-11,Brian Close,England,183
1972-11,Dennis Amiss,England,354
1972-11,Doug Walters,Australia,202
1972-11,Geoff Boycott,England,211
1972-11,Greg Chappell,Australia,288
1972-11,Ian Chappell,Australia,319
1972-11,John Edrich,England,242
1972-11,Keith Fletcher,England,322
1972-11,Keith Stackpole,Australia,371
1972-11,Paul Sheahan,Australia,216
1972-11,Ross Edwards,Australia,195
1972-11,Tony Greig,England,194
1972-12,Alan Knott,England,226
1972-12,Barry Wood,England,138
1972-12,Bob Massie,Australia,120
1972-12,Brian Close,England,183
1972-12,Dennis Amiss,England,354
1972-12,Doug Walters,Australia,202
1972-12,Geoff Boycott,England,211
1972-12,Greg Chappell,Australia,288
1972-12,Ian Chappell,Australia,319
1972-12,John Edrich,England,242
1972-12,Keith Fletcher,England,322
1972-12,Keith Stackpole,Australia,371
1972-12,Paul Sheahan,Australia,216
1972-12,Ross Edwards,Australia,195
1972-12,Tony Greig,England,194
1973-01,Alan Knott,England,226
1973-01,Barry Wood,England,138
1973-01,Bob Massie,Australia,120
1973-01,Brian Close,England,183
1973-01,Dennis Amiss,England,354
1973-01,Doug Walters,Australia,202
1973-01,Geoff Boycott,England,211
1973-01,Greg Chappell,Australia,288
1973-01,Ian Chappell,Australia,319
1973-01,John Edrich,England,242
1973-01,Keith Fletcher,England,322
1973-01,Keith Stackpole,Australia,371
1973-01,Paul Sheahan,Australia,216
1973-01,Ross Edwards,Australia,195
1973-01,Tony Greig,England,194
1973-02,Alan Knott,England,226
1973-02,Barry Wood,England,138
1973-02,Bob Massie,Australia,120
1973-02,Brian Close,England,183
1973-02,Dennis Amiss,England,354
1973-02,Doug Walters,Australia,202
1973-02,Geoff Boycott,England,211
1973-02,Greg Chappell,Australia,288
1973-02,Ian Chappell,Australia,319
1973-02,John Edrich,England,242
1973-02,Keith Fletcher,England,322
1973-02,Keith Stackpole,Australia,371
1973-02,Paul Sheahan,Australia,216
1973-02,Ross Edwards,Australia,195
1973-02,Tony Greig,England,194
1973-03,Alan Knott,England,226
1973-03,Dennis Amiss,England,354
1973-03,Doug Walters,Australia,202
1973-03,Geoff Boycott,England,211
1973-03,Greg Chappell,Australia,288
1973-03,Ian Chappell,Australia,319
1973-03,John Edrich,England,242
1973-03,Keith Fletcher,England,322
1973-03,Keith Stackpole,Australia,371
1973-03,Ken Wadsworth,New Zealand,180
1973-03,Mark Burgess,New Zealand,242
1973-03,Mushtaq Muhammad,Pakistan,158
1973-03,Ross Edwards,Australia,195
1973-03,Sadiq Mohammad,Pakistan,219
1973-03,Tony Greig,England,194
1973-04,Alan Knott,England,226
1973-04,Dennis Amiss,England,354
1973-04,Doug Walters,Australia,202
1973-04,Geoff Boycott,England,211
1973-04,Greg Chappell,Australia,288
1973-04,Ian Chappell,Australia,319
1973-04,John Edrich,England,242
1973-04,Keith Fletcher,England,322
1973-04,Keith Stackpole,Australia,371
1973-04,Ken Wadsworth,New Zealand,180
1973-04,Mark Burgess,New Zealand,242
1973-04,Mushtaq Muhammad,Pakistan,158
1973-04,Ross Edwards,Australia,195
1973-04,Sadiq Mohammad,Pakistan,219
1973-04,Tony Greig,England,194
1973-05,Alan Knott,England,226
1973-05,Dennis Amiss,England,354
1973-05,Doug Walters,Australia,202
1973-05,Geoff Boycott,England,211
1973-05,Greg Chappell,Australia,288
1973-05,Ian Chappell,Australia,319
1973-05,John Edrich,England,242
1973-05,Keith Fletcher,England,322
1973-05,Keith Stackpole,Australia,371
1973-05,Ken Wadsworth,New Zealand,180
1973-05,Mark Burgess,New Zealand,242
1973-05,Mushtaq Muhammad,Pakistan,158
1973-05,Ross Edwards,Australia,195
1973-05,Sadiq Mohammad,Pakistan,219
1973-05,Tony Greig,England,194
1973-06,Alan Knott,England,226
1973-06,Dennis Amiss,England,354
1973-06,Doug Walters,Australia,202
1973-06,Geoff Boycott,England,211
1973-06,Greg Chappell,Australia,288
1973-06,Ian Chappell,Australia,319
1973-06,John Edrich,England,242
1973-06,Keith Fletcher,England,322
1973-06,Keith Stackpole,Australia,371
1973-06,Ken Wadsworth,New Zealand,180
1973-06,Mark Burgess,New Zealand,242
1973-06,Mushtaq Muhammad,Pakistan,158
1973-06,Ross Edwards,Australia,195
1973-06,Sadiq Mohammad,Pakistan,219
1973-06,Tony Greig,England,194
1973-07,Alan Knott,England,226
1973-07,Dennis Amiss,England,354
1973-07,Doug Walters,Australia,202
1973-07,Geoff Boycott,England,211
1973-07,Greg Chappell,Australia,288
1973-07,Ian Chappell,Australia,319
1973-07,John Edrich,England,242
1973-07,Keith Fletcher,England,322
1973-07,Keith Stackpole,Australia,371
1973-07,Ken Wadsworth,New Zealand,180
1973-07,Mark Burgess,New Zealand,242
1973-07,Mushtaq Muhammad,Pakistan,158
1973-07,Ross Edwards,Australia,195
1973-07,Sadiq Mohammad,Pakistan,219
1973-07,Tony Greig,England,194
1973-08,Alan Knott,England,247
1973-08,Dennis Amiss,England,470
1973-08,Doug Walters,Australia,202
1973-08,Geoff Boycott,England,252
1973-08,Greg Chappell,Australia,288
1973-08,Ian Chappell,Australia,319
1973-08,John Edrich,England,240
1973-08,Keith Fletcher,England,383
1973-08,Keith Stackpole,Australia,371
1973-08,Mark Burgess,New Zealand,195
1973-08,Richard Hadlee,New Zealand,204
1973-08,Ross Edwards,Australia,195
1973-08,Sadiq Mohammad,Pakistan,219
1973-08,Tony Greig,England,218
1973-08,Vic Pollard,New Zealand,229
1973-09,Alan Knott,England,247
1973-09,Dennis Amiss,England,470
1973-09,Doug Walters,Australia,202
1973-09,Geoff Boycott,England,252
1973-09,Greg Chappell,Australia,288
1973-09,Ian Chappell,Australia,319
1973-09,John Edrich,England,240
1973-09,Keith Fletcher,England,383
1973-09,Keith Stackpole,Australia,371
1973-09,Mark Burgess,New Zealand,195
1973-09,Richard Hadlee,New Zealand,204
1973-09,Ross Edwards,Australia,195
1973-09,Sadiq Mohammad,Pakistan,219
1973-09,Tony Greig,England,218
1973-09,Vic Pollard,New Zealand,229
1973-10,Alan Knott,England,245
1973-10,Alvin Kallicharran,West Indies,270
1973-10,Dennis Amiss,England,465
1973-10,Geoff Boycott,England,231
1973-10,Greg Chappell,Australia,288
1973-10,Ian Chappell,Australia,319
1973-10,John Edrich,England,238
1973-10,Keith Fletcher,England,452
1973-10,Keith Stackpole,Australia,371
1973-10,Mike Denness,England,256
1973-10,Rohan Kanhai,West Indies,237
1973-10,Roy Fredericks,West Indies,300
1973-10,Sadiq Mohammad,Pakistan,219
1973-10,Tony Greig,England,331
1973-10,Vic Pollard,New Zealand,229
1973-11,Alan Knott,England,245
1973-11,Alvin Kallicharran,West Indies,270
1973-11,Dennis Amiss,England,465
1973-11,Geoff Boycott,England,231
1973-11,Greg Chappell,Australia,288
1973-11,Ian Chappell,Australia,319
1973-11,John Edrich,England,238
1973-11,Keith Fletcher,England,452
1973-11,Keith Stackpole,Australia,371
1973-11,Mike Denness,England,256
1973-11,Rohan Kanhai,West Indies,237
1973-11,Roy Fredericks,West Indies,300
1973-11,Sadiq Mohammad,Pakistan,219
1973-11,Tony Greig,England,331
1973-11,Vic Pollard,New Zealand,229
1973-12,Alan Knott,England,245
1973-12,Alvin Kallicharran,West Indies,270
1973-12,Dennis Amiss,England,465
1973-12,Geoff Boycott,England,231
1973-12,Greg Chappell,Australia,288
1973-12,Ian Chappell,Australia,319
1973-12,John Edrich,England,238
1973-12,Keith Fletcher,England,452
1973-12,Keith Stackpole,Australia,371
1973-12,Mike Denness,England,256
1973-12,Rohan Kanhai,West Indies,237
1973-12,Roy Fredericks,West Indies,300
1973-12,Sadiq Mohammad,Pakistan,219
1973-12,Tony Greig,England,331
1973-12,Vic Pollard,New Zealand,229
1974-01,Alan Knott,England,245
1974-01,Alvin Kallicharran,West Indies,270
1974-01,Dennis Amiss,England,465
1974-01,Geoff Boycott,England,231
1974-01,Greg Chappell,Australia,288
1974-01,Ian Chappell,Australia,319
1974-01,John Edrich,England,238
1974-01,Keith Fletcher,England,452
1974-01,Keith Stackpole,Australia,371
1974-01,Mike Denness,England,256
1974-01,Rohan Kanhai,West Indies,237
1974-01,Roy Fredericks,West Indies,300
1974-01,Sadiq Mohammad,Pakistan,219
1974-01,Tony Greig,England,331
1974-01,Vic Pollard,New Zealand,229
1974-02,Alan Knott,England,245
1974-02,Alvin Kallicharran,West Indies,270
1974-02,Dennis Amiss,England,465
1974-02,Geoff Boycott,England,231
1974-02,Greg Chappell,Australia,288
1974-02,Ian Chappell,Australia,319
1974-02,John Edrich,England,238
1974-02,Keith Fletcher,England,452
1974-02,Keith Stackpole,Australia,371
1974-02,Mike Denness,England,256
1974-02,Rohan Kanhai,West Indies,237
1974-02,Roy Fredericks,West Indies,300
1974-02,Sadiq Mohammad,Pakistan,219
1974-02,Tony Greig,England,331
1974-02,Vic Pollard,New Zealand,229
1974-03,Alan Knott,England,245
1974-03,Alvin Kallicharran,West Indies,270
1974-03,Dennis Amiss,England,465
1974-03,Geoff Boycott,England,231
1974-03,Greg Chappell,Australia,288
1974-03,Ian Chappell,Australia,319
1974-03,John Edrich,England,238
1974-03,Keith Fletcher,England,452
1974-03,Keith Stackpole,Australia,371
1974-03,Mike Denness,England,256
1974-03,Rohan Kanhai,West Indies,237
1974-03,Roy Fredericks,West Indies,300
1974-03,Sadiq Mohammad,Pakistan,219
1974-03,Tony Greig,England,331
1974-03,Vic Pollard,New Zealand,229
1974-04,Alan Knott,England,245
1974-04,Alvin Kallicharran,West Indies,270
1974-04,Bevan Congdon,New Zealand,282
1974-04,Dennis Amiss,England,465
1974-04,Geoff Boycott,England,231
1974-04,Greg Chappell,Australia,444
1974-04,Ian Chappell,Australia,502
1974-04,John Edrich,England,238
1974-04,Keith Fletcher,England,452
1974-04,Keith Stackpole,Australia,411
1974-04,Ken Wadsworth,New Zealand,318
1974-04,Mike Denness,England,256
1974-04,Rohan Kanhai,West Indies,237
1974-04,Roy Fredericks,West Indies,300
1974-04,Tony Greig,England,331
1974-05,Alan Knott,England,245
1974-05,Alvin Kallicharran,West Indies,270
1974-05,Bevan Congdon,New Zealand,282
1974-05,Dennis Amiss,England,465
1974-05,Geoff Boycott,England,231
1974-05,Greg Chappell,Australia,444
1974-05,Ian Chappell,Australia,502
1974-05,John Edrich,England,238
1974-05,Keith Fletcher,England,452
1974-05,Keith Stackpole,Australia,411
1974-05,Ken Wadsworth,New Zealand,318
1974-05,Mike Denness,England,256
1974-05,Rohan Kanhai,West Indies,237
1974-05,Roy Fredericks,West Indies,300
1974-05,Tony Greig,England,331
1974-06,Alan Knott,England,245
1974-06,Alvin Kallicharran,West Indies,270
1974-06,Bevan Congdon,New Zealand,282
1974-06,Dennis Amiss,England,465
1974-06,Geoff Boycott,England,231
1974-06,Greg Chappell,Australia,444
1974-06,Ian Chappell,Australia,502
1974-06,John Edrich,England,238
1974-06,Keith Fletcher,England,452
1974-06,Keith Stackpole,Australia,411
1974-06,Ken Wadsworth,New Zealand,318
1974-06,Mike Denness,England,256
1974-06,Rohan Kanhai,West Indies,237
1974-06,Roy Fredericks,West Indies,300
1974-06,Tony Greig,England,331
1974-07,Alan Knott,England,245
1974-07,Alvin Kallicharran,West Indies,270
1974-07,Bevan Congdon,New Zealand,282
1974-07,Dennis Amiss,England,465
1974-07,Geoff Boycott,England,231
1974-07,Greg Chappell,Australia,444
1974-07,Ian Chappell,Australia,502
1974-07,John Edrich,England,238
1974-07,Keith Fletcher,England,452
1974-07,Keith Stackpole,Australia,411
1974-07,Ken Wadsworth,New Zealand,318
1974-07,Mike Denness,England,256
1974-07,Rohan Kanhai,West Indies,237
1974-07,Roy Fredericks,West Indies,300
1974-07,Tony Greig,England,331
1974-08,Ajit Wadekar,India,238
1974-08,Alan Knott,England,276
1974-08,Alvin Kallicharran,West Indies,270
1974-08,Ashok Mankad,India,242
1974-08,Bevan Congdon,New Zealand,282
1974-08,Brijesh Patel,India,290
1974-08,Dennis Amiss,England,480
1974-08,Greg Chappell,Australia,444
1974-08,Ian Chappell,Australia,502
1974-08,John Edrich,England,342
1974-08,Keith Fletcher,England,553
1974-08,Ken Wadsworth,New Zealand,318
1974-08,Mike Denness,England,269
1974-08,Roy Fredericks,West Indies,300
1974-08,Tony Greig,England,408
1974-09,Alan Knott,England,274
1974-09,Alvin Kallicharran,West Indies,270
1974-09,Bevan Congdon,New Zealand,282
1974-09,Brijesh Patel,India,290
1974-09,David Lloyd,England,362
1974-09,Dennis Amiss,England,477
1974-09,Greg Chappell,Australia,444
1974-09,Ian Chappell,Australia,502
1974-09,John Edrich,England,358
1974-09,Keith Fletcher,England,550
1974-09,Ken Wadsworth,New Zealand,318
1974-09,Majid Khan,Pakistan,299
1974-09,Mike Denness,England,301
1974-09,Roy Fredericks,West Indies,300
1974-09,Tony Greig,England,430
1974-10,Alan Knott,England,273
1974-10,Bevan Congdon,New Zealand,282
1974-10,Brijesh Patel,India,290
1974-10,David Lloyd,England,348
1974-10,Dennis Amiss,England,475
1974-10,Greg Chappell,Australia,444
1974-10,Ian Chappell,Australia,502
1974-10,John Edrich,England,348
1974-10,Keith Fletcher,England,517
1974-10,Ken Wadsworth,New Zealand,318
1974-10,Majid Khan,Pakistan,326
1974-10,Mike Denness,England,294
1974-10,Roy Fredericks,West Indies,300
1974-10,Tony Greig,England,422
1974-10,Zaheer Abbas,Pakistan,298
1974-11,Alan Knott,England,273
1974-11,Bevan Congdon,New Zealand,282
1974-11,Brijesh Patel,India,290
1974-11,David Lloyd,England,348
1974-11,Dennis Amiss,England,475
1974-11,Greg Chappell,Australia,444
1974-11,Ian Chappell,Australia,502
1974-11,John Edrich,England,348
1974-11,Keith Fletcher,England,517
1974-11,Ken Wadsworth,New Zealand,318
1974-11,Majid Khan,Pakistan,326
1974-11,Mike Denness,England,294
1974-11,Roy Fredericks,West Indies,300
1974-11,Tony Greig,England,422
1974-11,Zaheer Abbas,Pakistan,298
1974-12,Alan Knott,England,273
1974-12,Bevan Congdon,New Zealand,282
1974-12,Brijesh Patel,India,290
1974-12,David Lloyd,England,348
1974-12,Dennis Amiss,England,475
1974-12,Greg Chappell,Australia,444
1974-12,Ian Chappell,Australia,502
1974-12,John Edrich,England,348
1974-12,Keith Fletcher,England,517
1974-12,Ken Wadsworth,New Zealand,318
1974-12,Majid Khan,Pakistan,326
1974-12,Mike Denness,England,294
1974-12,Roy Fredericks,West Indies,300
1974-12,Tony Greig,England,422
1974-12,Zaheer Abbas,Pakistan,298
1975-01,Alan Knott,England,289
1975-01,Bevan Congdon,New Zealand,282
1975-01,Brijesh Patel,India,290
1975-01,David Lloyd,England,402
1975-01,Dennis Amiss,England,516
1975-01,Greg Chappell,Australia,494
1975-01,Ian Chappell,Australia,538
1975-01,John Edrich,England,346
1975-01,Keith Fletcher,England,522
1975-01,Ken Wadsworth,New Zealand,318
1975-01,Majid Khan,Pakistan,326
1975-01,Mike Denness,England,298
1975-01,Roy Fredericks,West Indies,300
1975-01,Tony Greig,England,422
1975-01,Zaheer Abbas,Pakistan,298
1975-02,Alan Knott,England,289
1975-02,Bevan Congdon,New Zealand,282
1975-02,Brijesh Patel,India,290
1975-02,David Lloyd,England,402
1975-02,Dennis Amiss,England,516
1975-02,Greg Chappell,Australia,494
1975-02,Ian Chappell,Australia,538
1975-02,John Edrich,England,346
1975-02,Keith Fletcher,England,522
1975-02,Ken Wadsworth,New Zealand,318
1975-02,Majid Khan,Pakistan,326
1975-02,Mike Denness,England,298
1975-02,Roy Fredericks,West Indies,300
1975-02,Tony Greig,England,422
1975-02,Zaheer Abbas,Pakistan,298
1975-03,Alan Knott,England,289
1975-03,Bevan Congdon,New Zealand,282
1975-03,Brijesh Patel,India,290
1975-03,David Lloyd,England,402
1975-03,Dennis Amiss,England,516
1975-03,Greg Chappell,Australia,494
1975-03,Ian Chappell,Australia,538
1975-03,John Edrich,England,346
1975-03,Keith Fletcher,England,522
1975-03,Ken Wadsworth,New Zealand,318
1975-03,Majid Khan,Pakistan,326
1975-03,Mike Denness,England,298
1975-03,Roy Fredericks,West Indies,300
1975-03,Tony Greig,England,422
1975-03,Zaheer Abbas,Pakistan,298
1975-04,Alan Knott,England,286
1975-04,Bevan Congdon,New Zealand,406
1975-04,Brijesh Patel,India,290
1975-04,David Lloyd,England,398
1975-04,Dennis Amiss,England,511
1975-04,Greg Chappell,Australia,494
1975-04,Ian Chappell,Australia,538
1975-04,John Edrich,England,334
1975-04,Keith Fletcher,England,521
1975-04,Ken Wadsworth,New Zealand,310
1975-04,Majid Khan,Pakistan,326
1975-04,Mike Denness,England,298
1975-04,Roy Fredericks,West Indies,300
1975-04,Tony Greig,England,419
1975-04,Zaheer Abbas,Pakistan,298
1975-05,Alan Knott,England,286
1975-05,Bevan Congdon,New Zealand,406
1975-05,Brijesh Patel,India,290
1975-05,David Lloyd,England,398
1975-05,Dennis Amiss,England,511
1975-05,Greg Chappell,Australia,494
1975-05,Ian Chappell,Australia,538
1975-05,John Edrich,England,334
1975-05,Keith Fletcher,England,521
1975-05,Ken Wadsworth,New Zealand,310
1975-05,Majid Khan,Pakistan,326
1975-05,Mike Denness,England,298
1975-05,Roy Fredericks,West Indies,300
1975-05,Tony Greig,England,419
1975-05,Zaheer Abbas,Pakistan,298
1975-06,Alan Knott,England,286
1975-06,Bevan Congdon,New Zealand,406
1975-06,Brijesh Patel,India,290
1975-06,David Lloyd,England,398
1975-06,Dennis Amiss,England,511
1975-06,Greg Chappell,Australia,494
1975-06,Ian Chappell,Australia,538
1975-06,John Edrich,England,334
1975-06,Keith Fletcher,England,521
1975-06,Ken Wadsworth,New Zealand,310
1975-06,Majid Khan,Pakistan,326
1975-06,Mike Denness,England,298
1975-06,Roy Fredericks,West Indies,300
1975-06,Tony Greig,England,419
1975-06,Zaheer Abbas,Pakistan,298
1975-07,Alan Turner,Australia,443
1975-07,Alvin Kallicharran,West Indies,532
1975-07,Bevan Congdon,New Zealand,398
1975-07,Chris Old,England,396
1975-07,Clive Lloyd,West Indies,398
1975-07,David Lloyd,England,390
1975-07,Dennis Amiss,England,645
1975-07,Glenn Turner,New Zealand,553
1975-07,Greg Chappell,Australia,544
1975-07,Ian Chappell,Australia,605
1975-07,Keith Fletcher,England,656
1975-07,Majid Khan,Pakistan,504
1975-07,Ross Edwards,Australia,467
1975-07,Roy Fredericks,West Indies,475
1975-07,Zaheer Abbas,Pakistan,465
1975-08,Alan Turner,Australia,443
1975-08,Alvin Kallicharran,West Indies,532
1975-08,Bevan Congdon,New Zealand,398
1975-08,Chris Old,England,396
1975-08,Clive Lloyd,West Indies,398
1975-08,David Lloyd,England,390
1975-08,Dennis Amiss,England,645
1975-08,Glenn Turner,New Zealand,553
1975-08,Greg Chappell,Australia,544
1975-08,Ian Chappell,Australia,605
1975-08,Keith Fletcher,England,656
1975-08,Majid Khan,Pakistan,504
1975-08,Ross Edwards,Australia,467
1975-08,Roy Fredericks,West Indies,475
1975-08,Zaheer Abbas,Pakistan,465
1975-09,Alan Turner,Australia,443
1975-09,Alvin Kallicharran,West Indies,532
1975-09,Bevan Congdon,New Zealand,398
1975-09,Chris Old,England,396
1975-09,Clive Lloyd,West Indies,398
1975-09,David Lloyd,England,390
1975-09,Dennis Amiss,England,645
1975-09,Glenn Turner,New Zealand,553
1975-09,Greg Chappell,Australia,544
1975-09,Ian Chappell,Australia,605
1975-09,Keith Fletcher,England,656
1975-09,Majid Khan,Pakistan,504
1975-09,Ross Edwards,Australia,467
1975-09,Roy Fredericks,West Indies,475
1975-09,Zaheer Abbas,Pakistan,465
1975-10,Alan Turner,Australia,443
1975-10,Alvin Kallicharran,West Indies,532
1975-10,Bevan Congdon,New Zealand,398
1975-10,Chris Old,England,396
1975-10,Clive Lloyd,West Indies,398
1975-10,David Lloyd,England,390
1975-10,Dennis Amiss,England,645
1975-10,Glenn Turner,New Zealand,553
1975-10,Greg Chappell,Australia,544
1975-10,Ian Chappell,Australia,605
1975-10,Keith Fletcher,England,656
1975-10,Majid Khan,Pakistan,504
1975-10,Ross Edwards,Australia,467
1975-10,Roy Fredericks,West Indies,475
1975-10,Zaheer Abbas,Pakistan,465
1975-11,Alan Turner,Australia,443
1975-11,Alvin Kallicharran,West Indies,532
1975-11,Bevan Congdon,New Zealand,398
1975-11,Chris Old,England,396
1975-11,Clive Lloyd,West Indies,398
1975-11,David Lloyd,England,390
1975-11,Dennis Amiss,England,645
1975-11,Glenn Turner,New Zealand,553
1975-11,Greg Chappell,Australia,544
1975-11,Ian Chappell,Australia,605
1975-11,Keith Fletcher,England,656
1975-11,Majid Khan,Pakistan,504
1975-11,Ross Edwards,Australia,467
1975-11,Roy Fredericks,West Indies,475
1975-11,Zaheer Abbas,Pakistan,465
1975-12,Alan Turner,Australia,443
1975-12,Alvin Kallicharran,West Indies,532
1975-12,Bevan Congdon,New Zealand,398
1975-12,Chris Old,England,396
1975-12,Clive Lloyd,West Indies,398
1975-12,David Lloyd,England,390
1975-12,Dennis Amiss,England,645
1975-12,Glenn Turner,New Zealand,553
1975-12,Greg Chappell,Australia,544
1975-12,Ian Chappell,Australia,605
1975-12,Keith Fletcher,England,656
1975-12,Majid Khan,Pakistan,504
1975-12,Ross Edwards,Australia,467
1975-12,Roy Fredericks,West Indies,475
1975-12,Zaheer Abbas,Pakistan,465
1976-01,Alan Turner,Australia,483
1976-01,Alvin Kallicharran,West Indies,563
1976-01,Bevan Congdon,New Zealand,398
1976-01,Chris Old,England,396
1976-01,Clive Lloyd,West Indies,429
1976-01,David Lloyd,England,390
1976-01,Dennis Amiss,England,645
1976-01,Glenn Turner,New Zealand,553
1976-01,Greg Chappell,Australia,582
1976-01,Ian Chappell,Australia,633
1976-01,Keith Fletcher,England,656
1976-01,Ken Wadsworth,New Zealand,386
1976-01,Majid Khan,Pakistan,504
1976-01,Roy Fredericks,West Indies,492
1976-01,Zaheer Abbas,Pakistan,465
1976-02,Alan Turner,Australia,483
1976-02,Alvin Kallicharran,West Indies,563
1976-02,Bevan Congdon,New Zealand,398
1976-02,Chris Old,England,396
1976-02,Clive Lloyd,West Indies,429
1976-02,David Lloyd,England,390
1976-02,Dennis Amiss,England,645
1976-02,Glenn Turner,New Zealand,553
1976-02,Greg Chappell,Australia,582
1976-02,Ian Chappell,Australia,633
1976-02,Keith Fletcher,England,656
1976-02,Ken Wadsworth,New Zealand,386
1976-02,Majid Khan,Pakistan,504
1976-02,Roy Fredericks,West Indies,492
1976-02,Zaheer Abbas,Pakistan,465
1976-03,Alvin Kallicharran,West Indies,563
1976-03,Bevan Congdon,New Zealand,442
1976-03,Chris Old,England,396
1976-03,Clive Lloyd,West Indies,429
1976-03,David Lloyd,England,390
1976-03,Dennis Amiss,England,645
1976-03,Doug Walters,Australia,384
1976-03,Glenn Turner,New Zealand,605
1976-03,Greg Chappell,Australia,582
1976-03,Ian Chappell,Australia,633
1976-03,Keith Fletcher,England,656
1976-03,Ken Wadsworth,New Zealand,432
1976-03,Majid Khan,Pakistan,504
1976-03,Roy Fredericks,West Indies,492
1976-03,Zaheer Abbas,Pakistan,465
1976-04,Alvin Kallicharran,West Indies,563
1976-04,Bevan Congdon,New Zealand,442
1976-04,Chris Old,England,396
1976-04,Clive Lloyd,West Indies,429
1976-04,David Lloyd,England,390
1976-04,Dennis Amiss,England,645
1976-04,Doug Walters,Australia,384
1976-04,Glenn Turner,New Zealand,605
1976-04,Greg Chappell,Australia,582
1976-04,Ian Chappell,Australia,633
1976-04,Keith Fletcher,England,656
1976-04,Ken Wadsworth,New Zealand,432
1976-04,Majid Khan,Pakistan,504
1976-04,Roy Fredericks,West Indies,492
1976-04,Zaheer Abbas,Pakistan,465
1976-05,Alvin Kallicharran,West Indies,563
1976-05,Bevan Congdon,New Zealand,442
1976-05,Chris Old,England,396
1976-05,Clive Lloyd,West Indies,429
1976-05,David Lloyd,England,390
1976-05,Dennis Amiss,England,645
1976-05,Doug Walters,Australia,384
1976-05,Glenn Turner,New Zealand,605
1976-05,Greg Chappell,Australia,582
1976-05,Ian Chappell,Australia,633
1976-05,Keith Fletcher,England,656
1976-05,Ken Wadsworth,New Zealand,432
1976-05,Majid Khan,Pakistan,504
1976-05,Roy Fredericks,West Indies,492
1976-05,Zaheer Abbas,Pakistan,465
1976-06,Alvin Kallicharran,West Indies,563
1976-06,Bevan Congdon,New Zealand,442
1976-06,Chris Old,England,396
1976-06,Clive Lloyd,West Indies,429
1976-06,David Lloyd,England,390
1976-06,Dennis Amiss,England,645
1976-06,Doug Walters,Australia,384
1976-06,Glenn Turner,New Zealand,605
1976-06,Greg Chappell,Australia,582
1976-06,Ian Chappell,Australia,633
1976-06,Keith Fletcher,England,656
1976-06,Ken Wadsworth,New Zealand,432
1976-06,Majid Khan,Pakistan,504
1976-06,Roy Fredericks,West Indies,492
1976-06,Zaheer Abbas,Pakistan,465
1976-07,Alvin Kallicharran,West Indies,563
1976-07,Bevan Congdon,New Zealand,442
1976-07,Chris Old,England,396
1976-07,Clive Lloyd,West Indies,429
1976-07,David Lloyd,England,390
1976-07,Dennis Amiss,England,645
1976-07,Doug Walters,Australia,384
1976-07,Glenn Turner,New Zealand,605
1976-07,Greg Chappell,Australia,582
1976-07,Ian Chappell,Australia,633
1976-07,Keith Fletcher,England,656
1976-07,Ken Wadsworth,New Zealand,432
1976-07,Majid Khan,Pakistan,504
1976-07,Roy Fredericks,West Indies,492
1976-07,Zaheer Abbas,Pakistan,465
1976-08,Alvin Kallicharran,West Indies,563
1976-08,Bevan Congdon,New Zealand,442
1976-08,Chris Old,England,396
1976-08,Clive Lloyd,West Indies,429
1976-08,David Lloyd,England,390
1976-08,Dennis Amiss,England,645
1976-08,Doug Walters,Australia,384
1976-08,Glenn Turner,New Zealand,605
1976-08,Greg Chappell,Australia,582
1976-08,Ian Chappell,Australia,633
1976-08,Keith Fletcher,England,656
1976-08,Ken Wadsworth,New Zealand,432
1976-08,Majid Khan,Pakistan,504
1976-08,Roy Fredericks,West Indies,492
1976-08,Zaheer Abbas,Pakistan,465
1976-09,Alvin Kallicharran,West Indies,555
1976-09,Bevan Congdon,New Zealand,442
1976-09,Chris Old,England,390
1976-09,Clive Lloyd,West Indies,532
1976-09,David Lloyd,England,384
1976-09,Dennis Amiss,England,654
1976-09,Glenn Turner,New Zealand,605
1976-09,Gordon Greenidge,West Indies,404
1976-09,Greg Chappell,Australia,582
1976-09,Ian Chappell,Australia,633
1976-09,Keith Fletcher,England,646
1976-09,Majid Khan,Pakistan,504
1976-09,Roy Fredericks,West Indies,450
1976-09,Vivian Richards,West Indies,554
1976-09,Zaheer Abbas,Pakistan,465
1976-10,Alvin Kallicharran,West Indies,555
1976-10,Bevan Congdon,New Zealand,442
1976-10,Chris Old,England,390
1976-10,Clive Lloyd,West Indies,532
1976-10,David Lloyd,England,384
1976-10,Dennis Amiss,England,654
1976-10,Glenn Turner,New Zealand,605
1976-10,Gordon Greenidge,West Indies,404
1976-10,Greg Chappell,Australia,582
1976-10,Ian Chappell,Australia,633
1976-10,Keith Fletcher,England,646
1976-10,Majid Khan,Pakistan,504
1976-10,Roy Fredericks,West Indies,450
1976-10,Vivian Richards,West Indies,554
1976-10,Zaheer Abbas,Pakistan,465
1976-11,Alvin Kallicharran,West Indies,555
1976-11,Bevan Congdon,New Zealand,440
1976-11,Chris Old,England,390
1976-11,Clive Lloyd,West Indies,532
1976-11,David Lloyd,England,384
1976-11,Dennis Amiss,England,654
1976-11,Glenn Turner,New Zealand,641
1976-11,Gordon Greenidge,West Indies,404
1976-11,Greg Chappell,Australia,582
1976-11,Ian Chappell,Australia,633
1976-11,Keith Fletcher,England,646
1976-11,Majid Khan,Pakistan,539
1976-11,Roy Fredericks,West Indies,450
1976-11,Vivian Richards,West Indies,554
1976-11,Zaheer Abbas,Pakistan,488
1976-12,Alvin Kallicharran,West Indies,555
1976-12,Bevan Congdon,New Zealand,440
1976-12,Chris Old,England,390
1976-12,Clive Lloyd,West Indies,532
1976-12,David Lloyd,England,384
1976-12,Dennis Amiss,England,654
1976-12,Glenn Turner,New Zealand,641
1976-12,Gordon Greenidge,West Indies,404
1976-12,Greg Chappell,Australia,582
1976-12,Ian Chappell,Australia,633
1976-12,Keith Fletcher,England,646
1976-12,Majid Khan,Pakistan,539
1976-12,Roy Fredericks,West Indies,450
1976-12,Vivian Richards,West Indies,554
1976-12,Zaheer Abbas,Pakistan,488
1977-01,Alvin Kallicharran,West Indies,555
1977-01,Bevan Congdon,New Zealand,440
1977-01,Chris Old,England,390
1977-01,Clive Lloyd,West Indies,532
1977-01,David Lloyd,England,384
1977-01,Dennis Amiss,England,654
1977-01,Glenn Turner,New Zealand,641
1977-01,Gordon Greenidge,West Indies,404
1977-01,Greg Chappell,Australia,582
1977-01,Ian Chappell,Australia,633
1977-01,Keith Fletcher,England,646
1977-01,Majid Khan,Pakistan,539
1977-01,Roy Fredericks,West Indies,450
1977-01,Vivian Richards,West Indies,554
1977-01,Zaheer Abbas,Pakistan,488
1977-02,Alvin Kallicharran,West Indies,555
1977-02,Bevan Congdon,New Zealand,440
1977-02,Chris Old,England,390
1977-02,Clive Lloyd,West Indies,532
1977-02,David Lloyd,England,384
1977-02,Dennis Amiss,England,654
1977-02,Glenn Turner,New Zealand,641
1977-02,Gordon Greenidge,West Indies,404
1977-02,Greg Chappell,Australia,582
1977-02,Ian Chappell,Australia,633
1977-02,Keith Fletcher,England,646
1977-02,Majid Khan,Pakistan,539
1977-02,Roy Fredericks,West Indies,450
1977-02,Vivian Richards,West Indies,554
1977-02,Zaheer Abbas,Pakistan,488
1977-03,Alvin Kallicharran,West Indies,555
1977-03,Bevan Congdon,New Zealand,440
1977-03,Chris Old,England,390
1977-03,Clive Lloyd,West Indies,532
1977-03,David Lloyd,England,384
1977-03,Dennis Amiss,England,654
1977-03,Glenn Turner,New Zealand,641
1977-03,Gordon Greenidge,West Indies,404
1977-03,Greg Chappell,Australia,582
1977-03,Ian Chappell,Australia,633
1977-03,Keith Fletcher,England,646
1977-03,Majid Khan,Pakistan,539
1977-03,Roy Fredericks,West Indies,450
1977-03,Vivian Richards,West Indies,554
1977-03,Zaheer Abbas,Pakistan,488
1977-04,Alvin Kallicharran,West Indies,580
1977-04,Bevan Congdon,New Zealand,440
1977-04,Chris Old,England,390
1977-04,Clive Lloyd,West Indies,578
1977-04,David Lloyd,England,384
1977-04,Dennis Amiss,England,654
1977-04,Glenn Turner,New Zealand,641
1977-04,Gordon Greenidge,West Indies,401
1977-04,Greg Chappell,Australia,582
1977-04,Ian Chappell,Australia,633
1977-04,Keith Fletcher,England,646
1977-04,Majid Khan,Pakistan,564
1977-04,Roy Fredericks,West Indies,488
1977-04,Vivian Richards,West Indies,584
1977-04,Zaheer Abbas,Pakistan,498
1977-05,Alvin Kallicharran,West Indies,580
1977-05,Bevan Congdon,New Zealand,440
1977-05,Chris Old,England,390
1977-05,Clive Lloyd,West Indies,578
1977-05,David Lloyd,England,384
1977-05,Dennis Amiss,England,654
1977-05,Glenn Turner,New Zealand,641
1977-05,Gordon Greenidge,West Indies,401
1977-05,Greg Chappell,Australia,582
1977-05,Ian Chappell,Australia,633
1977-05,Keith Fletcher,England,646
1977-05,Majid Khan,Pakistan,564
1977-05,Roy Fredericks,West Indies,488
1977-05,Vivian Richards,West Indies,584
1977-05,Zaheer Abbas,Pakistan,498
1977-06,Alvin Kallicharran,West Indies,580
1977-06,Bevan Congdon,New Zealand,440
1977-06,Chris Old,England,390
1977-06,Clive Lloyd,West Indies,578
1977-06,David Lloyd,England,384
1977-06,Dennis Amiss,England,654
1977-06,Glenn Turner,New Zealand,641
1977-06,Gordon Greenidge,West Indies,401
1977-06,Greg Chappell,Australia,582
1977-06,Ian Chappell,Australia,633
1977-06,Keith Fletcher,England,646
1977-06,Majid Khan,Pakistan,564
1977-06,Roy Fredericks,West Indies,488
1977-06,Vivian Richards,West Indies,584
1977-06,Zaheer Abbas,Pakistan,498
1977-07,Alvin Kallicharran,West Indies,580
1977-07,Bevan Congdon,New Zealand,440
1977-07,Chris Old,England,442
1977-07,Clive Lloyd,West Indies,578
1977-07,David Lloyd,England,379
1977-07,Dennis Amiss,England,694
1977-07,Derek Randall,England,376
1977-07,Glenn Turner,New Zealand,641
1977-07,Gordon Greenidge,West Indies,401
1977-07,Greg Chappell,Australia,677
1977-07,Ian Chappell,Australia,624
1977-07,Keith Fletcher,England,637
1977-07,Majid Khan,Pakistan,564
1977-07,Vivian Richards,West Indies,584
1977-07,Zaheer Abbas,Pakistan,498
1977-08,Alvin Kallicharran,West Indies,580
1977-08,Bevan Congdon,New Zealand,440
1977-08,Chris Old,England,442
1977-08,Clive Lloyd,West Indies,578
1977-08,David Lloyd,England,379
1977-08,Dennis Amiss,England,694
1977-08,Derek Randall,England,376
1977-08,Glenn Turner,New Zealand,641
1977-08,Gordon Greenidge,West Indies,401
1977-08,Greg Chappell,Australia,677
1977-08,Ian Chappell,Australia,624
1977-08,Keith Fletcher,England,637
1977-08,Majid Khan,Pakistan,564
1977-08,Vivian Richards,West Indies,584
1977-08,Zaheer Abbas,Pakistan,498
1977-09,Alvin Kallicharran,West Indies,580
1977-09,Bevan Congdon,New Zealand,440
1977-09,Chris Old,England,442
1977-09,Clive Lloyd,West Indies,578
1977-09,David Lloyd,England,379
1977-09,Dennis Amiss,England,694
1977-09,Derek Randall,England,376
1977-09,Glenn Turner,New Zealand,641
1977-09,Gordon Greenidge,West Indies,401
1977-09,Greg Chappell,Australia,677
1977-09,Ian Chappell,Australia,624
1977-09,Keith Fletcher,England,637
1977-09,Majid Khan,Pakistan,564
1977-09,Vivian Richards,West Indies,584
1977-09,Zaheer Abbas,Pakistan,498
1977-10,Alvin Kallicharran,West Indies,580
1977-10,Bevan Congdon,New Zealand,440
1977-10,Chris Old,England,442
1977-10,Clive Lloyd,West Indies,578
1977-10,David Lloyd,England,379
1977-10,Dennis Amiss,England,694
1977-10,Derek Randall,England,376
1977-10,Glenn Turner,New Zealand,641
1977-10,Gordon Greenidge,West Indies,401
1977-10,Greg Chappell,Australia,677
1977-10,Ian Chappell,Australia,624
1977-10,Keith Fletcher,England,637
1977-10,Majid Khan,Pakistan,564
1977-10,Vivian Richards,West Indies,584
1977-10,Zaheer Abbas,Pakistan,498
1977-11,Alvin Kallicharran,West Indies,580
1977-11,Bevan Congdon,New Zealand,440
1977-11,Chris Old,England,442
1977-11,Clive Lloyd,West Indies,578
1977-11,David Lloyd,England,379
1977-11,Dennis Amiss,England,694
1977-11,Derek Randall,England,376
1977-11,Glenn Turner,New Zealand,641
1977-11,Gordon Greenidge,West Indies,401
1977-11,Greg Chappell,Australia,677
1977-11,Ian Chappell,Australia,624
1977-11,Keith Fletcher,England,637
1977-11,Majid Khan,Pakistan,564
1977-11,Vivian Richards,West Indies,584
1977-11,Zaheer Abbas,Pakistan,498
1977-12,Alvin Kallicharran,West Indies,580
1977-12,Bevan Congdon,New Zealand,440
1977-12,Chris Old,England,442
1977-12,Clive Lloyd,West Indies,578
1977-12,David Lloyd,England,379
1977-12,Dennis Amiss,England,694
1977-12,Derek Randall,England,376
1977-12,Glenn Turner,New Zealand,641
1977-12,Gordon Greenidge,West Indies,401
1977-12,Greg Chappell,Australia,677
1977-12,Ian Chappell,Australia,624
1977-12,Keith Fletcher,England,637
1977-12,Majid Khan,Pakistan,564
1977-12,Vivian Richards,West Indies,584
1977-12,Zaheer Abbas,Pakistan,498
1978-01,Alvin Kallicharran,West Indies,580
1978-01,Bevan Congdon,New Zealand,440
1978-01,Chris Old,England,427
1978-01,Clive Lloyd,West Indies,578
1978-01,David Lloyd,England,375
1978-01,Derek Randall,England,474
1978-01,Glenn Turner,New Zealand,641
1978-01,Gordon Greenidge,West Indies,401
1978-01,Greg Chappell,Australia,677
1978-01,Ian Chappell,Australia,624
1978-01,Javed Miandad,Pakistan,394
1978-01,Keith Fletcher,England,630
1978-01,Majid Khan,Pakistan,558
1978-01,Vivian Richards,West Indies,584
1978-01,Zaheer Abbas,Pakistan,493
1978-02,Alvin Kallicharran,West Indies,580
1978-02,Bevan Congdon,New Zealand,440
1978-02,Chris Old,England,417
1978-02,Clive Lloyd,West Indies,578
1978-02,David Lloyd,England,373
1978-02,Derek Randall,England,503
1978-02,Glenn Turner,New Zealand,641
1978-02,Gordon Greenidge,West Indies,401
1978-02,Greg Chappell,Australia,677
1978-02,Ian Chappell,Australia,624
1978-02,Javed Miandad,Pakistan,429
1978-02,Keith Fletcher,England,627
1978-02,Majid Khan,Pakistan,556
1978-02,Vivian Richards,West Indies,584
1978-02,Zaheer Abbas,Pakistan,491
1978-03,Alvin Kallicharran,West Indies,578
1978-03,Bevan Congdon,New Zealand,440
1978-03,Chris Old,England,417
1978-03,Clive Lloyd,West Indies,575
1978-03,David Lloyd,England,373
1978-03,Derek Randall,England,503
1978-03,Glenn Turner,New Zealand,641
1978-03,Gordon Greenidge,West Indies,399
1978-03,Greg Chappell,Australia,674
1978-03,Ian Chappell,Australia,620
1978-03,Javed Miandad,Pakistan,429
1978-03,Keith Fletcher,England,627
1978-03,Majid Khan,Pakistan,556
1978-03,Vivian Richards,West Indies,589
1978-03,Zaheer Abbas,Pakistan,491
1978-04,Alvin Kallicharran,West Indies,578
1978-04,Bevan Congdon,New Zealand,440
1978-04,Chris Old,England,417
1978-04,Clive Lloyd,West Indies,575
1978-04,David Lloyd,England,373
1978-04,Derek Randall,England,503
1978-04,Glenn Turner,New Zealand,641
1978-04,Gordon Greenidge,West Indies,399
1978-04,Greg Chappell,Australia,674
1978-04,Ian Chappell,Australia,620
1978-04,Javed Miandad,Pakistan,429
1978-04,Keith Fletcher,England,627
1978-04,Majid Khan,Pakistan,556
1978-04,Vivian Richards,West Indies,589
1978-04,Zaheer Abbas,Pakistan,491
1978-05,Alvin Kallicharran,West Indies,581
1978-05,Bevan Congdon,New Zealand,440
1978-05,Chris Old,England,417
1978-05,Clive Lloyd,West Indies,572
1978-05,David Lloyd,England,373
1978-05,Derek Randall,England,503
1978-05,Glenn Turner,New Zealand,641
1978-05,Gordon Greenidge,West Indies,397
1978-05,Greg Chappell,Australia,670
1978-05,Ian Chappell,Australia,617
1978-05,Javed Miandad,Pakistan,429
1978-05,Keith Fletcher,England,627
1978-05,Majid Khan,Pakistan,556
1978-05,Vivian Richards,West Indies,586
1978-05,Zaheer Abbas,Pakistan,491
1978-06,Alvin Kallicharran,West Indies,581
1978-06,Bevan Congdon,New Zealand,440
1978-06,Chris Old,England,442
1978-06,Clive Lloyd,West Indies,572
1978-06,David Lloyd,England,407
1978-06,Derek Randall,England,498
1978-06,Glenn Turner,New Zealand,641
1978-06,Gordon Greenidge,West Indies,397
1978-06,Greg Chappell,Australia,670
1978-06,Ian Chappell,Australia,617
1978-06,Keith Fletcher,England,621
1978-06,Majid Khan,Pakistan,550
1978-06,Vivian Richards,West Indies,586
1978-06,Wasim Raja,Pakistan,403
1978-06,Zaheer Abbas,Pakistan,486
1978-07,Alvin Kallicharran,West Indies,581
1978-07,Bevan Congdon,New Zealand,440
1978-07,Chris Old,England,442
1978-07,Clive Lloyd,West Indies,572
1978-07,David Lloyd,England,407
1978-07,Derek Randall,England,498
1978-07,Glenn Turner,New Zealand,641
1978-07,Gordon Greenidge,West Indies,397
1978-07,Greg Chappell,Australia,670
1978-07,Ian Chappell,Australia,617
1978-07,Keith Fletcher,England,621
1978-07,Majid Khan,Pakistan,550
1978-07,Vivian Richards,West Indies,586
1978-07,Wasim Raja,Pakistan,403
1978-07,Zaheer Abbas,Pakistan,486
1978-08,Alvin Kallicharran,West Indies,581
1978-08,Bevan Congdon,New Zealand,500
1978-08,Chris Old,England,438
1978-08,Clive Lloyd,West Indies,572
1978-08,Clive Radley,England,415
1978-08,David Gower,England,412
1978-08,Derek Randall,England,541
1978-08,Glenn Turner,New Zealand,635
1978-08,Greg Chappell,Australia,670
1978-08,Ian Chappell,Australia,617
1978-08,Keith Fletcher,England,615
1978-08,Lance Cairns,New Zealand,405
1978-08,Majid Khan,Pakistan,550
1978-08,Vivian Richards,West Indies,586
1978-08,Zaheer Abbas,Pakistan,486
1978-09,Alvin Kallicharran,West Indies,581
1978-09,Bevan Congdon,New Zealand,500
1978-09,Chris Old,England,438
1978-09,Clive Lloyd,West Indies,572
1978-09,Clive Radley,England,415
1978-09,David Gower,England,412
1978-09,Derek Randall,England,541
1978-09,Glenn Turner,New Zealand,635
1978-09,Greg Chappell,Australia,670
1978-09,Ian Chappell,Australia,617
1978-09,Keith Fletcher,England,615
1978-09,Lance Cairns,New Zealand,405
1978-09,Majid Khan,Pakistan,550
1978-09,Vivian Richards,West Indies,586
1978-09,Zaheer Abbas,Pakistan,486
1978-10,Alvin Kallicharran,West Indies,581
1978-10,Chris Old,England,438
1978-10,Clive Lloyd,West Indies,572
1978-10,David Gower,England,412
1978-10,David Lloyd,England,403
1978-10,Derek Randall,England,541
1978-10,Glenn Turner,New Zealand,635
1978-10,Greg Chappell,Australia,670
1978-10,Ian Chappell,Australia,617
1978-10,Keith Fletcher,England,615
1978-10,Lance Cairns,New Zealand,405
1978-10,Majid Khan,Pakistan,586
1978-10,Vivian Richards,West Indies,586
1978-10,Wasim Raja,Pakistan,401
1978-10,Zaheer Abbas,Pakistan,500
1978-11,Alvin Kallicharran,West Indies,581
1978-11,Chris Old,England,438
1978-11,Clive Lloyd,West Indies,572
1978-11,David Gower,England,412
1978-11,David Lloyd,England,403
1978-11,Derek Randall,England,541
1978-11,Glenn Turner,New Zealand,635
1978-11,Greg Chappell,Australia,670
1978-11,Ian Chappell,Australia,617
1978-11,Keith Fletcher,England,615
1978-11,Lance Cairns,New Zealand,405
1978-11,Majid Khan,Pakistan,583
1978-11,Vivian Richards,West Indies,586
1978-11,Wasim Raja,Pakistan,401
1978-11,Zaheer Abbas,Pakistan,562
1978-12,Alvin Kallicharran,West Indies,581
1978-12,Chris Old,England,438
1978-12,Clive Lloyd,West Indies,572
1978-12,David Gower,England,412
1978-12,David Lloyd,England,403
1978-12,Derek Randall,England,541
1978-12,Glenn Turner,New Zealand,635
1978-12,Greg Chappell,Australia,670
1978-12,Ian Chappell,Australia,617
1978-12,Keith Fletcher,England,615
1978-12,Lance Cairns,New Zealand,405
1978-12,Majid Khan,Pakistan,605
1978-12,Vivian Richards,West Indies,586
1978-12,Wasim Raja,Pakistan,399
1978-12,Zaheer Abbas,Pakistan,570
1979-01,Alvin Kallicharran,West Indies,581
1979-01,Chris Old,England,438
1979-01,Clive Lloyd,West Indies,572
1979-01,David Gower,England,412
1979-01,David Lloyd,England,403
1979-01,Derek Randall,England,541
1979-01,Glenn Turner,New Zealand,635
1979-01,Greg Chappell,Australia,670
1979-01,Ian Chappell,Australia,617
1979-01,Keith Fletcher,England,615
1979-01,Lance Cairns,New Zealand,405
1979-01,Majid Khan,Pakistan,605
1979-01,Vivian Richards,West Indies,586
1979-01,Wasim Raja,Pakistan,399
1979-01,Zaheer Abbas,Pakistan,570
1979-02,Alvin Kallicharran,West Indies,581
1979-02,Chris Old,England,436
1979-02,Clive Lloyd,West Indies,572
1979-02,David Gower,England,466
1979-02,David Lloyd,England,399
1979-02,Derek Randall,England,541
1979-02,Glenn Turner,New Zealand,635
1979-02,Greg Chappell,Australia,664
1979-02,Ian Chappell,Australia,611
1979-02,Keith Fletcher,England,608
1979-02,Lance Cairns,New Zealand,405
1979-02,Majid Khan,Pakistan,605
1979-02,Vivian Richards,West Indies,586
1979-02,Wasim Raja,Pakistan,399
1979-02,Zaheer Abbas,Pakistan,570
1979-03,Alvin Kallicharran,West Indies,581
1979-03,Chris Old,England,445
1979-03,Clive Lloyd,West Indies,572
1979-03,David Gower,England,541
1979-03,Derek Randall,England,481
1979-03,Glenn Turner,New Zealand,635
1979-03,Greg Chappell,Australia,657
1979-03,Ian Chappell,Australia,605
1979-03,Keith Fletcher,England,602
1979-03,Lance Cairns,New Zealand,405
1979-03,Majid Khan,Pakistan,605
1979-03,Mike Brearley,England,399
1979-03,Vivian Richards,West Indies,586
1979-03,Wasim Raja,Pakistan,399
1979-03,Zaheer Abbas,Pakistan,570
1979-04,Alvin Kallicharran,West Indies,581
1979-04,Chris Old,England,445
1979-04,Clive Lloyd,West Indies,572
1979-04,David Gower,England,541
1979-04,Derek Randall,England,481
1979-04,Glenn Turner,New Zealand,635
1979-04,Greg Chappell,Australia,657
1979-04,Ian Chappell,Australia,605
1979-04,Keith Fletcher,England,602
1979-04,Lance Cairns,New Zealand,405
1979-04,Majid Khan,Pakistan,605
1979-04,Mike Brearley,England,399
1979-04,Vivian Richards,West Indies,586
1979-04,Wasim Raja,Pakistan,399
1979-04,Zaheer Abbas,Pakistan,570
1979-05,Alvin Kallicharran,West Indies,581
1979-05,Chris Old,England,445
1979-05,Clive Lloyd,West Indies,572
1979-05,David Gower,England,541
1979-05,Derek Randall,England,481
1979-05,Glenn Turner,New Zealand,635
1979-05,Greg Chappell,Australia,657
1979-05,Ian Chappell,Australia,605
1979-05,Keith Fletcher,England,602
1979-05,Lance Cairns,New Zealand,405
1979-05,Majid Khan,Pakistan,605
1979-05,Mike Brearley,England,399
1979-05,Vivian Richards,West Indies,586
1979-05,Wasim Raja,Pakistan,399
1979-05,Zaheer Abbas,Pakistan,570
1979-06,Alvin Kallicharran,West Indies,581
1979-06,Chris Old,England,445
1979-06,Clive Lloyd,West Indies,572
1979-06,David Gower,England,541
1979-06,Derek Randall,England,481
1979-06,Glenn Turner,New Zealand,635
1979-06,Greg Chappell,Australia,657
1979-06,Ian Chappell,Australia,605
1979-06,Keith Fletcher,England,602
1979-06,Lance Cairns,New Zealand,405
1979-06,Majid Khan,Pakistan,605
1979-06,Mike Brearley,England,399
1979-06,Vivian Richards,West Indies,586
1979-06,Wasim Raja,Pakistan,399
1979-06,Zaheer Abbas,Pakistan,570
1979-07,Alvin Kallicharran,West Indies,555
1979-07,Clive Lloyd,West Indies,638
1979-07,David Gower,England,634
1979-07,Derek Randall,England,470
1979-07,Geoff Howarth,New Zealand,456
1979-07,Glenn Turner,New Zealand,687
1979-07,Gordon Greenidge,West Indies,613
1979-07,Graham Gooch,England,607
1979-07,Greg Chappell,Australia,647
1979-07,Ian Chappell,Australia,596
1979-07,Keith Fletcher,England,588
1979-07,Majid Khan,Pakistan,632
1979-07,Mike Brearley,England,481
1979-07,Vivian Richards,West Indies,676
1979-07,Zaheer Abbas,Pakistan,604
1979-08,Alvin Kallicharran,West Indies,555
1979-08,Clive Lloyd,West Indies,638
1979-08,David Gower,England,634
1979-08,Derek Randall,England,470
1979-08,Geoff Howarth,New Zealand,456
1979-08,Glenn Turner,New Zealand,687
1979-08,Gordon Greenidge,West Indies,613
1979-08,Graham Gooch,England,607
1979-08,Greg Chappell,Australia,647
1979-08,Ian Chappell,Australia,596
1979-08,Keith Fletcher,England,588
1979-08,Majid Khan,Pakistan,632
1979-08,Mike Brearley,England,481
1979-08,Vivian Richards,West Indies,676
1979-08,Zaheer Abbas,Pakistan,604
1979-09,Alvin Kallicharran,West Indies,555
1979-09,Clive Lloyd,West Indies,638
1979-09,David Gower,England,634
1979-09,Derek Randall,England,470
1979-09,Geoff Howarth,New Zealand,456
1979-09,Glenn Turner,New Zealand,687
1979-09,Gordon Greenidge,West Indies,613
1979-09,Graham Gooch,England,607
1979-09,Greg Chappell,Australia,647
1979-09,Ian Chappell,Australia,596
1979-09,Keith Fletcher,England,588
1979-09,Majid Khan,Pakistan,632
1979-09,Mike Brearley,England,481
1979-09,Vivian Richards,West Indies,676
1979-09,Zaheer Abbas,Pakistan,604
1979-10,Alvin Kallicharran,West Indies,555
1979-10,Clive Lloyd,West Indies,638
1979-10,David Gower,England,634
1979-10,Derek Randall,England,470
1979-10,Geoff Howarth,New Zealand,456
1979-10,Glenn Turner,New Zealand,687
1979-10,Gordon Greenidge,West Indies,613
1979-10,Graham Gooch,England,607
1979-10,Greg Chappell,Australia,647
1979-10,Ian Chappell,Australia,596
1979-10,Keith Fletcher,England,588
1979-10,Majid Khan,Pakistan,632
1979-10,Mike Brearley,England,481
1979-10,Vivian Richards,West Indies,676
1979-10,Zaheer Abbas,Pakistan,604
1979-11,Alvin Kallicharran,West Indies,555
1979-11,Clive Lloyd,West Indies,638
1979-11,David Gower,England,634
1979-11,Derek Randall,England,470
1979-11,Geoff Howarth,New Zealand,456
1979-11,Glenn Turner,New Zealand,687
1979-11,Gordon Greenidge,West Indies,613
1979-11,Graham Gooch,England,607
1979-11,Greg Chappell,Australia,647
1979-11,Ian Chappell,Australia,596
1979-11,Keith Fletcher,England,588
1979-11,Majid Khan,Pakistan,632
1979-11,Mike Brearley,England,481
1979-11,Vivian Richards,West Indies,676
1979-11,Zaheer Abbas,Pakistan,604
1979-12,Alvin Kallicharran,West Indies,590
1979-12,Clive Lloyd,West Indies,619
1979-12,David Gower,England,647
1979-12,Derek Randall,England,507
1979-12,Geoff Howarth,New Zealand,456
1979-12,Glenn Turner,New Zealand,687
1979-12,Gordon Greenidge,West Indies,608
1979-12,Graham Gooch,England,589
1979-12,Greg Chappell,Australia,688
1979-12,Ian Chappell,Australia,593
1979-12,Keith Fletcher,England,585
1979-12,Majid Khan,Pakistan,632
1979-12,Mike Brearley,England,485
1979-12,Vivian Richards,West Indies,671
1979-12,Zaheer Abbas,Pakistan,604
1980-01,Alvin Kallicharran,West Indies,597
1980-01,Clive Lloyd,West Indies,601
1980-01,David Gower,England,642
1980-01,Desmond Haynes,West Indies,552
1980-01,Geoff Boycott,England,578
1980-01,Glenn Turner,New Zealand,687
1980-01,Gordon Greenidge,West Indies,655
1980-01,Graham Gooch,England,558
1980-01,Greg Chappell,Australia,733
1980-01,Ian Chappell,Australia,676
1980-01,Keith Fletcher,England,573
1980-01,Majid Khan,Pakistan,632
1980-01,Peter Willey,England,513
1980-01,Vivian Richards,West Indies,729
1980-01,Zaheer Abbas,Pakistan,604
1980-02,Alvin Kallicharran,West Indies,698
1980-02,Clive Lloyd,West Indies,609
1980-02,David Gower,England,622
1980-02,Desmond Haynes,West Indies,486
1980-02,Geoff Boycott,England,631
1980-02,Glenn Turner,New Zealand,687
1980-02,Gordon Greenidge,West Indies,733
1980-02,Graham Gooch,England,605
1980-02,Greg Chappell,Australia,740
1980-02,Keith Fletcher,England,562
1980-02,Majid Khan,Pakistan,632
1980-02,Mike Brearley,England,478
1980-02,Peter Willey,England,521
1980-02,Vivian Richards,West Indies,754
1980-02,Zaheer Abbas,Pakistan,604
1980-03,Alvin Kallicharran,West Indies,685
1980-03,Clive Lloyd,West Indies,602
1980-03,David Gower,England,622
1980-03,Derek Randall,England,477
1980-03,Desmond Haynes,West Indies,488
1980-03,Geoff Boycott,England,631
1980-03,Glenn Turner,New Zealand,684
1980-03,Gordon Greenidge,West Indies,759
1980-03,Graham Gooch,England,605
1980-03,Greg Chappell,Australia,740
1980-03,Keith Fletcher,England,562
1980-03,Majid Khan,Pakistan,632
1980-03,Peter Willey,England,521
1980-03,Vivian Richards,West Indies,750
1980-03,Zaheer Abbas,Pakistan,604
1980-04,Alvin Kallicharran,West Indies,685
1980-04,Clive Lloyd,West Indies,602
1980-04,David Gower,England,622
1980-04,Derek Randall,England,477
1980-04,Desmond Haynes,West Indies,488
1980-04,Geoff Boycott,England,631
1980-04,Glenn Turner,New Zealand,684
1980-04,Gordon Greenidge,West Indies,759
1980-04,Graham Gooch,England,605
1980-04,Greg Chappell,Australia,740
1980-04,Keith Fletcher,England,562
1980-04,Majid Khan,Pakistan,632
1980-04,Peter Willey,England,521
1980-04,Vivian Richards,West Indies,750
1980-04,Zaheer Abbas,Pakistan,604
1980-05,Alvin Kallicharran,West Indies,685
1980-05,Clive Lloyd,West Indies,602
1980-05,David Gower,England,622
1980-05,Derek Randall,England,477
1980-05,Desmond Haynes,West Indies,488
1980-05,Geoff Boycott,England,631
1980-05,Glenn Turner,New Zealand,684
1980-05,Gordon Greenidge,West Indies,759
1980-05,Graham Gooch,England,605
1980-05,Greg Chappell,Australia,740
1980-05,Keith Fletcher,England,562
1980-05,Majid Khan,Pakistan,632
1980-05,Peter Willey,England,521
1980-05,Vivian Richards,West Indies,750
1980-05,Zaheer Abbas,Pakistan,604
1980-06,Alvin Kallicharran,West Indies,666
1980-06,Clive Lloyd,West Indies,607
1980-06,David Gower,England,610
1980-06,Desmond Haynes,West Indies,515
1980-06,Geoff Boycott,England,665
1980-06,Glenn Turner,New Zealand,684
1980-06,Gordon Greenidge,West Indies,782
1980-06,Graham Gooch,England,584
1980-06,Greg Chappell,Australia,740
1980-06,Keith Fletcher,England,556
1980-06,Majid Khan,Pakistan,632
1980-06,Peter Willey,England,547
1980-06,Sir Ian Botham,England,512
1980-06,Vivian Richards,West Indies,754
1980-06,Zaheer Abbas,Pakistan,604
1980-07,Alvin Kallicharran,West Indies,666
1980-07,Clive Lloyd,West Indies,607
1980-07,David Gower,England,610
1980-07,Desmond Haynes,West Indies,515
1980-07,Geoff Boycott,England,665
1980-07,Glenn Turner,New Zealand,684
1980-07,Gordon Greenidge,West Indies,782
1980-07,Graham Gooch,England,584
1980-07,Greg Chappell,Australia,740
1980-07,Keith Fletcher,England,556
1980-07,Majid Khan,Pakistan,632
1980-07,Peter Willey,England,547
1980-07,Sir Ian Botham,England,512
1980-07,Vivian Richards,West Indies,754
1980-07,Zaheer Abbas,Pakistan,604
1980-08,Alvin Kallicharran,West Indies,666
1980-08,Clive Lloyd,West Indies,607
1980-08,David Gower,England,610
1980-08,Desmond Haynes,West Indies,515
1980-08,Geoff Boycott,England,665
1980-08,Glenn Turner,New Zealand,684
1980-08,Gordon Greenidge,West Indies,782
1980-08,Graham Gooch,England,584
1980-08,Greg Chappell,Australia,740
1980-08,Keith Fletcher,England,556
1980-08,Majid Khan,Pakistan,632
1980-08,Peter Willey,England,547
1980-08,Sir Ian Botham,England,512
1980-08,Vivian Richards,West Indies,754
1980-08,Zaheer Abbas,Pakistan,604
1980-09,Alvin Kallicharran,West Indies,666
1980-09,Clive Lloyd,West Indies,607
1980-09,David Gower,England,604
1980-09,Desmond Haynes,West Indies,515
1980-09,Geoff Boycott,England,742
1980-09,Glenn Turner,New Zealand,684
1980-09,Gordon Greenidge,West Indies,782
1980-09,Graham Gooch,England,681
1980-09,Greg Chappell,Australia,745
1980-09,Keith Fletcher,England,550
1980-09,Kim Hughes,Australia,523
1980-09,Majid Khan,Pakistan,632
1980-09,Peter Willey,England,519
1980-09,Vivian Richards,West Indies,754
1980-09,Zaheer Abbas,Pakistan,604
1980-10,Alvin Kallicharran,West Indies,666
1980-10,Clive Lloyd,West Indies,607
1980-10,David Gower,England,604
1980-10,Desmond Haynes,West Indies,515
1980-10,Geoff Boycott,England,742
1980-10,Glenn Turner,New Zealand,684
1980-10,Gordon Greenidge,West Indies,782
1980-10,Graham Gooch,England,681
1980-10,Greg Chappell,Australia,745
1980-10,Keith Fletcher,England,550
1980-10,Kim Hughes,Australia,523
1980-10,Majid Khan,Pakistan,632
1980-10,Peter Willey,England,519
1980-10,Vivian Richards,West Indies,754
1980-10,Zaheer Abbas,Pakistan,604
1980-11,Alvin Kallicharran,West Indies,666
1980-11,Clive Lloyd,West Indies,607
1980-11,David Gower,England,604
1980-11,Desmond Haynes,West Indies,515
1980-11,Geoff Boycott,England,742
1980-11,Glenn Turner,New Zealand,684
1980-11,Gordon Greenidge,West Indies,782
1980-11,Graham Gooch,England,681
1980-11,Greg Chappell,Australia,745
1980-11,Keith Fletcher,England,550
1980-11,Kim Hughes,Australia,523
1980-11,Majid Khan,Pakistan,632
1980-11,Peter Willey,England,519
1980-11,Vivian Richards,West Indies,754
1980-11,Zaheer Abbas,Pakistan,604
1980-12,Alvin Kallicharran,West Indies,655
1980-12,Clive Lloyd,West Indies,598
1980-12,David Gower,England,604
1980-12,Geoff Boycott,England,742
1980-12,Geoff Howarth,New Zealand,507
1980-12,Glenn Turner,New Zealand,677
1980-12,Gordon Greenidge,West Indies,791
1980-12,Graham Gooch,England,681
1980-12,Greg Chappell,Australia,789
1980-12,Keith Fletcher,England,550
1980-12,Kim Hughes,Australia,518
1980-12,Majid Khan,Pakistan,626
1980-12,Peter Willey,England,519
1980-12,Vivian Richards,West Indies,764
1980-12,Zaheer Abbas,Pakistan,601
1981-01,Alvin Kallicharran,West Indies,673
1981-01,Clive Lloyd,West Indies,595
1981-01,David Gower,England,604
1981-01,Geoff Boycott,England,742
1981-01,Glenn Turner,New Zealand,663
1981-01,Gordon Greenidge,West Indies,783
1981-01,Graham Gooch,England,681
1981-01,Greg Chappell,Australia,817
1981-01,John Wright,New Zealand,564
1981-01,Keith Fletcher,England,550
1981-01,Kim Hughes,Australia,531
1981-01,Majid Khan,Pakistan,628
1981-01,Peter Willey,England,519
1981-01,Vivian Richards,West Indies,780
1981-01,Zaheer Abbas,Pakistan,669
1981-02,Allan Border,Australia,570
1981-02,Alvin Kallicharran,West Indies,673
1981-02,Bruce Edgar,New Zealand,617
1981-02,Clive Lloyd,West Indies,595
1981-02,David Gower,England,604
1981-02,Geoff Boycott,England,742
1981-02,Glenn Turner,New Zealand,640
1981-02,Gordon Greenidge,West Indies,783
1981-02,Graham Gooch,England,681
1981-02,Greg Chappell,Australia,902
1981-02,John Wright,New Zealand,672
1981-02,Keith Fletcher,England,550
1981-02,Majid Khan,Pakistan,628
1981-02,Vivian Richards,West Indies,780
1981-02,Zaheer Abbas,Pakistan,669
1981-03,Allan Border,Australia,568
1981-03,Bruce Edgar,New Zealand,664
1981-03,Clive Lloyd,West Indies,600
1981-03,David Gower,England,600
1981-03,Desmond Haynes,West Indies,555
1981-03,Geoff Boycott,England,720
1981-03,Glenn Turner,New Zealand,631
1981-03,Gordon Greenidge,West Indies,778
1981-03,Graham Gooch,England,675
1981-03,Greg Chappell,Australia,921
1981-03,John Wright,New Zealand,689
1981-03,Majid Khan,Pakistan,628
1981-03,Sir Ian Botham,England,584
1981-03,Vivian Richards,West Indies,776
1981-03,Zaheer Abbas,Pakistan,669
1981-04,Allan Border,Australia,568
1981-04,Bruce Edgar,New Zealand,664
1981-04,Clive Lloyd,West Indies,600
1981-04,David Gower,England,600
1981-04,Desmond Haynes,West Indies,555
1981-04,Geoff Boycott,England,720
1981-04,Glenn Turner,New Zealand,631
1981-04,Gordon Greenidge,West Indies,778
1981-04,Graham Gooch,England,675
1981-04,Greg Chappell,Australia,921
1981-04,John Wright,New Zealand,689
1981-04,Majid Khan,Pakistan,628
1981-04,Sir Ian Botham,England,584
1981-04,Vivian Richards,West Indies,776
1981-04,Zaheer Abbas,Pakistan,669
1981-05,Allan Border,Australia,568
1981-05,Bruce Edgar,New Zealand,664
1981-05,Clive Lloyd,West Indies,600
1981-05,David Gower,England,600
1981-05,Desmond Haynes,West Indies,555
1981-05,Geoff Boycott,England,720
1981-05,Glenn Turner,New Zealand,631
1981-05,Gordon Greenidge,West Indies,778
1981-05,Graham Gooch,England,675
1981-05,Greg Chappell,Australia,921
1981-05,John Wright,New Zealand,689
1981-05,Majid Khan,Pakistan,628
1981-05,Sir Ian Botham,England,584
1981-05,Vivian Richards,West Indies,776
1981-05,Zaheer Abbas,Pakistan,669
1981-06,Allan Border,Australia,568
1981-06,Bruce Edgar,New Zealand,664
1981-06,Clive Lloyd,West Indies,600
1981-06,David Gower,England,600
1981-06,Desmond Haynes,West Indies,555
1981-06,Geoff Boycott,England,720
1981-06,Glenn Turner,New Zealand,631
1981-06,Gordon Greenidge,West Indies,778
1981-06,Graham Gooch,England,675
1981-06,Greg Chappell,Australia,921
1981-06,John Wright,New Zealand,689
1981-06,Majid Khan,Pakistan,628
1981-06,Sir Ian Botham,England,584
1981-06,Vivian Richards,West Indies,776
1981-06,Zaheer Abbas,Pakistan,669
1981-07,Allan Border,Australia,604
1981-07,Bruce Edgar,New Zealand,664
1981-07,Clive Lloyd,West Indies,600
1981-07,David Gower,England,601
1981-07,Geoff Boycott,England,736
1981-07,Glenn Turner,New Zealand,631
1981-07,Gordon Greenidge,West Indies,778
1981-07,Graeme Wood,Australia,648
1981-07,Graham Gooch,England,698
1981-07,Greg Chappell,Australia,907
1981-07,John Wright,New Zealand,689
1981-07,Majid Khan,Pakistan,628
1981-07,Sir Ian Botham,England,595
1981-07,Vivian Richards,West Indies,776
1981-07,Zaheer Abbas,Pakistan,669
1981-08,Allan Border,Australia,604
1981-08,Bruce Edgar,New Zealand,664
1981-08,Clive Lloyd,West Indies,600
1981-08,David Gower,England,601
1981-08,Geoff Boycott,England,736
1981-08,Glenn Turner,New Zealand,631
1981-08,Gordon Greenidge,West Indies,778
1981-08,Graeme Wood,Australia,648
1981-08,Graham Gooch,England,698
1981-08,Greg Chappell,Australia,907
1981-08,John Wright,New Zealand,689
1981-08,Majid Khan,Pakistan,628
1981-08,Sir Ian Botham,England,595
1981-08,Vivian Richards,West Indies,776
1981-08,Zaheer Abbas,Pakistan,669
1981-09,Allan Border,Australia,604
1981-09,Bruce Edgar,New Zealand,664
1981-09,Clive Lloyd,West Indies,600
1981-09,David Gower,England,601
1981-09,Geoff Boycott,England,736
1981-09,Glenn Turner,New Zealand,631
1981-09,Gordon Greenidge,West Indies,778
1981-09,Graeme Wood,Australia,648
1981-09,Graham Gooch,England,698
1981-09,Greg Chappell,Australia,907
1981-09,John Wright,New Zealand,689
1981-09,Majid Khan,Pakistan,628
1981-09,Sir Ian Botham,England,595
1981-09,Vivian Richards,West Indies,776
1981-09,Zaheer Abbas,Pakistan,669
1981-10,Allan Border,Australia,604
1981-10,Bruce Edgar,New Zealand,664
1981-10,Clive Lloyd,West Indies,600
1981-10,David Gower,England,601
1981-10,Geoff Boycott,England,736
1981-10,Glenn Turner,New Zealand,631
1981-10,Gordon Greenidge,West Indies,778
1981-10,Graeme Wood,Australia,648
1981-10,Graham Gooch,England,698
1981-10,Greg Chappell,Australia,907
1981-10,John Wright,New Zealand,689
1981-10,Majid Khan,Pakistan,628
1981-10,Sir Ian Botham,England,595
1981-10,Vivian Richards,West Indies,776
1981-10,Zaheer Abbas,Pakistan,669
1981-11,Allan Border,Australia,604
1981-11,Bruce Edgar,New Zealand,664
1981-11,Clive Lloyd,West Indies,600
1981-11,David Gower,England,601
1981-11,Geoff Boycott,England,736
1981-11,Glenn Turner,New Zealand,631
1981-11,Gordon Greenidge,West Indies,778
1981-11,Graeme Wood,Australia,648
1981-11,Graham Gooch,England,698
1981-11,Greg Chappell,Australia,907
1981-11,John Wright,New Zealand,689
1981-11,Majid Khan,Pakistan,628
1981-11,Sir Ian Botham,England,595
1981-11,Vivian Richards,West Indies,776
1981-11,Zaheer Abbas,Pakistan,669
1981-12,Bruce Edgar,New Zealand,664
1981-12,Clive Lloyd,West Indies,623
1981-12,Desmond Haynes,West Indies,619
1981-12,Geoff Boycott,England,729
1981-12,Glenn Turner,New Zealand,631
1981-12,Gordon Greenidge,West Indies,805
1981-12,Graeme Wood,Australia,649
1981-12,Graham Gooch,England,697
1981-12,Greg Chappell,Australia,898
1981-12,John Wright,New Zealand,689
1981-12,Kim Hughes,Australia,634
1981-12,Majid Khan,Pakistan,653
1981-12,Sir Ian Botham,England,611
1981-12,Vivian Richards,West Indies,789
1981-12,Zaheer Abbas,Pakistan,647
1982-01,Bruce Edgar,New Zealand,664
1982-01,Clive Lloyd,West Indies,699
1982-01,David Gower,England,609
1982-01,Desmond Haynes,West Indies,654
1982-01,Geoff Boycott,England,716
1982-01,Glenn Turner,New Zealand,631
1982-01,Gordon Greenidge,West Indies,796
1982-01,Graeme Wood,Australia,694
1982-01,Graham Gooch,England,688
1982-01,Greg Chappell,Australia,884
1982-01,John Wright,New Zealand,689
1982-01,Kim Hughes,Australia,631
1982-01,Majid Khan,Pakistan,659
1982-01,Vivian Richards,West Indies,814
1982-01,Zaheer Abbas,Pakistan,736
1982-02,Allan Border,Australia,740
1982-02,Bruce Edgar,New Zealand,664
1982-02,Clive Lloyd,West Indies,798
1982-02,David Gower,England,620
1982-02,Glenn Turner,New Zealand,631
1982-02,Gordon Greenidge,West Indies,857
1982-02,Graeme Wood,Australia,724
1982-02,Graham Gooch,England,674
1982-02,Greg Chappell,Australia,846
1982-02,John Wright,New Zealand,689
1982-02,Kim Hughes,Australia,640
1982-02,Majid Khan,Pakistan,644
1982-02,Sir Ian Botham,England,623
1982-02,Vivian Richards,West Indies,901
1982-02,Zaheer Abbas,Pakistan,758
1982-03,Allan Border,Australia,755
1982-03,Bruce Edgar,New Zealand,676
1982-03,Clive Lloyd,West Indies,798
1982-03,Desmond Haynes,West Indies,612
1982-03,Glenn Turner,New Zealand,621
1982-03,Gordon Greenidge,West Indies,857
1982-03,Graeme Wood,Australia,695
1982-03,Graham Gooch,England,727
1982-03,Greg Chappell,Australia,877
1982-03,John Wright,New Zealand,649
1982-03,Kim Hughes,Australia,621
1982-03,Majid Khan,Pakistan,644
1982-03,Sir Ian Botham,England,649
1982-03,Vivian Richards,West Indies,901
1982-03,Zaheer Abbas,Pakistan,758
1982-04,Allan Border,Australia,755
1982-04,Bruce Edgar,New Zealand,676
1982-04,Clive Lloyd,West Indies,798
1982-04,Desmond Haynes,West Indies,612
1982-04,Glenn Turner,New Zealand,621
1982-04,Gordon Greenidge,West Indies,857
1982-04,Graeme Wood,Australia,695
1982-04,Graham Gooch,England,727
1982-04,Greg Chappell,Australia,877
1982-04,John Wright,New Zealand,649
1982-04,Kim Hughes,Australia,621
1982-04,Majid Khan,Pakistan,634
1982-04,Sir Ian Botham,England,649
1982-04,Vivian Richards,West Indies,901
1982-04,Zaheer Abbas,Pakistan,777
1982-05,Allan Border,Australia,755
1982-05,Bruce Edgar,New Zealand,676
1982-05,Clive Lloyd,West Indies,798
1982-05,Desmond Haynes,West Indies,612
1982-05,Glenn Turner,New Zealand,621
1982-05,Gordon Greenidge,West Indies,857
1982-05,Graeme Wood,Australia,695
1982-05,Graham Gooch,England,727
1982-05,Greg Chappell,Australia,877
1982-05,John Wright,New Zealand,649
1982-05,Kim Hughes,Australia,621
1982-05,Majid Khan,Pakistan,634
1982-05,Sir Ian Botham,England,649
1982-05,Vivian Richards,West Indies,901
1982-05,Zaheer Abbas,Pakistan,777
1982-06,Allan Border,Australia,755
1982-06,Bruce Edgar,New Zealand,676
1982-06,Clive Lloyd,West Indies,798
1982-06,Desmond Haynes,West Indies,612
1982-06,Glenn Turner,New Zealand,621
1982-06,Gordon Greenidge,West Indies,857
1982-06,Graeme Wood,Australia,695
1982-06,Graham Gooch,England,727
1982-06,Greg Chappell,Australia,877
1982-06,John Wright,New Zealand,649
1982-06,Kim Hughes,Australia,621
1982-06,Majid Khan,Pakistan,634
1982-06,Sir Ian Botham,England,649
1982-06,Vivian Richards,West Indies,901
1982-06,Zaheer Abbas,Pakistan,777
1982-07,Allan Border,Australia,755
1982-07,Bruce Edgar,New Zealand,676
1982-07,Clive Lloyd,West Indies,798
1982-07,David Gower,England,654
1982-07,Glenn Turner,New Zealand,621
1982-07,Gordon Greenidge,West Indies,857
1982-07,Graeme Wood,Australia,695
1982-07,Graham Gooch,England,720
1982-07,Greg Chappell,Australia,877
1982-07,John Wright,New Zealand,649
1982-07,Kim Hughes,Australia,621
1982-07,Majid Khan,Pakistan,634
1982-07,Sir Ian Botham,England,641
1982-07,Vivian Richards,West Indies,901
1982-07,Zaheer Abbas,Pakistan,777
1982-08,Allan Border,Australia,755
1982-08,Bruce Edgar,New Zealand,676
1982-08,Clive Lloyd,West Indies,798
1982-08,David Gower,England,657
1982-08,Glenn Turner,New Zealand,621
1982-08,Gordon Greenidge,West Indies,857
1982-08,Graeme Wood,Australia,695
1982-08,Graham Gooch,England,713
1982-08,Greg Chappell,Australia,877
1982-08,John Wright,New Zealand,649
1982-08,Kim Hughes,Australia,621
1982-08,Majid Khan,Pakistan,617
1982-08,Sir Ian Botham,England,678
1982-08,Vivian Richards,West Indies,901
1982-08,Zaheer Abbas,Pakistan,789
1982-09,Allan Border,Australia,755
1982-09,Bruce Edgar,New Zealand,676
1982-09,Clive Lloyd,West Indies,798
1982-09,David Gower,England,657
1982-09,Glenn Turner,New Zealand,621
1982-09,Gordon Greenidge,West Indies,857
1982-09,Graeme Wood,Australia,695
1982-09,Graham Gooch,England,713
1982-09,Greg Chappell,Australia,877
1982-09,John Wright,New Zealand,649
1982-09,Kim Hughes,Australia,621
1982-09,Majid Khan,Pakistan,617
1982-09,Sir Ian Botham,England,678
1982-09,Vivian Richards,West Indies,901
1982-09,Zaheer Abbas,Pakistan,789
1982-10,Allan Border,Australia,748
1982-10,Bruce Edgar,New Zealand,676
1982-10,Clive Lloyd,West Indies,798
1982-10,David Gower,England,657
1982-10,Desmond Haynes,West Indies,612
1982-10,Glenn Turner,New Zealand,621
1982-10,Gordon Greenidge,West Indies,857
1982-10,Graeme Wood,Australia,710
1982-10,Graham Gooch,England,713
1982-10,Greg Chappell,Australia,873
1982-10,John Wright,New Zealand,649
1982-10,Roy Dias,Sri Lanka,646
1982-10,Sir Ian Botham,England,678
1982-10,Vivian Richards,West Indies,901
1982-10,Zaheer Abbas,Pakistan,794
1982-11,Allan Border,Australia,729
1982-11,Bruce Edgar,New Zealand,676
1982-11,Clive Lloyd,West Indies,798
1982-11,David Gower,England,657
1982-11,Glenn Turner,New Zealand,621
1982-11,Gordon Greenidge,West Indies,857
1982-11,Graeme Wood,Australia,708
1982-11,Graham Gooch,England,713
1982-11,Greg Chappell,Australia,864
1982-11,John Wright,New Zealand,649
1982-11,Kim Hughes,Australia,626
1982-11,Roy Dias,Sri Lanka,646
1982-11,Sir Ian Botham,England,678
1982-11,Vivian Richards,West Indies,901
1982-11,Zaheer Abbas,Pakistan,826
1982-12,Allan Border,Australia,729
1982-12,Bruce Edgar,New Zealand,676
1982-12,Clive Lloyd,West Indies,798
1982-12,David Gower,England,657
1982-12,Glenn Turner,New Zealand,621
1982-12,Gordon Greenidge,West Indies,857
1982-12,Graeme Wood,Australia,708
1982-12,Graham Gooch,England,713
1982-12,Greg Chappell,Australia,864
1982-12,John Wright,New Zealand,649
1982-12,Kim Hughes,Australia,626
1982-12,Roy Dias,Sri Lanka,646
1982-12,Sir Ian Botham,England,678
1982-12,Vivian Richards,West Indies,901
1982-12,Zaheer Abbas,Pakistan,826
1983-01,Allan Border,Australia,729
1983-01,Bruce Edgar,New Zealand,676
1983-01,Clive Lloyd,West Indies,798
1983-01,David Gower,England,657
1983-01,Gordon Greenidge,West Indies,857
1983-01,Graeme Wood,Australia,708
1983-01,Graham Gooch,England,713
1983-01,Greg Chappell,Australia,864
1983-01,Javed Miandad,Pakistan,696
1983-01,John Wright,New Zealand,649
1983-01,Kim Hughes,Australia,626
1983-01,Roy Dias,Sri Lanka,646
1983-01,Sir Ian Botham,England,678
1983-01,Vivian Richards,West Indies,901
1983-01,Zaheer Abbas,Pakistan,868
1983-02,Allan Border,Australia,732
1983-02,Allan Lamb,England,679
1983-02,Bruce Edgar,New Zealand,714
1983-02,Clive Lloyd,West Indies,798
1983-02,David Gower,England,867
1983-02,Glenn Turner,New Zealand,720
1983-02,Gordon Greenidge,West Indies,857
1983-02,Graeme Wood,Australia,677
1983-02,Graham Gooch,England,681
1983-02,Greg Chappell,Australia,806
1983-02,Javed Miandad,Pakistan,702
1983-02,John Wright,New Zealand,705
1983-02,Sir Ian Botham,England,662
1983-02,Vivian Richards,West Indies,901
1983-02,Zaheer Abbas,Pakistan,890
1983-03,Allan Border,Australia,693
1983-03,Allan Lamb,England,666
1983-03,Bruce Edgar,New Zealand,730
1983-03,Clive Lloyd,West Indies,798
1983-03,David Gower,England,884
1983-03,Glenn Turner,New Zealand,793
1983-03,Gordon Greenidge,West Indies,857
1983-03,Graeme Wood,Australia,718
1983-03,Graham Gooch,England,668
1983-03,Greg Chappell,Australia,797
1983-03,Javed Miandad,Pakistan,702
1983-03,John Wright,New Zealand,693
1983-03,Roy Dias,Sri Lanka,646
1983-03,Vivian Richards,West Indies,901
1983-03,Zaheer Abbas,Pakistan,890
1983-04,Allan Border,Australia,685
1983-04,Allan Lamb,England,666
1983-04,Bruce Edgar,New Zealand,696
1983-04,Clive Lloyd,West Indies,787
1983-04,David Gower,England,884
1983-04,Desmond Haynes,West Indies,651
1983-04,Glenn Turner,New Zealand,835
1983-04,Gordon Greenidge,West Indies,869
1983-04,Graeme Wood,Australia,724
1983-04,Graham Gooch,England,668
1983-04,Greg Chappell,Australia,785
1983-04,Javed Miandad,Pakistan,702
1983-04,John Wright,New Zealand,721
1983-04,Vivian Richards,West Indies,901
1983-04,Zaheer Abbas,Pakistan,890
1983-05,Allan Border,Australia,651
1983-05,Allan Lamb,England,666
1983-05,Bruce Edgar,New Zealand,696
1983-05,Clive Lloyd,West Indies,787
1983-05,David Gower,England,884
1983-05,Desmond Haynes,West Indies,650
1983-05,Glenn Turner,New Zealand,835
1983-05,Gordon Greenidge,West Indies,880
1983-05,Graeme Wood,Australia,698
1983-05,Graham Gooch,England,668
1983-05,Greg Chappell,Australia,778
1983-05,Javed Miandad,Pakistan,702
1983-05,John Wright,New Zealand,721
1983-05,Vivian Richards,West Indies,898
1983-05,Zaheer Abbas,Pakistan,890
1983-06,Allan Border,Australia,651
1983-06,Allan Lamb,England,666
1983-06,Bruce Edgar,New Zealand,696
1983-06,Clive Lloyd,West Indies,787
1983-06,David Gower,England,884
1983-06,Desmond Haynes,West Indies,650
1983-06,Glenn Turner,New Zealand,835
1983-06,Gordon Greenidge,West Indies,880
1983-06,Graeme Wood,Australia,698
1983-06,Graham Gooch,England,668
1983-06,Greg Chappell,Australia,778
1983-06,Javed Miandad,Pakistan,702
1983-06,John Wright,New Zealand,721
1983-06,Vivian Richards,West Indies,898
1983-06,Zaheer Abbas,Pakistan,890
1983-07,Allan Lamb,England,756
1983-07,Bruce Edgar,New Zealand,656
1983-07,Clive Lloyd,West Indies,779
1983-07,David Gower,England,914
1983-07,Desmond Haynes,West Indies,677
1983-07,Gordon Greenidge,West Indies,852
1983-07,Graeme Wood,Australia,701
1983-07,Imran Khan,Pakistan,656
1983-07,Javed Miandad,Pakistan,761
1983-07,Jeremy Coney,New Zealand,663
1983-07,John Wright,New Zealand,666
1983-07,Kapil Dev,India,777
1983-07,Sandeep Patil,India,663
1983-07,Vivian Richards,West Indies,925
1983-07,Zaheer Abbas,Pakistan,931
1983-08,Allan Lamb,England,756
1983-08,Bruce Edgar,New Zealand,656
1983-08,Clive Lloyd,West Indies,779
1983-08,David Gower,England,914
1983-08,Desmond Haynes,West Indies,677
1983-08,Gordon Greenidge,West Indies,852
1983-08,Graeme Wood,Australia,701
1983-08,Imran Khan,Pakistan,656
1983-08,Javed Miandad,Pakistan,761
1983-08,Jeremy Coney,New Zealand,663
1983-08,John Wright,New Zealand,666
1983-08,Kapil Dev,India,777
1983-08,Sandeep Patil,India,663
1983-08,Vivian Richards,West Indies,925
1983-08,Zaheer Abbas,Pakistan,931
1983-09,Allan Lamb,England,756
1983-09,Bruce Edgar,New Zealand,656
1983-09,Clive Lloyd,West Indies,779
1983-09,David Gower,England,914
1983-09,Desmond Haynes,West Indies,677
1983-09,Gordon Greenidge,West Indies,852
1983-09,Graeme Wood,Australia,701
1983-09,Imran Khan,Pakistan,656
1983-09,Javed Miandad,Pakistan,761
1983-09,Jeremy Coney,New Zealand,663
1983-09,John Wright,New Zealand,666
1983-09,Kapil Dev,India,777
1983-09,Sandeep Patil,India,663
1983-09,Vivian Richards,West Indies,925
1983-09,Zaheer Abbas,Pakistan,931
1983-10,Allan Border,Australia,650
1983-10,Allan Lamb,England,756
1983-10,Bruce Edgar,New Zealand,656
1983-10,Clive Lloyd,West Indies,779
1983-10,David Gower,England,914
1983-10,Desmond Haynes,West Indies,677
1983-10,Gordon Greenidge,West Indies,852
1983-10,Graeme Wood,Australia,701
1983-10,Imran Khan,Pakistan,653
1983-10,Javed Miandad,Pakistan,793
1983-10,Jeremy Coney,New Zealand,663
1983-10,John Wright,New Zealand,666
1983-10,Kapil Dev,India,775
1983-10,Vivian Richards,West Indies,925
1983-10,Zaheer Abbas,Pakistan,930
1983-11,Allan Border,Australia,650
1983-11,Allan Lamb,England,756
1983-11,Bruce Edgar,New Zealand,656
1983-11,Clive Lloyd,West Indies,779
1983-11,David Gower,England,914
1983-11,Desmond Haynes,West Indies,699
1983-11,Gordon Greenidge,West Indies,861
1983-11,Graeme Wood,Australia,701
1983-11,Javed Miandad,Pakistan,775
1983-11,Jeremy Coney,New Zealand,663
1983-11,John Wright,New Zealand,666
1983-11,Kapil Dev,India,747
1983-11,Sandeep Patil,India,673
1983-11,Vivian Richards,West Indies,925
1983-11,Zaheer Abbas,Pakistan,931
1983-12,Allan Border,Australia,650
1983-12,Allan Lamb,England,756
1983-12,Bruce Edgar,New Zealand,656
1983-12,Clive Lloyd,West Indies,793
1983-12,David Gower,England,914
1983-12,Desmond Haynes,West Indies,719
1983-12,Gordon Greenidge,West Indies,886
1983-12,Graeme Wood,Australia,701
1983-12,Javed Miandad,Pakistan,775
1983-12,Jeremy Coney,New Zealand,663
1983-12,John Wright,New Zealand,666
1983-12,Kapil Dev,India,743
1983-12,Sandeep Patil,India,678
1983-12,Vivian Richards,West Indies,922
1983-12,Zaheer Abbas,Pakistan,931
1984-01,Allan Border,Australia,650
1984-01,Allan Lamb,England,756
1984-01,Bruce Edgar,New Zealand,656
1984-01,Clive Lloyd,West Indies,775
1984-01,David Gower,England,914
1984-01,Desmond Haynes,West Indies,689
1984-01,Gordon Greenidge,West Indies,892
1984-01,Graeme Wood,Australia,701
1984-01,Javed Miandad,Pakistan,775
1984-01,Jeremy Coney,New Zealand,663
1984-01,John Wright,New Zealand,666
1984-01,Kapil Dev,India,751
1984-01,Sandeep Patil,India,671
1984-01,Vivian Richards,West Indies,930
1984-01,Zaheer Abbas,Pakistan,931
1984-02,Allan Lamb,England,756
1984-02,Bruce Edgar,New Zealand,656
1984-02,Clive Lloyd,West Indies,776
1984-02,David Gower,England,914
1984-02,Desmond Haynes,West Indies,727
1984-02,Gordon Greenidge,West Indies,857
1984-02,Graeme Wood,Australia,670
1984-02,Imran Khan,Pakistan,669
1984-02,Javed Miandad,Pakistan,782
1984-02,Jeremy Coney,New Zealand,663
1984-02,John Wright,New Zealand,666
1984-02,Kapil Dev,India,751
1984-02,Sandeep Patil,India,671
1984-02,Vivian Richards,West Indies,923
1984-02,Zaheer Abbas,Pakistan,890
1984-03,Allan Lamb,England,793
1984-03,Clive Lloyd,West Indies,753
1984-03,David Gower,England,904
1984-03,Desmond Haynes,West Indies,792
1984-03,Gordon Greenidge,West Indies,829
1984-03,Graeme Wood,Australia,653
1984-03,Imran Khan,Pakistan,666
1984-03,Javed Miandad,Pakistan,785
1984-03,Jeremy Coney,New Zealand,686
1984-03,John Wright,New Zealand,638
1984-03,Kapil Dev,India,751
1984-03,Kepler Wessels,Australia,707
1984-03,Sandeep Patil,India,671
1984-03,Vivian Richards,West Indies,915
1984-03,Zaheer Abbas,Pakistan,885
1984-04,Allan Lamb,England,805
1984-04,Clive Lloyd,West Indies,759
1984-04,David Gower,England,896
1984-04,Desmond Haynes,West Indies,777
1984-04,Gordon Greenidge,West Indies,839
1984-04,Graeme Wood,Australia,650
1984-04,Imran Khan,Pakistan,659
1984-04,Javed Miandad,Pakistan,777
1984-04,Jeremy Coney,New Zealand,663
1984-04,Kapil Dev,India,751
1984-04,Kepler Wessels,Australia,737
1984-04,Martin Crowe,New Zealand,632
1984-04,Sandeep Patil,India,671
1984-04,Vivian Richards,West Indies,919
1984-04,Zaheer Abbas,Pakistan,894
1984-05,Allan Border,Australia,643
1984-05,Allan Lamb,England,805
1984-05,Clive Lloyd,West Indies,751
1984-05,David Gower,England,896
1984-05,Desmond Haynes,West Indies,844
1984-05,Gordon Greenidge,West Indies,839
1984-05,Graeme Wood,Australia,644
1984-05,Imran Khan,Pakistan,653
1984-05,Javed Miandad,Pakistan,758
1984-05,Jeremy Coney,New Zealand,663
1984-05,Kapil Dev,India,744
1984-05,Kepler Wessels,Australia,730
1984-05,Sandeep Patil,India,695
1984-05,Vivian Richards,West Indies,914
1984-05,Zaheer Abbas,Pakistan,890
1984-06,Allan Border,Australia,643
1984-06,Allan Lamb,England,827
1984-06,Clive Lloyd,West Indies,738
1984-06,David Gower,England,891
1984-06,Desmond Haynes,West Indies,831
1984-06,Gordon Greenidge,West Indies,828
1984-06,Graeme Wood,Australia,644
1984-06,Imran Khan,Pakistan,653
1984-06,Javed Miandad,Pakistan,758
1984-06,Jeremy Coney,New Zealand,663
1984-06,Kapil Dev,India,744
1984-06,Kepler Wessels,Australia,730
1984-06,Sandeep Patil,India,695
1984-06,Vivian Richards,West Indies,931
1984-06,Zaheer Abbas,Pakistan,890
1984-07,Allan Border,Australia,643
1984-07,Allan Lamb,England,827
1984-07,Clive Lloyd,West Indies,754
1984-07,David Gower,England,893
1984-07,Desmond Haynes,West Indies,808
1984-07,Gordon Greenidge,West Indies,818
1984-07,Graeme Wood,Australia,644
1984-07,Imran Khan,Pakistan,653
1984-07,Javed Miandad,Pakistan,758
1984-07,Jeremy Coney,New Zealand,663
1984-07,Kapil Dev,India,744
1984-07,Kepler Wessels,Australia,730
1984-07,Sandeep Patil,India,695
1984-07,Vivian Richards,West Indies,932
1984-07,Zaheer Abbas,Pakistan,890
1984-08,Allan Border,Australia,643
1984-08,Allan Lamb,England,827
1984-08,Clive Lloyd,West Indies,754
1984-08,David Gower,England,893
1984-08,Desmond Haynes,West Indies,808
1984-08,Gordon Greenidge,West Indies,818
1984-08,Graeme Wood,Australia,644
1984-08,Imran Khan,Pakistan,653
1984-08,Javed Miandad,Pakistan,758
1984-08,Jeremy Coney,New Zealand,663
1984-08,Kapil Dev,India,744
1984-08,Kepler Wessels,Australia,730
1984-08,Sandeep Patil,India,695
1984-08,Vivian Richards,West Indies,932
1984-08,Zaheer Abbas,Pakistan,890
1984-09,Allan Border,Australia,643
1984-09,Allan Lamb,England,827
1984-09,Clive Lloyd,West Indies,754
1984-09,David Gower,England,893
1984-09,Desmond Haynes,West Indies,808
1984-09,Gordon Greenidge,West Indies,818
1984-09,Graeme Wood,Australia,644
1984-09,Imran Khan,Pakistan,653
1984-09,Javed Miandad,Pakistan,758
1984-09,Jeremy Coney,New Zealand,663
1984-09,Kapil Dev,India,744
1984-09,Kepler Wessels,Australia,730
1984-09,Sandeep Patil,India,695
1984-09,Vivian Richards,West Indies,932
1984-09,Zaheer Abbas,Pakistan,890
1984-10,Allan Lamb,England,827
1984-10,Clive Lloyd,West Indies,754
1984-10,David Gower,England,893
1984-10,Desmond Haynes,West Indies,808
1984-10,Dilip Vengsarkar,India,652
1984-10,Gordon Greenidge,West Indies,818
1984-10,Imran Khan,Pakistan,653
1984-10,Javed Miandad,Pakistan,758
1984-10,Jeremy Coney,New Zealand,663
1984-10,Kapil Dev,India,740
1984-10,Kepler Wessels,Australia,780
1984-10,Kim Hughes,Australia,664
1984-10,Sandeep Patil,India,696
1984-10,Vivian Richards,West Indies,932
1984-10,Zaheer Abbas,Pakistan,890
1984-11,Allan Lamb,England,827
1984-11,Clive Lloyd,West Indies,754
1984-11,David Gower,England,893
1984-11,Desmond Haynes,West Indies,808
1984-11,Dilip Vengsarkar,India,669
1984-11,Gordon Greenidge,West Indies,818
1984-11,Javed Miandad,Pakistan,752
1984-11,Jeremy Coney,New Zealand,663
1984-11,Kapil Dev,India,724
1984-11,Kepler Wessels,Australia,807
1984-11,Kim Hughes,Australia,653
1984-11,Sandeep Patil,India,685
1984-11,Steve Smith,Australia,646
1984-11,Vivian Richards,West Indies,932
1984-11,Zaheer Abbas,Pakistan,894
1984-12,Allan Lamb,England,827
1984-12,Clive Lloyd,West Indies,754
1984-12,David Gower,England,893
1984-12,Desmond Haynes,West Indies,808
1984-12,Dilip Vengsarkar,India,669
1984-12,Gordon Greenidge,West Indies,818
1984-12,Javed Miandad,Pakistan,778
1984-12,Jeremy Coney,New Zealand,661
1984-12,Kapil Dev,India,724
1984-12,Kepler Wessels,Australia,807
1984-12,Kim Hughes,Australia,653
1984-12,Sandeep Patil,India,685
1984-12,Steve Smith,Australia,646
1984-12,Vivian Richards,West Indies,932
1984-12,Zaheer Abbas,Pakistan,884
1985-01,Allan Lamb,England,831
1985-01,Clive Lloyd,West Indies,754
1985-01,David Gower,England,882
1985-01,Desmond Haynes,West Indies,808
1985-01,Dilip Vengsarkar,India,705
1985-01,Gordon Greenidge,West Indies,818
1985-01,Javed Miandad,Pakistan,761
1985-01,Kapil Dev,India,717
1985-01,Kepler Wessels,Australia,807
1985-01,Kim Hughes,Australia,653
1985-01,Martin Crowe,New Zealand,678
1985-01,Sandeep Patil,India,671
1985-01,Steve Smith,Australia,646
1985-01,Vivian Richards,West Indies,932
1985-01,Zaheer Abbas,Pakistan,887
1985-02,Allan Border,Australia,731
1985-02,Allan Lamb,England,863
1985-02,Clive Lloyd,West Indies,794
1985-02,David Gower,England,862
1985-02,Desmond Haynes,West Indies,820
1985-02,Dilip Vengsarkar,India,682
1985-02,Gordon Greenidge,West Indies,833
1985-02,Graeme Wood,Australia,677
1985-02,Javed Miandad,Pakistan,802
1985-02,Kapil Dev,India,709
1985-02,Kepler Wessels,Australia,852
1985-02,Martin Crowe,New Zealand,695
1985-02,Roy Dias,Sri Lanka,748
1985-02,Vivian Richards,West Indies,933
1985-02,Zaheer Abbas,Pakistan,878
1985-03,Allan Border,Australia,758
1985-03,Allan Lamb,England,879
1985-03,Clive Lloyd,West Indies,793
1985-03,David Gower,England,845
1985-03,Desmond Haynes,West Indies,830
1985-03,Dilip Vengsarkar,India,675
1985-03,Gordon Greenidge,West Indies,809
1985-03,Graeme Wood,Australia,695
1985-03,Javed Miandad,Pakistan,771
1985-03,Kapil Dev,India,714
1985-03,Kepler Wessels,Australia,798
1985-03,Martin Crowe,New Zealand,688
1985-03,Roy Dias,Sri Lanka,721
1985-03,Vivian Richards,West Indies,933
1985-03,Zaheer Abbas,Pakistan,849
1985-04,Allan Border,Australia,736
1985-04,Allan Lamb,England,888
1985-04,David Gower,England,832
1985-04,Desmond Haynes,West Indies,805
1985-04,Dilip Vengsarkar,India,715
1985-04,Gordon Greenidge,West Indies,785
1985-04,Graeme Wood,Australia,689
1985-04,Javed Miandad,Pakistan,776
1985-04,Kapil Dev,India,744
1985-04,Kepler Wessels,Australia,771
1985-04,Kris Srikkanth,India,667
1985-04,Martin Crowe,New Zealand,695
1985-04,Roy Dias,Sri Lanka,721
1985-04,Vivian Richards,West Indies,933
1985-04,Zaheer Abbas,Pakistan,828
1985-05,Allan Border,Australia,736
1985-05,Allan Lamb,England,888
1985-05,David Gower,England,832
1985-05,Desmond Haynes,West Indies,900
1985-05,Dilip Vengsarkar,India,715
1985-05,Gordon Greenidge,West Indies,773
1985-05,Graeme Wood,Australia,689
1985-05,Javed Miandad,Pakistan,776
1985-05,Kapil Dev,India,744
1985-05,Kepler Wessels,Australia,771
1985-05,Kris Srikkanth,India,667
1985-05,Martin Crowe,New Zealand,672
1985-05,Roy Dias,Sri Lanka,721
1985-05,Vivian Richards,West Indies,933
1985-05,Zaheer Abbas,Pakistan,828
1985-06,Allan Border,Australia,768
1985-06,Allan Lamb,England,884
1985-06,David Gower,England,806
1985-06,Desmond Haynes,West Indies,900
1985-06,Dilip Vengsarkar,India,715
1985-06,Gordon Greenidge,West Indies,773
1985-06,Graham Gooch,England,685
1985-06,Javed Miandad,Pakistan,776
1985-06,Kapil Dev,India,744
1985-06,Kepler Wessels,Australia,777
1985-06,Kris Srikkanth,India,667
1985-06,Martin Crowe,New Zealand,672
1985-06,Roy Dias,Sri Lanka,721
1985-06,Vivian Richards,West Indies,933
1985-06,Zaheer Abbas,Pakistan,828
1985-07,Allan Border,Australia,767
1985-07,Allan Lamb,England,884
1985-07,David Gower,England,830
1985-07,Desmond Haynes,West Indies,900
1985-07,Dilip Vengsarkar,India,715
1985-07,Gordon Greenidge,West Indies,773
1985-07,Graeme Wood,Australia,692
1985-07,Graham Gooch,England,749
1985-07,Javed Miandad,Pakistan,776
1985-07,Kapil Dev,India,744
1985-07,Kepler Wessels,Australia,773
1985-07,Martin Crowe,New Zealand,672
1985-07,Roy Dias,Sri Lanka,721
1985-07,Vivian Richards,West Indies,933
1985-07,Zaheer Abbas,Pakistan,828
1985-08,Allan Border,Australia,767
1985-08,Allan Lamb,England,884
1985-08,David Gower,England,830
1985-08,Desmond Haynes,West Indies,900
1985-08,Dilip Vengsarkar,India,715
1985-08,Gordon Greenidge,West Indies,773
1985-08,Graeme Wood,Australia,692
1985-08,Graham Gooch,England,749
1985-08,Javed Miandad,Pakistan,776
1985-08,Kapil Dev,India,744
1985-08,Kepler Wessels,Australia,773
1985-08,Martin Crowe,New Zealand,672
1985-08,Roy Dias,Sri Lanka,721
1985-08,Vivian Richards,West Indies,933
1985-08,Zaheer Abbas,Pakistan,828
1985-09,Allan Border,Australia,767
1985-09,Allan Lamb,England,884
1985-09,David Gower,England,830
1985-09,Desmond Haynes,West Indies,900
1985-09,Dilip Vengsarkar,India,741
1985-09,Gordon Greenidge,West Indies,773
1985-09,Graeme Wood,Australia,692
1985-09,Graham Gooch,England,749
1985-09,Javed Miandad,Pakistan,776
1985-09,Kapil Dev,India,739
1985-09,Kepler Wessels,Australia,773
1985-09,Martin Crowe,New Zealand,672
1985-09,Roy Dias,Sri Lanka,761
1985-09,Vivian Richards,West Indies,933
1985-09,Zaheer Abbas,Pakistan,828
1985-10,Allan Border,Australia,767
1985-10,Allan Lamb,England,884
1985-10,David Gower,England,830
1985-10,Desmond Haynes,West Indies,900
1985-10,Dilip Vengsarkar,India,751
1985-10,Gordon Greenidge,West Indies,773
1985-10,Graeme Wood,Australia,692
1985-10,Graham Gooch,England,749
1985-10,Javed Miandad,Pakistan,776
1985-10,Kapil Dev,India,726
1985-10,Kepler Wessels,Australia,773
1985-10,Martin Crowe,New Zealand,672
1985-10,Roy Dias,Sri Lanka,758
1985-10,Vivian Richards,West Indies,933
1985-10,Zaheer Abbas,Pakistan,828
1985-11,Allan Border,Australia,767
1985-11,Allan Lamb,England,884
1985-11,David Gower,England,830
1985-11,Desmond Haynes,West Indies,900
1985-11,Dilip Vengsarkar,India,751
1985-11,Gordon Greenidge,West Indies,773
1985-11,Graeme Wood,Australia,692
1985-11,Graham Gooch,England,749
1985-11,Javed Miandad,Pakistan,786
1985-11,Kapil Dev,India,726
1985-11,Kepler Wessels,Australia,773
1985-11,Martin Crowe,New Zealand,672
1985-11,Roy Dias,Sri Lanka,738
1985-11,Vivian Richards,West Indies,933
1985-11,Zaheer Abbas,Pakistan,823
1985-12,Allan Border,Australia,767
1985-12,Allan Lamb,England,884
1985-12,David Gower,England,830
1985-12,Desmond Haynes,West Indies,894
1985-12,Dilip Vengsarkar,India,730
1985-12,Gordon Greenidge,West Indies,758
1985-12,Graeme Wood,Australia,692
1985-12,Graham Gooch,England,749
1985-12,Gus Logie,West Indies,696
1985-12,Javed Miandad,Pakistan,798
1985-12,Kapil Dev,India,720
1985-12,Kepler Wessels,Australia,773
1985-12,Martin Crowe,New Zealand,672
1985-12,Roy Dias,Sri Lanka,722
1985-12,Vivian Richards,West Indies,934
1986-01,Allan Border,Australia,767
1986-01,Allan Lamb,England,884
1986-01,David Gower,England,830
1986-01,Desmond Haynes,West Indies,893
1986-01,Dilip Vengsarkar,India,730
1986-01,Gordon Greenidge,West Indies,747
1986-01,Graeme Wood,Australia,692
1986-01,Graham Gooch,England,749
1986-01,Gus Logie,West Indies,674
1986-01,Javed Miandad,Pakistan,804
1986-01,Kapil Dev,India,720
1986-01,Kepler Wessels,Australia,773
1986-01,Martin Crowe,New Zealand,672
1986-01,Roy Dias,Sri Lanka,722
1986-01,Vivian Richards,West Indies,935
1986-02,Allan Border,Australia,744
1986-02,Allan Lamb,England,884
1986-02,David Gower,England,830
1986-02,Desmond Haynes,West Indies,893
1986-02,Dilip Vengsarkar,India,720
1986-02,Gordon Greenidge,West Indies,747
1986-02,Graham Gooch,England,749
1986-02,Gus Logie,West Indies,674
1986-02,Javed Miandad,Pakistan,804
1986-02,Kapil Dev,India,722
1986-02,Kepler Wessels,Australia,735
1986-02,Martin Crowe,New Zealand,738
1986-02,Roy Dias,Sri Lanka,722
1986-02,Sunil Gavaskar,India,686
1986-02,Vivian Richards,West Indies,935
1986-03,Allan Border,Australia,762
1986-03,Allan Lamb,England,883
1986-03,David Gower,England,817
1986-03,Desmond Haynes,West Indies,891
1986-03,Dilip Vengsarkar,India,731
1986-03,Gordon Greenidge,West Indies,752
1986-03,Graham Gooch,England,766
1986-03,Gus Logie,West Indies,671
1986-03,Javed Miandad,Pakistan,804
1986-03,Jeremy Coney,New Zealand,670
1986-03,Kapil Dev,India,681
1986-03,Kepler Wessels,Australia,728
1986-03,Martin Crowe,New Zealand,724
1986-03,Roy Dias,Sri Lanka,722
1986-03,Vivian Richards,West Indies,935
1986-04,Allan Border,Australia,737
1986-04,Allan Lamb,England,851
1986-04,David Gower,England,792
1986-04,Desmond Haynes,West Indies,892
1986-04,Dilip Vengsarkar,India,731
1986-04,Gordon Greenidge,West Indies,728
1986-04,Graham Gooch,England,798
1986-04,Javed Miandad,Pakistan,791
1986-04,Jeremy Coney,New Zealand,675
1986-04,Kapil Dev,India,681
1986-04,Kepler Wessels,Australia,714
1986-04,Martin Crowe,New Zealand,715
1986-04,Roy Dias,Sri Lanka,673
1986-04,Sir Richie Richardson,West Indies,701
1986-04,Vivian Richards,West Indies,935
1986-05,Allan Border,Australia,733
1986-05,Allan Lamb,England,851
1986-05,David Gower,England,792
1986-05,Desmond Haynes,West Indies,892
1986-05,Dilip Vengsarkar,India,735
1986-05,Gordon Greenidge,West Indies,728
1986-05,Graham Gooch,England,798
1986-05,Gus Logie,West Indies,661
1986-05,Javed Miandad,Pakistan,839
1986-05,Jeremy Coney,New Zealand,662
1986-05,Kepler Wessels,Australia,710
1986-05,Martin Crowe,New Zealand,698
1986-05,Sir Richie Richardson,West Indies,701
1986-05,Sunil Gavaskar,India,701
1986-05,Vivian Richards,West Indies,935
1986-06,Allan Border,Australia,733
1986-06,Allan Lamb,England,837
1986-06,David Gower,England,800
1986-06,Desmond Haynes,West Indies,892
1986-06,Dilip Vengsarkar,India,730
1986-06,Gordon Greenidge,West Indies,728
1986-06,Graham Gooch,England,787
1986-06,Gus Logie,West Indies,661
1986-06,Javed Miandad,Pakistan,839
1986-06,Jeremy Coney,New Zealand,662
1986-06,Kepler Wessels,Australia,710
1986-06,Martin Crowe,New Zealand,698
1986-06,Sir Richie Richardson,West Indies,701
1986-06,Sunil Gavaskar,India,707
1986-06,Vivian Richards,West Indies,935
1986-07,Allan Border,Australia,733
1986-07,Allan Lamb,England,837
1986-07,David Gower,England,800
1986-07,Desmond Haynes,West Indies,892
1986-07,Dilip Vengsarkar,India,730
1986-07,Gordon Greenidge,West Indies,728
1986-07,Graham Gooch,England,787
1986-07,Gus Logie,West Indies,661
1986-07,Javed Miandad,Pakistan,839
1986-07,Jeremy Coney,New Zealand,662
1986-07,Kepler Wessels,Australia,710
1986-07,Martin Crowe,New Zealand,698
1986-07,Sir Richie Richardson,West Indies,701
1986-07,Sunil Gavaskar,India,707
1986-07,Vivian Richards,West Indies,935
1986-08,Allan Border,Australia,733
1986-08,Allan Lamb,England,833
1986-08,David Gower,England,785
1986-08,Desmond Haynes,West Indies,892
1986-08,Dilip Vengsarkar,India,730
1986-08,Gordon Greenidge,West Indies,728
1986-08,Graham Gooch,England,802
1986-08,Gus Logie,West Indies,661
1986-08,Javed Miandad,Pakistan,839
1986-08,Kapil Dev,India,661
1986-08,Kepler Wessels,Australia,710
1986-08,Martin Crowe,New Zealand,718
1986-08,Sir Richie Richardson,West Indies,701
1986-08,Sunil Gavaskar,India,707
1986-08,Vivian Richards,West Indies,935
1986-09,Allan Border,Australia,733
1986-09,Allan Lamb,England,833
1986-09,David Gower,England,785
1986-09,Desmond Haynes,West Indies,892
1986-09,Dilip Vengsarkar,India,730
1986-09,Gordon Greenidge,West Indies,728
1986-09,Graham Gooch,England,802
1986-09,Gus Logie,West Indies,661
1986-09,Javed Miandad,Pakistan,839
1986-09,Kapil Dev,India,661
1986-09,Kepler Wessels,Australia,710
1986-09,Martin Crowe,New Zealand,718
1986-09,Sir Richie Richardson,West Indies,701
1986-09,Sunil Gavaskar,India,707
1986-09,Vivian Richards,West Indies,935
1986-10,Allan Border,Australia,740
1986-10,Allan Lamb,England,833
1986-10,David Boon,Australia,688
1986-10,David Gower,England,785
1986-10,Desmond Haynes,West Indies,892
1986-10,Dilip Vengsarkar,India,734
1986-10,Gordon Greenidge,West Indies,728
1986-10,Graham Gooch,England,802
1986-10,Javed Miandad,Pakistan,839
1986-10,Kapil Dev,India,663
1986-10,Kepler Wessels,Australia,699
1986-10,Martin Crowe,New Zealand,718
1986-10,Sir Richie Richardson,West Indies,701
1986-10,Sunil Gavaskar,India,710
1986-10,Vivian Richards,West Indies,935
1986-11,Allan Border,Australia,762
1986-11,Allan Lamb,England,833
1986-11,David Boon,Australia,684
1986-11,David Gower,England,785
1986-11,Desmond Haynes,West Indies,888
1986-11,Dilip Vengsarkar,India,726
1986-11,Gordon Greenidge,West Indies,761
1986-11,Graham Gooch,England,802
1986-11,Javed Miandad,Pakistan,827
1986-11,Kapil Dev,India,678
1986-11,Kepler Wessels,Australia,689
1986-11,Martin Crowe,New Zealand,718
1986-11,Sir Richie Richardson,West Indies,689
1986-11,Sunil Gavaskar,India,688
1986-11,Vivian Richards,West Indies,935
1986-12,Allan Border,Australia,762
1986-12,Allan Lamb,England,833
1986-12,David Gower,England,785
1986-12,Desmond Haynes,West Indies,882
1986-12,Dilip Vengsarkar,India,707
1986-12,Gordon Greenidge,West Indies,737
1986-12,Graham Gooch,England,802
1986-12,Gus Logie,West Indies,702
1986-12,Javed Miandad,Pakistan,840
1986-12,Kapil Dev,India,686
1986-12,Kepler Wessels,Australia,689
1986-12,Martin Crowe,New Zealand,718
1986-12,Sir Richie Richardson,West Indies,708
1986-12,Sunil Gavaskar,India,704
1986-12,Vivian Richards,West Indies,933
1987-01,Allan Border,Australia,756
1987-01,Allan Lamb,England,844
1987-01,David Gower,England,772
1987-01,Desmond Haynes,West Indies,872
1987-01,Dilip Vengsarkar,India,686
1987-01,Gordon Greenidge,West Indies,747
1987-01,Graham Gooch,England,798
1987-01,Gus Logie,West Indies,689
1987-01,Javed Miandad,Pakistan,840
1987-01,Kapil Dev,India,690
1987-01,Kepler Wessels,Australia,685
1987-01,Martin Crowe,New Zealand,718
1987-01,Sir Richie Richardson,West Indies,761
1987-01,Sunil Gavaskar,India,678
1987-01,Vivian Richards,West Indies,932
1987-02,Allan Border,Australia,758
1987-02,Allan Lamb,England,833
1987-02,David Gower,England,747
1987-02,Dean Jones,Australia,833
1987-02,Desmond Haynes,West Indies,828
1987-02,Geoff Marsh,Australia,703
1987-02,Gordon Greenidge,West Indies,736
1987-02,Graham Gooch,England,759
1987-02,Gus Logie,West Indies,694
1987-02,Javed Miandad,Pakistan,843
1987-02,Martin Crowe,New Zealand,718
1987-02,Sir Richie Richardson,West Indies,695
1987-02,Steve Waugh,Australia,706
1987-02,Sunil Gavaskar,India,689
1987-02,Vivian Richards,West Indies,932
1987-03,Allan Border,Australia,749
1987-03,Allan Lamb,England,845
1987-03,David Gower,England,739
1987-03,Dean Jones,Australia,822
1987-03,Desmond Haynes,West Indies,820
1987-03,Geoff Marsh,Australia,702
1987-03,Gordon Greenidge,West Indies,729
1987-03,Graham Gooch,England,748
1987-03,Gus Logie,West Indies,688
1987-03,Javed Miandad,Pakistan,834
1987-03,Kris Srikkanth,India,691
1987-03,Martin Crowe,New Zealand,718
1987-03,Steve Waugh,Australia,689
1987-03,Sunil Gavaskar,India,686
1987-03,Vivian Richards,West Indies,931
1987-04,Allan Border,Australia,749
1987-04,Allan Lamb,England,845
1987-04,David Gower,England,739
1987-04,Dean Jones,Australia,822
1987-04,Desmond Haynes,West Indies,821
1987-04,Geoff Marsh,Australia,702
1987-04,Gordon Greenidge,West Indies,811
1987-04,Graham Gooch,England,748
1987-04,Gus Logie,West Indies,679
1987-04,Javed Miandad,Pakistan,850
1987-04,Kris Srikkanth,India,679
1987-04,Martin Crowe,New Zealand,721
1987-04,Steve Waugh,Australia,689
1987-04,Sunil Gavaskar,India,693
1987-04,Vivian Richards,West Indies,932
1987-05,Allan Border,Australia,755
1987-05,Allan Lamb,England,832
1987-05,Chris Broad,England,700
1987-05,David Boon,Australia,721
1987-05,David Gower,England,728
1987-05,Dean Jones,Australia,810
1987-05,Desmond Haynes,West Indies,821
1987-05,Dilip Vengsarkar,India,713
1987-05,Geoff Marsh,Australia,684
1987-05,Gordon Greenidge,West Indies,811
1987-05,Graham Gooch,England,763
1987-05,Javed Miandad,Pakistan,881
1987-05,Martin Crowe,New Zealand,721
1987-05,Sunil Gavaskar,India,705
1987-05,Vivian Richards,West Indies,932
1987-06,Allan Border,Australia,755
1987-06,Allan Lamb,England,829
1987-06,Chris Broad,England,738
1987-06,David Boon,Australia,721
1987-06,David Gower,England,722
1987-06,Dean Jones,Australia,810
1987-06,Desmond Haynes,West Indies,821
1987-06,Dilip Vengsarkar,India,713
1987-06,Geoff Marsh,Australia,684
1987-06,Gordon Greenidge,West Indies,811
1987-06,Graham Gooch,England,738
1987-06,Javed Miandad,Pakistan,904
1987-06,Martin Crowe,New Zealand,721
1987-06,Sunil Gavaskar,India,705
1987-06,Vivian Richards,West Indies,932
1987-07,Allan Border,Australia,755
1987-07,Allan Lamb,England,829
1987-07,Chris Broad,England,738
1987-07,David Boon,Australia,721
1987-07,David Gower,England,722
1987-07,Dean Jones,Australia,810
1987-07,Desmond Haynes,West Indies,821
1987-07,Dilip Vengsarkar,India,713
1987-07,Geoff Marsh,Australia,684
1987-07,Gordon Greenidge,West Indies,811
1987-07,Graham Gooch,England,738
1987-07,Javed Miandad,Pakistan,904
1987-07,Martin Crowe,New Zealand,721
1987-07,Sunil Gavaskar,India,705
1987-07,Vivian Richards,West Indies,932
1987-08,Allan Border,Australia,755
1987-08,Allan Lamb,England,829
1987-08,Chris Broad,England,738
1987-08,David Boon,Australia,721
1987-08,David Gower,England,722
1987-08,Dean Jones,Australia,810
1987-08,Desmond Haynes,West Indies,821
1987-08,Dilip Vengsarkar,India,713
1987-08,Geoff Marsh,Australia,684
1987-08,Gordon Greenidge,West Indies,811
1987-08,Graham Gooch,England,738
1987-08,Javed Miandad,Pakistan,904
1987-08,Martin Crowe,New Zealand,721
1987-08,Sunil Gavaskar,India,705
1987-08,Vivian Richards,West Indies,932
1987-09,Allan Border,Australia,755
1987-09,Allan Lamb,England,829
1987-09,Chris Broad,England,738
1987-09,David Boon,Australia,721
1987-09,David Gower,England,722
1987-09,Dean Jones,Australia,810
1987-09,Desmond Haynes,West Indies,821
1987-09,Dilip Vengsarkar,India,713
1987-09,Geoff Marsh,Australia,684
1987-09,Gordon Greenidge,West Indies,811
1987-09,Graham Gooch,England,738
1987-09,Javed Miandad,Pakistan,904
1987-09,Martin Crowe,New Zealand,721
1987-09,Sunil Gavaskar,India,705
1987-09,Vivian Richards,West Indies,932
1987-10,Allan Border,Australia,755
1987-10,Allan Lamb,England,829
1987-10,Chris Broad,England,738
1987-10,David Boon,Australia,721
1987-10,David Gower,England,722
1987-10,Dean Jones,Australia,810
1987-10,Desmond Haynes,West Indies,821
1987-10,Dilip Vengsarkar,India,713
1987-10,Geoff Marsh,Australia,684
1987-10,Gordon Greenidge,West Indies,811
1987-10,Graham Gooch,England,738
1987-10,Javed Miandad,Pakistan,904
1987-10,Martin Crowe,New Zealand,721
1987-10,Sunil Gavaskar,India,705
1987-10,Vivian Richards,West Indies,932
1987-11,Allan Border,Australia,727
1987-11,Allan Lamb,England,844
1987-11,Chris Broad,England,731
1987-11,David Boon,Australia,788
1987-11,Dean Jones,Australia,813
1987-11,Desmond Haynes,West Indies,808
1987-11,Dilip Vengsarkar,India,732
1987-11,Geoff Marsh,Australia,803
1987-11,Gordon Greenidge,West Indies,787
1987-11,Graham Gooch,England,783
1987-11,Javed Miandad,Pakistan,898
1987-11,Martin Crowe,New Zealand,727
1987-11,Rameez Raja,Pakistan,728
1987-11,Sunil Gavaskar,India,744
1987-11,Vivian Richards,West Indies,933
1987-12,Allan Border,Australia,722
1987-12,Allan Lamb,England,839
1987-12,Chris Broad,England,723
1987-12,David Boon,Australia,816
1987-12,Dean Jones,Australia,812
1987-12,Desmond Haynes,West Indies,808
1987-12,Dilip Vengsarkar,India,728
1987-12,Geoff Marsh,Australia,792
1987-12,Gordon Greenidge,West Indies,787
1987-12,Graham Gooch,England,863
1987-12,Javed Miandad,Pakistan,887
1987-12,Martin Crowe,New Zealand,727
1987-12,Rameez Raja,Pakistan,736
1987-12,Steve Waugh,Australia,728
1987-12,Vivian Richards,West Indies,933
1988-01,Allan Border,Australia,722
1988-01,Allan Lamb,England,839
1988-01,Chris Broad,England,723
1988-01,David Boon,Australia,816
1988-01,Dean Jones,Australia,812
1988-01,Desmond Haynes,West Indies,796
1988-01,Geoff Marsh,Australia,792
1988-01,Gordon Greenidge,West Indies,786
1988-01,Graham Gooch,England,863
1988-01,Javed Miandad,Pakistan,887
1988-01,Kapil Dev,India,749
1988-01,Martin Crowe,New Zealand,727
1988-01,Rameez Raja,Pakistan,736
1988-01,Steve Waugh,Australia,728
1988-01,Vivian Richards,West Indies,933
1988-02,Allan Border,Australia,692
1988-02,Allan Lamb,England,839
1988-02,Chris Broad,England,723
1988-02,David Boon,Australia,814
1988-02,Dean Jones,Australia,845
1988-02,Desmond Haynes,West Indies,757
1988-02,Geoff Marsh,Australia,705
1988-02,Gordon Greenidge,West Indies,796
1988-02,Graham Gooch,England,863
1988-02,Javed Miandad,Pakistan,887
1988-02,Kapil Dev,India,736
1988-02,Martin Crowe,New Zealand,723
1988-02,Rameez Raja,Pakistan,736
1988-02,Steve Waugh,Australia,721
1988-02,Vivian Richards,West Indies,932
1988-03,Allan Lamb,England,835
1988-03,Chris Broad,England,723
1988-03,David Boon,Australia,811
1988-03,Dean Jones,Australia,840
1988-03,Desmond Haynes,West Indies,757
1988-03,Dilip Vengsarkar,India,692
1988-03,Geoff Marsh,Australia,736
1988-03,Gordon Greenidge,West Indies,796
1988-03,Graham Gooch,England,859
1988-03,Javed Miandad,Pakistan,887
1988-03,Kapil Dev,India,736
1988-03,Martin Crowe,New Zealand,723
1988-03,Rameez Raja,Pakistan,736
1988-03,Steve Waugh,Australia,721
1988-03,Vivian Richards,West Indies,932
1988-04,Allan Lamb,England,819
1988-04,Chris Broad,England,774
1988-04,David Boon,Australia,811
1988-04,Dean Jones,Australia,840
1988-04,Desmond Haynes,West Indies,767
1988-04,Geoff Marsh,Australia,736
1988-04,Gordon Greenidge,West Indies,799
1988-04,Graham Gooch,England,842
1988-04,Gus Logie,West Indies,702
1988-04,Javed Miandad,Pakistan,891
1988-04,Kapil Dev,India,753
1988-04,Rameez Raja,Pakistan,756
1988-04,Sir Richie Richardson,West Indies,744
1988-04,Steve Waugh,Australia,721
1988-04,Vivian Richards,West Indies,913
1988-05,Allan Lamb,England,819
1988-05,Chris Broad,England,774
1988-05,David Boon,Australia,811
1988-05,Dean Jones,Australia,840
1988-05,Desmond Haynes,West Indies,767
1988-05,Geoff Marsh,Australia,736
1988-05,Gordon Greenidge,West Indies,799
1988-05,Graham Gooch,England,842
1988-05,Gus Logie,West Indies,702
1988-05,Javed Miandad,Pakistan,891
1988-05,Kapil Dev,India,753
1988-05,Rameez Raja,Pakistan,756
1988-05,Sir Richie Richardson,West Indies,744
1988-05,Steve Waugh,Australia,721
1988-05,Vivian Richards,West Indies,913
1988-06,Allan Lamb,England,805
1988-06,Chris Broad,England,783
1988-06,David Boon,Australia,811
1988-06,Dean Jones,Australia,840
1988-06,Desmond Haynes,West Indies,746
1988-06,Geoff Marsh,Australia,736
1988-06,Gordon Greenidge,West Indies,790
1988-06,Graham Gooch,England,837
1988-06,Javed Miandad,Pakistan,891
1988-06,Kapil Dev,India,753
1988-06,Mike Gatting,England,695
1988-06,Rameez Raja,Pakistan,756
1988-06,Sir Richie Richardson,West Indies,707
1988-06,Steve Waugh,Australia,721
1988-06,Vivian Richards,West Indies,905
1988-07,Allan Lamb,England,805
1988-07,Chris Broad,England,783
1988-07,David Boon,Australia,811
1988-07,Dean Jones,Australia,840
1988-07,Desmond Haynes,West Indies,746
1988-07,Geoff Marsh,Australia,736
1988-07,Gordon Greenidge,West Indies,790
1988-07,Graham Gooch,England,837
1988-07,Javed Miandad,Pakistan,891
1988-07,Kapil Dev,India,753
1988-07,Mike Gatting,England,695
1988-07,Rameez Raja,Pakistan,756
1988-07,Sir Richie Richardson,West Indies,707
1988-07,Steve Waugh,Australia,721
1988-07,Vivian Richards,West Indies,905
1988-08,Allan Lamb,England,805
1988-08,Chris Broad,England,783
1988-08,David Boon,Australia,811
1988-08,Dean Jones,Australia,840
1988-08,Desmond Haynes,West Indies,746
1988-08,Geoff Marsh,Australia,736
1988-08,Gordon Greenidge,West Indies,790
1988-08,Graham Gooch,England,837
1988-08,Javed Miandad,Pakistan,891
1988-08,Kapil Dev,India,753
1988-08,Mike Gatting,England,695
1988-08,Rameez Raja,Pakistan,756
1988-08,Sir Richie Richardson,West Indies,707
1988-08,Steve Waugh,Australia,721
1988-08,Vivian Richards,West Indies,905
1988-09,Allan Lamb,England,805
1988-09,Chris Broad,England,783
1988-09,David Boon,Australia,811
1988-09,Dean Jones,Australia,840
1988-09,Desmond Haynes,West Indies,746
1988-09,Geoff Marsh,Australia,736
1988-09,Gordon Greenidge,West Indies,790
1988-09,Graham Gooch,England,837
1988-09,Javed Miandad,Pakistan,891
1988-09,Kapil Dev,India,753
1988-09,Mike Gatting,England,695
1988-09,Rameez Raja,Pakistan,756
1988-09,Sir Richie Richardson,West Indies,707
1988-09,Steve Waugh,Australia,721
1988-09,Vivian Richards,West Indies,905
1988-10,Allan Border,Australia,688
1988-10,Allan Lamb,England,813
1988-10,David Boon,Australia,811
1988-10,Dean Jones,Australia,840
1988-10,Desmond Haynes,West Indies,746
1988-10,Geoff Marsh,Australia,736
1988-10,Gordon Greenidge,West Indies,790
1988-10,Graham Gooch,England,825
1988-10,Javed Miandad,Pakistan,891
1988-10,Kapil Dev,India,753
1988-10,Mike Gatting,England,692
1988-10,Rameez Raja,Pakistan,756
1988-10,Sir Richie Richardson,West Indies,707
1988-10,Steve Waugh,Australia,721
1988-10,Vivian Richards,West Indies,905
1988-11,Allan Lamb,England,813
1988-11,David Boon,Australia,810
1988-11,Dean Jones,Australia,836
1988-11,Desmond Haynes,West Indies,787
1988-11,Dilip Vengsarkar,India,691
1988-11,Geoff Marsh,Australia,758
1988-11,Gordon Greenidge,West Indies,822
1988-11,Graham Gooch,England,825
1988-11,Javed Miandad,Pakistan,890
1988-11,Kapil Dev,India,694
1988-11,Mike Gatting,England,692
1988-11,Rameez Raja,Pakistan,710
1988-11,Saleem Malik,Pakistan,716
1988-11,Steve Waugh,Australia,708
1988-11,Vivian Richards,West Indies,887
1988-12,Allan Lamb,England,813
1988-12,David Boon,Australia,810
1988-12,Dean Jones,Australia,836
1988-12,Desmond Haynes,West Indies,787
1988-12,Dilip Vengsarkar,India,699
1988-12,Geoff Marsh,Australia,758
1988-12,Gordon Greenidge,West Indies,822
1988-12,Graham Gooch,England,825
1988-12,Javed Miandad,Pakistan,890
1988-12,Kapil Dev,India,696
1988-12,Mike Gatting,England,692
1988-12,Rameez Raja,Pakistan,710
1988-12,Saleem Malik,Pakistan,716
1988-12,Steve Waugh,Australia,708
1988-12,Vivian Richards,West Indies,887
1989-01,Allan Lamb,England,813
1989-01,David Boon,Australia,816
1989-01,Dean Jones,Australia,835
1989-01,Desmond Haynes,West Indies,829
1989-01,Geoff Marsh,Australia,763
1989-01,Gordon Greenidge,West Indies,830
1989-01,Graham Gooch,England,825
1989-01,Javed Miandad,Pakistan,892
1989-01,Kapil Dev,India,688
1989-01,Kris Srikkanth,India,679
1989-01,Mike Gatting,England,692
1989-01,Rameez Raja,Pakistan,688
1989-01,Saleem Malik,Pakistan,721
1989-01,Steve Waugh,Australia,732
1989-01,Vivian Richards,West Indies,871
1989-02,Allan Border,Australia,679
1989-02,Allan Lamb,England,813
1989-02,David Boon,Australia,758
1989-02,Dean Jones,Australia,854
1989-02,Desmond Haynes,West Indies,821
1989-02,Geoff Marsh,Australia,789
1989-02,Gordon Greenidge,West Indies,797
1989-02,Graham Gooch,England,825
1989-02,Javed Miandad,Pakistan,885
1989-02,Kapil Dev,India,688
1989-02,Kris Srikkanth,India,679
1989-02,Mike Gatting,England,692
1989-02,Saleem Malik,Pakistan,682
1989-02,Steve Waugh,Australia,744
1989-02,Vivian Richards,West Indies,858
1989-03,Allan Border,Australia,679
1989-03,Allan Lamb,England,813
1989-03,David Boon,Australia,758
1989-03,Dean Jones,Australia,854
1989-03,Desmond Haynes,West Indies,821
1989-03,Geoff Marsh,Australia,789
1989-03,Gordon Greenidge,West Indies,797
1989-03,Graham Gooch,England,825
1989-03,Javed Miandad,Pakistan,880
1989-03,Kapil Dev,India,688
1989-03,Kris Srikkanth,India,679
1989-03,Mike Gatting,England,692
1989-03,Saleem Malik,Pakistan,718
1989-03,Steve Waugh,Australia,744
1989-03,Vivian Richards,West Indies,858
1989-04,Allan Lamb,England,813
1989-04,Andrew Jones,New Zealand,777
1989-04,David Boon,Australia,758
1989-04,Dean Jones,Australia,854
1989-04,Desmond Haynes,West Indies,860
1989-04,Dilip Vengsarkar,India,684
1989-04,Geoff Marsh,Australia,789
1989-04,Gordon Greenidge,West Indies,822
1989-04,Graham Gooch,England,825
1989-04,Javed Miandad,Pakistan,854
1989-04,Martin Crowe,New Zealand,695
1989-04,Mike Gatting,England,692
1989-04,Saleem Malik,Pakistan,739
1989-04,Steve Waugh,Australia,744
1989-04,Vivian Richards,West Indies,851
1989-05,Allan Lamb,England,813
1989-05,Andrew Jones,New Zealand,777
1989-05,David Boon,Australia,758
1989-05,Dean Jones,Australia,854
1989-05,Desmond Haynes,West Indies,860
1989-05,Dilip Vengsarkar,India,684
1989-05,Geoff Marsh,Australia,789
1989-05,Gordon Greenidge,West Indies,822
1989-05,Graham Gooch,England,825
1989-05,Javed Miandad,Pakistan,854
1989-05,Martin Crowe,New Zealand,695
1989-05,Mike Gatting,England,692
1989-05,Saleem Malik,Pakistan,739
1989-05,Steve Waugh,Australia,744
1989-05,Vivian Richards,West Indies,851
1989-06,Allan Border,Australia,689
1989-06,Allan Lamb,England,824
1989-06,Andrew Jones,New Zealand,777
1989-06,David Boon,Australia,739
1989-06,Dean Jones,Australia,832
1989-06,Desmond Haynes,West Indies,860
1989-06,Dilip Vengsarkar,India,684
1989-06,Geoff Marsh,Australia,803
1989-06,Gordon Greenidge,West Indies,822
1989-06,Graham Gooch,England,843
1989-06,Javed Miandad,Pakistan,854
1989-06,Martin Crowe,New Zealand,695
1989-06,Saleem Malik,Pakistan,739
1989-06,Steve Waugh,Australia,758
1989-06,Vivian Richards,West Indies,851
1989-07,Allan Border,Australia,689
1989-07,Allan Lamb,England,824
1989-07,Andrew Jones,New Zealand,777
1989-07,David Boon,Australia,739
1989-07,Dean Jones,Australia,832
1989-07,Desmond Haynes,West Indies,860
1989-07,Dilip Vengsarkar,India,684
1989-07,Geoff Marsh,Australia,803
1989-07,Gordon Greenidge,West Indies,822
1989-07,Graham Gooch,England,843
1989-07,Javed Miandad,Pakistan,854
1989-07,Martin Crowe,New Zealand,695
1989-07,Saleem Malik,Pakistan,739
1989-07,Steve Waugh,Australia,758
1989-07,Vivian Richards,West Indies,851
1989-08,Allan Border,Australia,689
1989-08,Allan Lamb,England,824
1989-08,Andrew Jones,New Zealand,777
1989-08,David Boon,Australia,739
1989-08,Dean Jones,Australia,832
1989-08,Desmond Haynes,West Indies,860
1989-08,Dilip Vengsarkar,India,684
1989-08,Geoff Marsh,Australia,803
1989-08,Gordon Greenidge,West Indies,822
1989-08,Graham Gooch,England,843
1989-08,Javed Miandad,Pakistan,854
1989-08,Martin Crowe,New Zealand,695
1989-08,Saleem Malik,Pakistan,739
1989-08,Steve Waugh,Australia,758
1989-08,Vivian Richards,West Indies,851
1989-09,Allan Border,Australia,689
1989-09,Allan Lamb,England,824
1989-09,Andrew Jones,New Zealand,777
1989-09,David Boon,Australia,739
1989-09,Dean Jones,Australia,832
1989-09,Desmond Haynes,West Indies,860
1989-09,Dilip Vengsarkar,India,684
1989-09,Geoff Marsh,Australia,803
1989-09,Gordon Greenidge,West Indies,822
1989-09,Graham Gooch,England,843
1989-09,Javed Miandad,Pakistan,854
1989-09,Martin Crowe,New Zealand,695
1989-09,Saleem Malik,Pakistan,739
1989-09,Steve Waugh,Australia,758
1989-09,Vivian Richards,West Indies,851
1989-10,Allan Border,Australia,689
1989-10,Allan Lamb,England,824
1989-10,Andrew Jones,New Zealand,777
1989-10,David Boon,Australia,739
1989-10,Dean Jones,Australia,832
1989-10,Desmond Haynes,West Indies,860
1989-10,Dilip Vengsarkar,India,684
1989-10,Geoff Marsh,Australia,803
1989-10,Gordon Greenidge,West Indies,822
1989-10,Graham Gooch,England,843
1989-10,Javed Miandad,Pakistan,854
1989-10,Martin Crowe,New Zealand,695
1989-10,Saleem Malik,Pakistan,739
1989-10,Steve Waugh,Australia,758
1989-10,Vivian Richards,West Indies,851
1989-11,Allan Border,Australia,713
1989-11,Allan Lamb,England,819
1989-11,Andrew Jones,New Zealand,777
1989-11,Aravinda De Silva,Sri Lanka,743
1989-11,Dean Jones,Australia,853
1989-11,Desmond Haynes,West Indies,861
1989-11,Geoff Marsh,Australia,799
1989-11,Gordon Greenidge,West Indies,778
1989-11,Graham Gooch,England,814
1989-11,Javed Miandad,Pakistan,808
1989-11,Martin Crowe,New Zealand,695
1989-11,Navjot Sidhu,India,710
1989-11,Saleem Malik,Pakistan,822
1989-11,Steve Waugh,Australia,751
1989-11,Vivian Richards,West Indies,830
1989-12,Allan Border,Australia,713
1989-12,Allan Lamb,England,819
1989-12,Andrew Jones,New Zealand,777
1989-12,Aravinda De Silva,Sri Lanka,743
1989-12,Dean Jones,Australia,853
1989-12,Desmond Haynes,West Indies,861
1989-12,Geoff Marsh,Australia,799
1989-12,Gordon Greenidge,West Indies,778
1989-12,Graham Gooch,England,814
1989-12,Javed Miandad,Pakistan,808
1989-12,Martin Crowe,New Zealand,695
1989-12,Navjot Sidhu,India,710
1989-12,Saleem Malik,Pakistan,822
1989-12,Steve Waugh,Australia,751
1989-12,Vivian Richards,West Indies,830
1990-01,Allan Border,Australia,704
1990-01,Allan Lamb,England,819
1990-01,Andrew Jones,New Zealand,777
1990-01,Aravinda De Silva,Sri Lanka,722
1990-01,Dean Jones,Australia,870
1990-01,Desmond Haynes,West Indies,861
1990-01,Geoff Marsh,Australia,807
1990-01,Gordon Greenidge,West Indies,778
1990-01,Graham Gooch,England,814
1990-01,Javed Miandad,Pakistan,788
1990-01,Martin Crowe,New Zealand,695
1990-01,Saleem Malik,Pakistan,795
1990-01,Sir Richie Richardson,West Indies,692
1990-01,Steve Waugh,Australia,738
1990-01,Vivian Richards,West Indies,830
1990-02,Allan Border,Australia,720
1990-02,Allan Lamb,England,819
1990-02,Andrew Jones,New Zealand,777
1990-02,Aravinda De Silva,Sri Lanka,707
1990-02,David Boon,Australia,695
1990-02,Dean Jones,Australia,867
1990-02,Desmond Haynes,West Indies,861
1990-02,Geoff Marsh,Australia,785
1990-02,Gordon Greenidge,West Indies,778
1990-02,Graham Gooch,England,814
1990-02,Javed Miandad,Pakistan,784
1990-02,Martin Crowe,New Zealand,695
1990-02,Saleem Malik,Pakistan,791
1990-02,Steve Waugh,Australia,729
1990-02,Vivian Richards,West Indies,830
1990-03,Allan Border,Australia,729
1990-03,Allan Lamb,England,819
1990-03,Andrew Jones,New Zealand,767
1990-03,Aravinda De Silva,Sri Lanka,709
1990-03,Dean Jones,Australia,888
1990-03,Desmond Haynes,West Indies,854
1990-03,Geoff Marsh,Australia,762
1990-03,Gordon Greenidge,West Indies,770
1990-03,Graham Gooch,England,814
1990-03,Javed Miandad,Pakistan,742
1990-03,Martin Crowe,New Zealand,727
1990-03,Saleem Malik,Pakistan,759
1990-03,Sir Richie Richardson,West Indies,699
1990-03,Steve Waugh,Australia,694
1990-03,Vivian Richards,West Indies,828
1990-04,Allan Border,Australia,720
1990-04,Allan Lamb,England,812
1990-04,Andrew Jones,New Zealand,769
1990-04,Aravinda De Silva,Sri Lanka,709
1990-04,David Boon,Australia,677
1990-04,Dean Jones,Australia,911
1990-04,Desmond Haynes,West Indies,843
1990-04,Geoff Marsh,Australia,745
1990-04,Gordon Greenidge,West Indies,781
1990-04,Graham Gooch,England,801
1990-04,Javed Miandad,Pakistan,742
1990-04,Martin Crowe,New Zealand,718
1990-04,Saleem Malik,Pakistan,759
1990-04,Sir Richie Richardson,West Indies,721
1990-04,Vivian Richards,West Indies,810
1990-05,Allan Border,Australia,723
1990-05,Allan Lamb,England,823
1990-05,Andrew Jones,New Zealand,801
1990-05,Aravinda De Silva,Sri Lanka,693
1990-05,David Boon,Australia,707
1990-05,Dean Jones,Australia,901
1990-05,Desmond Haynes,West Indies,842
1990-05,Geoff Marsh,Australia,739
1990-05,Gordon Greenidge,West Indies,768
1990-05,Graham Gooch,England,797
1990-05,Javed Miandad,Pakistan,750
1990-05,Martin Crowe,New Zealand,713
1990-05,Saleem Malik,Pakistan,748
1990-05,Sir Richie Richardson,West Indies,738
1990-05,Vivian Richards,West Indies,806
1990-06,Allan Border,Australia,711
1990-06,Allan Lamb,England,805
1990-06,Andrew Jones,New Zealand,808
1990-06,Aravinda De Silva,Sri Lanka,687
1990-06,David Boon,Australia,715
1990-06,Dean Jones,Australia,902
1990-06,Desmond Haynes,West Indies,842
1990-06,Geoff Marsh,Australia,741
1990-06,Gordon Greenidge,West Indies,768
1990-06,Graham Gooch,England,828
1990-06,Javed Miandad,Pakistan,741
1990-06,Martin Crowe,New Zealand,704
1990-06,Saleem Malik,Pakistan,773
1990-06,Sir Richie Richardson,West Indies,738
1990-06,Vivian Richards,West Indies,806
1990-07,Allan Border,Australia,711
1990-07,Allan Lamb,England,805
1990-07,Andrew Jones,New Zealand,808
1990-07,Aravinda De Silva,Sri Lanka,687
1990-07,David Boon,Australia,715
1990-07,Dean Jones,Australia,902
1990-07,Desmond Haynes,West Indies,842
1990-07,Geoff Marsh,Australia,741
1990-07,Gordon Greenidge,West Indies,768
1990-07,Graham Gooch,England,828
1990-07,Javed Miandad,Pakistan,741
1990-07,Martin Crowe,New Zealand,704
1990-07,Saleem Malik,Pakistan,773
1990-07,Sir Richie Richardson,West Indies,738
1990-07,Vivian Richards,West Indies,806
1990-08,Allan Border,Australia,711
1990-08,Allan Lamb,England,799
1990-08,Andrew Jones,New Zealand,808
1990-08,David Boon,Australia,715
1990-08,Dean Jones,Australia,902
1990-08,Desmond Haynes,West Indies,842
1990-08,Geoff Marsh,Australia,741
1990-08,Gordon Greenidge,West Indies,768
1990-08,Graham Gooch,England,817
1990-08,Javed Miandad,Pakistan,741
1990-08,Martin Crowe,New Zealand,704
1990-08,Mohammad Azharuddin,India,729
1990-08,Saleem Malik,Pakistan,773
1990-08,Sir Richie Richardson,West Indies,738
1990-08,Vivian Richards,West Indies,806
1990-09,Allan Border,Australia,711
1990-09,Allan Lamb,England,799
1990-09,Andrew Jones,New Zealand,808
1990-09,David Boon,Australia,715
1990-09,Dean Jones,Australia,902
1990-09,Desmond Haynes,West Indies,842
1990-09,Geoff Marsh,Australia,741
1990-09,Gordon Greenidge,West Indies,768
1990-09,Graham Gooch,England,817
1990-09,Javed Miandad,Pakistan,741
1990-09,Martin Crowe,New Zealand,704
1990-09,Mohammad Azharuddin,India,729
1990-09,Saleem Malik,Pakistan,773
1990-09,Sir Richie Richardson,West Indies,738
1990-09,Vivian Richards,West Indies,806
1990-10,Allan Border,Australia,711
1990-10,Allan Lamb,England,799
1990-10,Andrew Jones,New Zealand,808
1990-10,David Boon,Australia,715
1990-10,Dean Jones,Australia,902
1990-10,Desmond Haynes,West Indies,842
1990-10,Geoff Marsh,Australia,741
1990-10,Gordon Greenidge,West Indies,768
1990-10,Graham Gooch,England,817
1990-10,Javed Miandad,Pakistan,741
1990-10,Martin Crowe,New Zealand,704
1990-10,Mohammad Azharuddin,India,729
1990-10,Saleem Malik,Pakistan,773
1990-10,Sir Richie Richardson,West Indies,738
1990-10,Vivian Richards,West Indies,806
1990-11,Allan Border,Australia,711
1990-11,Allan Lamb,England,799
1990-11,Andrew Jones,New Zealand,808
1990-11,David Boon,Australia,715
1990-11,Dean Jones,Australia,902
1990-11,Desmond Haynes,West Indies,842
1990-11,Geoff Marsh,Australia,741
1990-11,Gordon Greenidge,West Indies,768
1990-11,Graham Gooch,England,817
1990-11,Javed Miandad,Pakistan,741
1990-11,Martin Crowe,New Zealand,704
1990-11,Mohammad Azharuddin,India,729
1990-11,Saleem Malik,Pakistan,773
1990-11,Sir Richie Richardson,West Indies,738
1990-11,Vivian Richards,West Indies,806
1990-12,Allan Border,Australia,711
1990-12,Allan Lamb,England,801
1990-12,Andrew Jones,New Zealand,785
1990-12,Aravinda De Silva,Sri Lanka,719
1990-12,David Boon,Australia,702
1990-12,Dean Jones,Australia,900
1990-12,Desmond Haynes,West Indies,849
1990-12,Geoff Marsh,Australia,742
1990-12,Gordon Greenidge,West Indies,751
1990-12,Graham Gooch,England,813
1990-12,Javed Miandad,Pakistan,714
1990-12,Mohammad Azharuddin,India,717
1990-12,Saleem Malik,Pakistan,803
1990-12,Sir Richie Richardson,West Indies,726
1990-12,Vivian Richards,West Indies,794
1991-01,Allan Lamb,England,786
1991-01,Andrew Jones,New Zealand,742
1991-01,Aravinda De Silva,Sri Lanka,736
1991-01,Arjuna Ranatunga,Sri Lanka,706
1991-01,Dean Jones,Australia,910
1991-01,Desmond Haynes,West Indies,849
1991-01,Geoff Marsh,Australia,774
1991-01,Gordon Greenidge,West Indies,751
1991-01,Graham Gooch,England,796
1991-01,Martin Crowe,New Zealand,748
1991-01,Mohammad Azharuddin,India,719
1991-01,Navjot Sidhu,India,719
1991-01,Saleem Malik,Pakistan,783
1991-01,Sir Richie Richardson,West Indies,726
1991-01,Vivian Richards,West Indies,794
1991-02,Allan Lamb,England,782
1991-02,Andrew Jones,New Zealand,766
1991-02,Aravinda De Silva,Sri Lanka,707
1991-02,Arjuna Ranatunga,Sri Lanka,708
1991-02,Dean Jones,Australia,908
1991-02,Desmond Haynes,West Indies,849
1991-02,Geoff Marsh,Australia,760
1991-02,Gordon Greenidge,West Indies,751
1991-02,Graham Gooch,England,795
1991-02,Martin Crowe,New Zealand,730
1991-02,Mohammad Azharuddin,India,734
1991-02,Navjot Sidhu,India,712
1991-02,Saleem Malik,Pakistan,783
1991-02,Sir Richie Richardson,West Indies,726
1991-02,Vivian Richards,West Indies,794
1991-03,Allan Lamb,England,799
1991-03,Andrew Jones,New Zealand,789
1991-03,Aravinda De Silva,Sri Lanka,702
1991-03,Arjuna Ranatunga,Sri Lanka,713
1991-03,Dean Jones,Australia,916
1991-03,Desmond Haynes,West Indies,842
1991-03,Geoff Marsh,Australia,755
1991-03,Gordon Greenidge,West Indies,737
1991-03,Graham Gooch,England,790
1991-03,Javed Miandad,Pakistan,692
1991-03,Mohammad Azharuddin,India,734
1991-03,Navjot Sidhu,India,712
1991-03,Saleem Malik,Pakistan,783
1991-03,Sir Richie Richardson,West Indies,738
1991-03,Vivian Richards,West Indies,789
1991-04,Allan Border,Australia,692
1991-04,Allan Lamb,England,799
1991-04,Andrew Jones,New Zealand,789
1991-04,Aravinda De Silva,Sri Lanka,702
1991-04,Arjuna Ranatunga,Sri Lanka,713
1991-04,Dean Jones,Australia,906
1991-04,Desmond Haynes,West Indies,831
1991-04,Geoff Marsh,Australia,812
1991-04,Gordon Greenidge,West Indies,720
1991-04,Graham Gooch,England,790
1991-04,Mohammad Azharuddin,India,734
1991-04,Navjot Sidhu,India,712
1991-04,Saleem Malik,Pakistan,783
1991-04,Sir Richie Richardson,West Indies,763
1991-04,Vivian Richards,West Indies,768
1991-05,Allan Border,Australia,692
1991-05,Allan Lamb,England,799
1991-05,Andrew Jones,New Zealand,789
1991-05,Aravinda De Silva,Sri Lanka,702
1991-05,Arjuna Ranatunga,Sri Lanka,713
1991-05,Dean Jones,Australia,906
1991-05,Desmond Haynes,West Indies,831
1991-05,Geoff Marsh,Australia,812
1991-05,Gordon Greenidge,West Indies,720
1991-05,Graham Gooch,England,790
1991-05,Mohammad Azharuddin,India,734
1991-05,Navjot Sidhu,India,712
1991-05,Saleem Malik,Pakistan,783
1991-05,Sir Richie Richardson,West Indies,763
1991-05,Vivian Richards,West Indies,768
1991-06,Allan Border,Australia,692
1991-06,Allan Lamb,England,805
1991-06,Andrew Jones,New Zealand,789
1991-06,Aravinda De Silva,Sri Lanka,702
1991-06,Arjuna Ranatunga,Sri Lanka,713
1991-06,Dean Jones,Australia,906
1991-06,Desmond Haynes,West Indies,819
1991-06,Geoff Marsh,Australia,812
1991-06,Graham Gooch,England,771
1991-06,Javed Miandad,Pakistan,692
1991-06,Mohammad Azharuddin,India,734
1991-06,Navjot Sidhu,India,712
1991-06,Saleem Malik,Pakistan,783
1991-06,Sir Richie Richardson,West Indies,738
1991-06,Vivian Richards,West Indies,778
1991-07,Allan Border,Australia,692
1991-07,Allan Lamb,England,805
1991-07,Andrew Jones,New Zealand,789
1991-07,Aravinda De Silva,Sri Lanka,702
1991-07,Arjuna Ranatunga,Sri Lanka,713
1991-07,Dean Jones,Australia,906
1991-07,Desmond Haynes,West Indies,819
1991-07,Geoff Marsh,Australia,812
1991-07,Graham Gooch,England,771
1991-07,Javed Miandad,Pakistan,692
1991-07,Mohammad Azharuddin,India,734
1991-07,Navjot Sidhu,India,712
1991-07,Saleem Malik,Pakistan,783
1991-07,Sir Richie Richardson,West Indies,738
1991-07,Vivian Richards,West Indies,778
1991-08,Allan Border,Australia,692
1991-08,Allan Lamb,England,805
1991-08,Andrew Jones,New Zealand,789
1991-08,Aravinda De Silva,Sri Lanka,702
1991-08,Arjuna Ranatunga,Sri Lanka,713
1991-08,Dean Jones,Australia,906
1991-08,Desmond Haynes,West Indies,819
1991-08,Geoff Marsh,Australia,812
1991-08,Graham Gooch,England,771
1991-08,Javed Miandad,Pakistan,692
1991-08,Mohammad Azharuddin,India,734
1991-08,Navjot Sidhu,India,712
1991-08,Saleem Malik,Pakistan,783
1991-08,Sir Richie Richardson,West Indies,738
1991-08,Vivian Richards,West Indies,778
1991-09,Allan Border,Australia,692
1991-09,Allan Lamb,England,805
1991-09,Andrew Jones,New Zealand,789
1991-09,Aravinda De Silva,Sri Lanka,702
1991-09,Arjuna Ranatunga,Sri Lanka,713
1991-09,Dean Jones,Australia,906
1991-09,Desmond Haynes,West Indies,819
1991-09,Geoff Marsh,Australia,812
1991-09,Graham Gooch,England,771
1991-09,Javed Miandad,Pakistan,692
1991-09,Mohammad Azharuddin,India,734
1991-09,Navjot Sidhu,India,712
1991-09,Saleem Malik,Pakistan,783
1991-09,Sir Richie Richardson,West Indies,738
1991-09,Vivian Richards,West Indies,778
1991-10,Allan Border,Australia,692
1991-10,Allan Lamb,England,805
1991-10,Andrew Jones,New Zealand,789
1991-10,Aravinda De Silva,Sri Lanka,702
1991-10,Arjuna Ranatunga,Sri Lanka,713
1991-10,Dean Jones,Australia,906
1991-10,Desmond Haynes,West Indies,819
1991-10,Geoff Marsh,Australia,812
1991-10,Graham Gooch,England,771
1991-10,Javed Miandad,Pakistan,692
1991-10,Mohammad Azharuddin,India,734
1991-10,Navjot Sidhu,India,712
1991-10,Saleem Malik,Pakistan,783
1991-10,Sir Richie Richardson,West Indies,738
1991-10,Vivian Richards,West Indies,778
1991-11,Allan Border,Australia,692
1991-11,Allan Lamb,England,805
1991-11,Andrew Jones,New Zealand,789
1991-11,Aravinda De Silva,Sri Lanka,702
1991-11,Arjuna Ranatunga,Sri Lanka,713
1991-11,Dean Jones,Australia,906
1991-11,Desmond Haynes,West Indies,802
1991-11,Geoff Marsh,Australia,812
1991-11,Graham Gooch,England,771
1991-11,Javed Miandad,Pakistan,690
1991-11,Martin Crowe,New Zealand,690
1991-11,Mohammad Azharuddin,India,710
1991-11,Navjot Sidhu,India,772
1991-11,Saleem Malik,Pakistan,780
1991-11,Sir Richie Richardson,West Indies,802
1991-12,Allan Border,Australia,692
1991-12,Allan Lamb,England,805
1991-12,Andrew Jones,New Zealand,789
1991-12,Aravinda De Silva,Sri Lanka,702
1991-12,Arjuna Ranatunga,Sri Lanka,713
1991-12,Dean Jones,Australia,906
1991-12,Desmond Haynes,West Indies,804
1991-12,Geoff Marsh,Australia,812
1991-12,Graham Gooch,England,771
1991-12,Martin Crowe,New Zealand,690
1991-12,Mohammad Azharuddin,India,695
1991-12,Navjot Sidhu,India,762
1991-12,Saleem Malik,Pakistan,749
1991-12,Sanjay Manjrekar,India,688
1991-12,Sir Richie Richardson,West Indies,775
1992-01,Allan Border,Australia,716
1992-01,Allan Lamb,England,805
1992-01,Andrew Jones,New Zealand,789
1992-01,Aravinda De Silva,Sri Lanka,702
1992-01,Arjuna Ranatunga,Sri Lanka,713
1992-01,Dean Jones,Australia,894
1992-01,Desmond Haynes,West Indies,808
1992-01,Geoff Marsh,Australia,800
1992-01,Graham Gooch,England,771
1992-01,Javed Miandad,Pakistan,684
1992-01,Martin Crowe,New Zealand,690
1992-01,Navjot Sidhu,India,743
1992-01,Saleem Malik,Pakistan,749
1992-01,Sanjay Manjrekar,India,699
1992-01,Sir Richie Richardson,West Indies,731
1992-02,Allan Border,Australia,720
1992-02,Allan Lamb,England,797
1992-02,Andrew Jones,New Zealand,770
1992-02,Arjuna Ranatunga,Sri Lanka,695
1992-02,David Boon,Australia,740
1992-02,Dean Jones,Australia,885
1992-02,Desmond Haynes,West Indies,800
1992-02,Geoff Marsh,Australia,797
1992-02,Graham Gooch,England,776
1992-02,Imran Khan,Pakistan,689
1992-02,Javed Miandad,Pakistan,714
1992-02,Navjot Sidhu,India,694
1992-02,Sachin Tendulkar,India,698
1992-02,Saleem Malik,Pakistan,767
1992-02,Sir Richie Richardson,West Indies,745
1992-03,Allan Border,Australia,690
1992-03,Allan Lamb,England,784
1992-03,Andrew Jones,New Zealand,750
1992-03,Arjuna Ranatunga,Sri Lanka,707
1992-03,David Boon,Australia,765
1992-03,Dean Jones,Australia,887
1992-03,Desmond Haynes,West Indies,812
1992-03,Geoff Marsh,Australia,769
1992-03,Graham Gooch,England,785
1992-03,Javed Miandad,Pakistan,729
1992-03,Martin Crowe,New Zealand,692
1992-03,Robin Smith,England,734
1992-03,Sachin Tendulkar,India,695
1992-03,Saleem Malik,Pakistan,767
1992-03,Sir Richie Richardson,West Indies,739
1992-04,Allan Lamb,England,747
1992-04,Andrew Jones,New Zealand,752
1992-04,Arjuna Ranatunga,Sri Lanka,708
1992-04,David Boon,Australia,783
1992-04,Dean Jones,Australia,880
1992-04,Desmond Haynes,West Indies,792
1992-04,Graham Gooch,England,743
1992-04,Javed Miandad,Pakistan,754
1992-04,Martin Crowe,New Zealand,771
1992-04,Mohammad Azharuddin,India,687
1992-04,Rameez Raja,Pakistan,700
1992-04,Robin Smith,England,710
1992-04,Sachin Tendulkar,India,766
1992-04,Saleem Malik,Pakistan,731
1992-04,Sir Richie Richardson,West Indies,692
1992-05,Allan Lamb,England,747
1992-05,Andrew Jones,New Zealand,752
1992-05,Arjuna Ranatunga,Sri Lanka,708
1992-05,David Boon,Australia,783
1992-05,Dean Jones,Australia,880
1992-05,Desmond Haynes,West Indies,783
1992-05,Graham Gooch,England,743
1992-05,Javed Miandad,Pakistan,754
1992-05,Martin Crowe,New Zealand,771
1992-05,Mohammad Azharuddin,India,687
1992-05,Rameez Raja,Pakistan,700
1992-05,Robin Smith,England,710
1992-05,Sachin Tendulkar,India,766
1992-05,Saleem Malik,Pakistan,731
1992-05,Sir Richie Richardson,West Indies,694
1992-06,Allan Lamb,England,752
1992-06,Andrew Jones,New Zealand,752
1992-06,Arjuna Ranatunga,Sri Lanka,708
1992-06,David Boon,Australia,783
1992-06,Dean Jones,Australia,880
1992-06,Desmond Haynes,West Indies,783
1992-06,Graham Gooch,England,726
1992-06,Javed Miandad,Pakistan,744
1992-06,Martin Crowe,New Zealand,771
1992-06,Mohammad Azharuddin,India,687
1992-06,Rameez Raja,Pakistan,710
1992-06,Robin Smith,England,732
1992-06,Sachin Tendulkar,India,766
1992-06,Saleem Malik,Pakistan,724
1992-06,Sir Richie Richardson,West Indies,694
1992-07,Allan Lamb,England,752
1992-07,Andrew Jones,New Zealand,752
1992-07,Arjuna Ranatunga,Sri Lanka,708
1992-07,David Boon,Australia,783
1992-07,Dean Jones,Australia,880
1992-07,Desmond Haynes,West Indies,783
1992-07,Graham Gooch,England,726
1992-07,Javed Miandad,Pakistan,744
1992-07,Martin Crowe,New Zealand,771
1992-07,Mohammad Azharuddin,India,687
1992-07,Rameez Raja,Pakistan,710
1992-07,Robin Smith,England,732
1992-07,Sachin Tendulkar,India,766
1992-07,Saleem Malik,Pakistan,724
1992-07,Sir Richie Richardson,West Indies,694
1992-08,Allan Lamb,England,752
1992-08,Andrew Jones,New Zealand,752
1992-08,Arjuna Ranatunga,Sri Lanka,708
1992-08,David Boon,Australia,783
1992-08,Dean Jones,Australia,880
1992-08,Desmond Haynes,West Indies,783
1992-08,Graham Gooch,England,726
1992-08,Javed Miandad,Pakistan,744
1992-08,Martin Crowe,New Zealand,771
1992-08,Mohammad Azharuddin,India,687
1992-08,Rameez Raja,Pakistan,710
1992-08,Robin Smith,England,732
1992-08,Sachin Tendulkar,India,766
1992-08,Saleem Malik,Pakistan,724
1992-08,Sir Richie Richardson,West Indies,694
1992-09,Allan Lamb,England,745
1992-09,Andrew Jones,New Zealand,752
1992-09,Aravinda De Silva,Sri Lanka,691
1992-09,Arjuna Ranatunga,Sri Lanka,717
1992-09,David Boon,Australia,770
1992-09,Dean Jones,Australia,875
1992-09,Desmond Haynes,West Indies,783
1992-09,Graham Gooch,England,733
1992-09,Javed Miandad,Pakistan,750
1992-09,Martin Crowe,New Zealand,771
1992-09,Rameez Raja,Pakistan,695
1992-09,Robin Smith,England,785
1992-09,Sachin Tendulkar,India,766
1992-09,Saleem Malik,Pakistan,734
1992-09,Sir Richie Richardson,West Indies,694
1992-10,Andrew Jones,New Zealand,752
1992-10,Aravinda De Silva,Sri Lanka,714
1992-10,Arjuna Ranatunga,Sri Lanka,704
1992-10,David Boon,Australia,780
1992-10,Dean Jones,Australia,871
1992-10,Desmond Haynes,West Indies,783
1992-10,Graham Gooch,England,733
1992-10,Javed Miandad,Pakistan,750
1992-10,Martin Crowe,New Zealand,771
1992-10,Mohammad Azharuddin,India,687
1992-10,Rameez Raja,Pakistan,695
1992-10,Robin Smith,England,785
1992-10,Sachin Tendulkar,India,766
1992-10,Saleem Malik,Pakistan,734
1992-10,Sir Richie Richardson,West Indies,694
1992-11,Andrew Jones,New Zealand,764
1992-11,Aravinda De Silva,Sri Lanka,714
1992-11,Arjuna Ranatunga,Sri Lanka,704
1992-11,Brian Lara,West Indies,683
1992-11,David Boon,Australia,780
1992-11,Dean Jones,Australia,871
1992-11,Desmond Haynes,West Indies,783
1992-11,Graham Gooch,England,733
1992-11,Javed Miandad,Pakistan,750
1992-11,Martin Crowe,New Zealand,771
1992-11,Rameez Raja,Pakistan,695
1992-11,Robin Smith,England,785
1992-11,Sachin Tendulkar,India,772
1992-11,Saleem Malik,Pakistan,734
1992-11,Sir Richie Richardson,West Indies,694
1992-12,Andrew Jones,New Zealand,760
1992-12,Aravinda De Silva,Sri Lanka,714
1992-12,Arjuna Ranatunga,Sri Lanka,704
1992-12,Brian Lara,West Indies,683
1992-12,David Boon,Australia,780
1992-12,Dean Jones,Australia,871
1992-12,Desmond Haynes,West Indies,783
1992-12,Graham Gooch,England,733
1992-12,Javed Miandad,Pakistan,750
1992-12,Martin Crowe,New Zealand,789
1992-12,Rameez Raja,Pakistan,695
1992-12,Robin Smith,England,785
1992-12,Sachin Tendulkar,India,772
1992-12,Saleem Malik,Pakistan,734
1992-12,Sir Richie Richardson,West Indies,694
1993-01,Andrew Jones,New Zealand,697
1993-01,Aravinda De Silva,Sri Lanka,725
1993-01,Arjuna Ranatunga,Sri Lanka,698
1993-01,Brian Lara,West Indies,705
1993-01,David Boon,Australia,739
1993-01,Dean Jones,Australia,858
1993-01,Desmond Haynes,West Indies,793
1993-01,Graham Gooch,England,733
1993-01,Javed Miandad,Pakistan,724
1993-01,Martin Crowe,New Zealand,798
1993-01,Mohammad Azharuddin,India,697
1993-01,Robin Smith,England,785
1993-01,Sachin Tendulkar,India,728
1993-01,Saleem Malik,Pakistan,727
1993-01,Sir Richie Richardson,West Indies,726
1993-02,Andrew Jones,New Zealand,697
1993-02,Aravinda De Silva,Sri Lanka,725
1993-02,Arjuna Ranatunga,Sri Lanka,698
1993-02,Brian Lara,West Indies,752
1993-02,David Boon,Australia,731
1993-02,Dean Jones,Australia,836
1993-02,Desmond Haynes,West Indies,788
1993-02,Graham Gooch,England,707
1993-02,Javed Miandad,Pakistan,708
1993-02,Martin Crowe,New Zealand,798
1993-02,Mohammad Azharuddin,India,689
1993-02,Robin Smith,England,770
1993-02,Sachin Tendulkar,India,742
1993-02,Saleem Malik,Pakistan,695
1993-02,Sir Richie Richardson,West Indies,707
1993-03,Andrew Jones,New Zealand,697
1993-03,Aravinda De Silva,Sri Lanka,708
1993-03,Arjuna Ranatunga,Sri Lanka,687
1993-03,Brian Lara,West Indies,873
1993-03,David Boon,Australia,731
1993-03,Dean Jones,Australia,836
1993-03,Desmond Haynes,West Indies,789
1993-03,Graham Gooch,England,708
1993-03,Javed Miandad,Pakistan,724
1993-03,Martin Crowe,New Zealand,798
1993-03,Mohammad Azharuddin,India,674
1993-03,Neil Fairbrother,England,695
1993-03,Rameez Raja,Pakistan,697
1993-03,Robin Smith,England,755
1993-03,Sachin Tendulkar,India,718
1993-04,Aravinda De Silva,Sri Lanka,731
1993-04,Brian Lara,West Indies,891
1993-04,David Boon,Australia,716
1993-04,Dean Jones,Australia,832
1993-04,Desmond Haynes,West Indies,763
1993-04,Graeme Hick,England,709
1993-04,Inzamam-ul-Haq,Pakistan,718
1993-04,Javed Miandad,Pakistan,737
1993-04,Mark Waugh,Australia,734
1993-04,Martin Crowe,New Zealand,809
1993-04,Mohammad Azharuddin,India,722
1993-04,Navjot Sidhu,India,709
1993-04,Neil Fairbrother,England,711
1993-04,Robin Smith,England,791
1993-04,Sachin Tendulkar,India,690
1993-05,Aravinda De Silva,Sri Lanka,731
1993-05,Brian Lara,West Indies,885
1993-05,David Boon,Australia,716
1993-05,Dean Jones,Australia,832
1993-05,Desmond Haynes,West Indies,776
1993-05,Graeme Hick,England,709
1993-05,Inzamam-ul-Haq,Pakistan,729
1993-05,Javed Miandad,Pakistan,726
1993-05,Mark Waugh,Australia,734
1993-05,Martin Crowe,New Zealand,809
1993-05,Mohammad Azharuddin,India,722
1993-05,Navjot Sidhu,India,709
1993-05,Neil Fairbrother,England,711
1993-05,Robin Smith,England,791
1993-05,Sachin Tendulkar,India,690
1993-06,Aravinda De Silva,Sri Lanka,731
1993-06,Brian Lara,West Indies,885
1993-06,David Boon,Australia,715
1993-06,Dean Jones,Australia,820
1993-06,Desmond Haynes,West Indies,776
1993-06,Graeme Hick,England,724
1993-06,Inzamam-ul-Haq,Pakistan,729
1993-06,Javed Miandad,Pakistan,726
1993-06,Mark Waugh,Australia,783
1993-06,Martin Crowe,New Zealand,809
1993-06,Mohammad Azharuddin,India,722
1993-06,Navjot Sidhu,India,709
1993-06,Neil Fairbrother,England,727
1993-06,Robin Smith,England,816
1993-06,Sachin Tendulkar,India,690
1993-07,Aravinda De Silva,Sri Lanka,731
1993-07,Brian Lara,West Indies,885
1993-07,David Boon,Australia,715
1993-07,Dean Jones,Australia,820
1993-07,Desmond Haynes,West Indies,776
1993-07,Graeme Hick,England,724
1993-07,Inzamam-ul-Haq,Pakistan,729
1993-07,Javed Miandad,Pakistan,726
1993-07,Mark Waugh,Australia,783
1993-07,Martin Crowe,New Zealand,809
1993-07,Mohammad Azharuddin,India,722
1993-07,Navjot Sidhu,India,709
1993-07,Neil Fairbrother,England,727
1993-07,Robin Smith,England,816
1993-07,Sachin Tendulkar,India,690
1993-08,Aravinda De Silva,Sri Lanka,748
1993-08,Brian Lara,West Indies,885
1993-08,David Boon,Australia,715
1993-08,Dean Jones,Australia,820
1993-08,Desmond Haynes,West Indies,776
1993-08,Graeme Hick,England,724
1993-08,Inzamam-ul-Haq,Pakistan,729
1993-08,Javed Miandad,Pakistan,726
1993-08,Mark Waugh,Australia,783
1993-08,Martin Crowe,New Zealand,809
1993-08,Mohammad Azharuddin,India,733
1993-08,Navjot Sidhu,India,711
1993-08,Neil Fairbrother,England,727
1993-08,Robin Smith,England,816
1993-08,Sachin Tendulkar,India,683
1993-09,Aravinda De Silva,Sri Lanka,727
1993-09,Arjuna Ranatunga,Sri Lanka,691
1993-09,Brian Lara,West Indies,885
1993-09,David Boon,Australia,715
1993-09,Dean Jones,Australia,820
1993-09,Desmond Haynes,West Indies,776
1993-09,Graeme Hick,England,724
1993-09,Inzamam-ul-Haq,Pakistan,729
1993-09,Javed Miandad,Pakistan,726
1993-09,Mark Waugh,Australia,783
1993-09,Martin Crowe,New Zealand,809
1993-09,Mohammad Azharuddin,India,763
1993-09,Navjot Sidhu,India,683
1993-09,Neil Fairbrother,England,727
1993-09,Robin Smith,England,816
1993-10,Aravinda De Silva,Sri Lanka,738
1993-10,Arjuna Ranatunga,Sri Lanka,687
1993-10,Brian Lara,West Indies,885
1993-10,David Boon,Australia,715
1993-10,Dean Jones,Australia,820
1993-10,Desmond Haynes,West Indies,776
1993-10,Graeme Hick,England,724
1993-10,Inzamam-ul-Haq,Pakistan,729
1993-10,Javed Miandad,Pakistan,726
1993-10,Mark Waugh,Australia,783
1993-10,Martin Crowe,New Zealand,809
1993-10,Mohammad Azharuddin,India,763
1993-10,Navjot Sidhu,India,683
1993-10,Neil Fairbrother,England,727
1993-10,Robin Smith,England,816
1993-11,Aravinda De Silva,Sri Lanka,716
1993-11,Arjuna Ranatunga,Sri Lanka,717
1993-11,Brian Lara,West Indies,846
1993-11,David Boon,Australia,715
1993-11,Dean Jones,Australia,820
1993-11,Desmond Haynes,West Indies,756
1993-11,Graeme Hick,England,724
1993-11,Inzamam-ul-Haq,Pakistan,713
1993-11,Javed Miandad,Pakistan,709
1993-11,Mark Waugh,Australia,783
1993-11,Martin Crowe,New Zealand,809
1993-11,Mohammad Azharuddin,India,763
1993-11,Navjot Sidhu,India,683
1993-11,Neil Fairbrother,England,727
1993-11,Robin Smith,England,816
1993-12,Aravinda De Silva,Sri Lanka,722
1993-12,Arjuna Ranatunga,Sri Lanka,677
1993-12,Brian Lara,West Indies,866
1993-12,David Boon,Australia,715
1993-12,Dean Jones,Australia,820
1993-12,Desmond Haynes,West Indies,717
1993-12,Graeme Hick,England,724
1993-12,Inzamam-ul-Haq,Pakistan,713
1993-12,Javed Miandad,Pakistan,702
1993-12,Mark Waugh,Australia,783
1993-12,Martin Crowe,New Zealand,809
1993-12,Mohammad Azharuddin,India,811
1993-12,Neil Fairbrother,England,727
1993-12,Robin Smith,England,816
1993-12,Saeed Anwar,Pakistan,675
1994-01,Aravinda De Silva,Sri Lanka,730
1994-01,Arjuna Ranatunga,Sri Lanka,686
1994-01,Brian Lara,West Indies,863
1994-01,David Boon,Australia,698
1994-01,Dean Jones,Australia,803
1994-01,Desmond Haynes,West Indies,714
1994-01,Graeme Hick,England,724
1994-01,Inzamam-ul-Haq,Pakistan,737
1994-01,Javed Miandad,Pakistan,705
1994-01,Mark Waugh,Australia,784
1994-01,Martin Crowe,New Zealand,797
1994-01,Mohammad Azharuddin,India,811
1994-01,Neil Fairbrother,England,727
1994-01,Robin Smith,England,816
1994-01,Saeed Anwar,Pakistan,701
1994-02,Aravinda De Silva,Sri Lanka,730
1994-02,Arjuna Ranatunga,Sri Lanka,686
1994-02,Brian Lara,West Indies,863
1994-02,David Boon,Australia,735
1994-02,Dean Jones,Australia,828
1994-02,Desmond Haynes,West Indies,714
1994-02,Graeme Hick,England,724
1994-02,Inzamam-ul-Haq,Pakistan,737
1994-02,Javed Miandad,Pakistan,705
1994-02,Mark Waugh,Australia,828
1994-02,Martin Crowe,New Zealand,781
1994-02,Mohammad Azharuddin,India,811
1994-02,Neil Fairbrother,England,727
1994-02,Robin Smith,England,816
1994-02,Saeed Anwar,Pakistan,701
1994-03,Aravinda De Silva,Sri Lanka,736
1994-03,Brian Lara,West Indies,837
1994-03,David Boon,Australia,748
1994-03,Dean Jones,Australia,818
1994-03,Desmond Haynes,West Indies,711
1994-03,Graeme Hick,England,748
1994-03,Hansie Cronje,South Africa,789
1994-03,Inzamam-ul-Haq,Pakistan,737
1994-03,Javed Miandad,Pakistan,705
1994-03,Mark Waugh,Australia,805
1994-03,Martin Crowe,New Zealand,781
1994-03,Mohammad Azharuddin,India,791
1994-03,Navjot Sidhu,India,715
1994-03,Neil Fairbrother,England,720
1994-03,Robin Smith,England,811
1994-04,Aravinda De Silva,Sri Lanka,736
1994-04,Arjuna Ranatunga,Sri Lanka,694
1994-04,Brian Lara,West Indies,833
1994-04,David Boon,Australia,748
1994-04,Dean Jones,Australia,818
1994-04,Graeme Hick,England,760
1994-04,Hansie Cronje,South Africa,789
1994-04,Inzamam-ul-Haq,Pakistan,707
1994-04,Mark Waugh,Australia,805
1994-04,Martin Crowe,New Zealand,750
1994-04,Mohammad Azharuddin,India,779
1994-04,Navjot Sidhu,India,735
1994-04,Neil Fairbrother,England,709
1994-04,Robin Smith,England,792
1994-04,Sachin Tendulkar,India,703
1994-05,Aravinda De Silva,Sri Lanka,729
1994-05,Basit Ali,Pakistan,704
1994-05,Brian Lara,West Indies,833
1994-05,David Boon,Australia,744
1994-05,Graeme Hick,England,760
1994-05,Hansie Cronje,South Africa,746
1994-05,Inzamam-ul-Haq,Pakistan,735
1994-05,Mark Waugh,Australia,806
1994-05,Martin Crowe,New Zealand,736
1994-05,Mohammad Azharuddin,India,760
1994-05,Navjot Sidhu,India,735
1994-05,Neil Fairbrother,England,709
1994-05,Robin Smith,England,792
1994-05,Sachin Tendulkar,India,722
1994-05,Saeed Anwar,Pakistan,720
1994-06,Aravinda De Silva,Sri Lanka,729
1994-06,Basit Ali,Pakistan,704
1994-06,Brian Lara,West Indies,833
1994-06,David Boon,Australia,744
1994-06,Graeme Hick,England,758
1994-06,Hansie Cronje,South Africa,746
1994-06,Inzamam-ul-Haq,Pakistan,735
1994-06,Mark Waugh,Australia,806
1994-06,Martin Crowe,New Zealand,723
1994-06,Mohammad Azharuddin,India,760
1994-06,Navjot Sidhu,India,735
1994-06,Neil Fairbrother,England,705
1994-06,Robin Smith,England,781
1994-06,Sachin Tendulkar,India,722
1994-06,Saeed Anwar,Pakistan,720
1994-07,Aravinda De Silva,Sri Lanka,729
1994-07,Basit Ali,Pakistan,704
1994-07,Brian Lara,West Indies,833
1994-07,David Boon,Australia,744
1994-07,Graeme Hick,England,758
1994-07,Hansie Cronje,South Africa,746
1994-07,Inzamam-ul-Haq,Pakistan,735
1994-07,Mark Waugh,Australia,806
1994-07,Martin Crowe,New Zealand,723
1994-07,Mohammad Azharuddin,India,760
1994-07,Navjot Sidhu,India,735
1994-07,Neil Fairbrother,England,705
1994-07,Robin Smith,England,781
1994-07,Sachin Tendulkar,India,722
1994-07,Saeed Anwar,Pakistan,720
1994-08,Aravinda De Silva,Sri Lanka,729
1994-08,Basit Ali,Pakistan,704
1994-08,Brian Lara,West Indies,833
1994-08,David Boon,Australia,744
1994-08,Graeme Hick,England,758
1994-08,Hansie Cronje,South Africa,746
1994-08,Inzamam-ul-Haq,Pakistan,735
1994-08,Mark Waugh,Australia,806
1994-08,Martin Crowe,New Zealand,723
1994-08,Mohammad Azharuddin,India,760
1994-08,Navjot Sidhu,India,735
1994-08,Neil Fairbrother,England,705
1994-08,Robin Smith,England,781
1994-08,Sachin Tendulkar,India,722
1994-08,Saeed Anwar,Pakistan,720
1994-09,Aravinda De Silva,Sri Lanka,691
1994-09,Arjuna Ranatunga,Sri Lanka,712
1994-09,Basit Ali,Pakistan,711
1994-09,Brian Lara,West Indies,833
1994-09,David Boon,Australia,744
1994-09,Graeme Hick,England,787
1994-09,Hansie Cronje,South Africa,728
1994-09,Inzamam-ul-Haq,Pakistan,710
1994-09,Mark Waugh,Australia,806
1994-09,Martin Crowe,New Zealand,723
1994-09,Mohammad Azharuddin,India,760
1994-09,Navjot Sidhu,India,735
1994-09,Neil Fairbrother,England,709
1994-09,Robin Smith,England,773
1994-09,Sachin Tendulkar,India,722
1994-10,Arjuna Ranatunga,Sri Lanka,745
1994-10,Basit Ali,Pakistan,702
1994-10,Brian Lara,West Indies,833
1994-10,David Boon,Australia,736
1994-10,Graeme Hick,England,787
1994-10,Hansie Cronje,South Africa,728
1994-10,Mark Waugh,Australia,806
1994-10,Martin Crowe,New Zealand,723
1994-10,Mohammad Azharuddin,India,760
1994-10,Navjot Sidhu,India,715
1994-10,Neil Fairbrother,England,709
1994-10,Robin Smith,England,773
1994-10,Sachin Tendulkar,India,740
1994-10,Saeed Anwar,Pakistan,702
1994-10,Vinod Kambli,India,713
1994-11,Arjuna Ranatunga,Sri Lanka,745
1994-11,Basit Ali,Pakistan,739
1994-11,Brian Lara,West Indies,829
1994-11,David Boon,Australia,746
1994-11,Graeme Hick,England,787
1994-11,Hansie Cronje,South Africa,814
1994-11,Inzamam-ul-Haq,Pakistan,732
1994-11,Mark Waugh,Australia,813
1994-11,Martin Crowe,New Zealand,712
1994-11,Mohammad Azharuddin,India,779
1994-11,Navjot Sidhu,India,704
1994-11,Neil Fairbrother,England,709
1994-11,Robin Smith,England,773
1994-11,Sachin Tendulkar,India,729
1994-11,Saeed Anwar,Pakistan,710
1994-12,Aravinda De Silva,Sri Lanka,730
1994-12,Arjuna Ranatunga,Sri Lanka,749
1994-12,Basit Ali,Pakistan,739
1994-12,Brian Lara,West Indies,826
1994-12,David Boon,Australia,746
1994-12,Graeme Hick,England,787
1994-12,Hansie Cronje,South Africa,814
1994-12,Inzamam-ul-Haq,Pakistan,732
1994-12,Mark Waugh,Australia,813
1994-12,Mohammad Azharuddin,India,786
1994-12,Navjot Sidhu,India,729
1994-12,Robin Smith,England,773
1994-12,Sachin Tendulkar,India,804
1994-12,Saeed Anwar,Pakistan,710
1994-12,Vinod Kambli,India,731
1995-01,Aamer Sohail,Pakistan,723
1995-01,Aravinda De Silva,Sri Lanka,745
1995-01,Arjuna Ranatunga,Sri Lanka,783
1995-01,Basit Ali,Pakistan,719
1995-01,Brian Lara,West Indies,826
1995-01,David Boon,Australia,779
1995-01,Graeme Hick,England,793
1995-01,Hansie Cronje,South Africa,796
1995-01,Inzamam-ul-Haq,Pakistan,735
1995-01,Mark Waugh,Australia,792
1995-01,Mohammad Azharuddin,India,786
1995-01,Navjot Sidhu,India,729
1995-01,Robin Smith,England,765
1995-01,Sachin Tendulkar,India,804
1995-01,Vinod Kambli,India,731
1995-02,Aamer Sohail,Pakistan,732
1995-02,Aravinda De Silva,Sri Lanka,745
1995-02,Arjuna Ranatunga,Sri Lanka,783
1995-02,Basit Ali,Pakistan,704
1995-02,Brian Lara,West Indies,852
1995-02,David Boon,Australia,773
1995-02,Graeme Hick,England,815
1995-02,Hansie Cronje,South Africa,793
1995-02,Inzamam-ul-Haq,Pakistan,715
1995-02,Mark Waugh,Australia,792
1995-02,Mohammad Azharuddin,India,786
1995-02,Navjot Sidhu,India,729
1995-02,Robin Smith,England,758
1995-02,Sachin Tendulkar,India,804
1995-02,Vinod Kambli,India,731
1995-03,Aamer Sohail,Pakistan,706
1995-03,Aravinda De Silva,Sri Lanka,745
1995-03,Arjuna Ranatunga,Sri Lanka,783
1995-03,Basit Ali,Pakistan,694
1995-03,Brian Lara,West Indies,852
1995-03,David Boon,Australia,766
1995-03,Graeme Hick,England,815
1995-03,Hansie Cronje,South Africa,779
1995-03,Inzamam-ul-Haq,Pakistan,750
1995-03,Mark Waugh,Australia,810
1995-03,Mohammad Azharuddin,India,772
1995-03,Navjot Sidhu,India,741
1995-03,Robin Smith,England,758
1995-03,Sachin Tendulkar,India,804
1995-03,Vinod Kambli,India,736
1995-04,Aamer Sohail,Pakistan,706
1995-04,Aravinda De Silva,Sri Lanka,727
1995-04,Arjuna Ranatunga,Sri Lanka,765
1995-04,Basit Ali,Pakistan,694
1995-04,Brian Lara,West Indies,890
1995-04,Carl Hooper,West Indies,738
1995-04,Graeme Hick,England,815
1995-04,Hansie Cronje,South Africa,779
1995-04,Inzamam-ul-Haq,Pakistan,750
1995-04,Mark Waugh,Australia,798
1995-04,Mohammad Azharuddin,India,772
1995-04,Navjot Sidhu,India,741
1995-04,Robin Smith,England,758
1995-04,Sachin Tendulkar,India,804
1995-04,Vinod Kambli,India,736
1995-05,Aamer Sohail,Pakistan,697
1995-05,Aravinda De Silva,Sri Lanka,709
1995-05,Arjuna Ranatunga,Sri Lanka,751
1995-05,Brian Lara,West Indies,890
1995-05,Carl Hooper,West Indies,738
1995-05,Graeme Hick,England,815
1995-05,Hansie Cronje,South Africa,779
1995-05,Inzamam-ul-Haq,Pakistan,797
1995-05,Mark Waugh,Australia,798
1995-05,Mohammad Azharuddin,India,785
1995-05,Navjot Sidhu,India,763
1995-05,Neil Fairbrother,England,692
1995-05,Robin Smith,England,758
1995-05,Sachin Tendulkar,India,820
1995-05,Vinod Kambli,India,712
1995-06,Aravinda De Silva,Sri Lanka,709
1995-06,Arjuna Ranatunga,Sri Lanka,751
1995-06,Brian Lara,West Indies,891
1995-06,Carl Hooper,West Indies,734
1995-06,Graeme Hick,England,801
1995-06,Hansie Cronje,South Africa,779
1995-06,Inzamam-ul-Haq,Pakistan,797
1995-06,Mark Waugh,Australia,798
1995-06,Michael Atherton,England,737
1995-06,Mohammad Azharuddin,India,785
1995-06,Navjot Sidhu,India,763
1995-06,Neil Fairbrother,England,701
1995-06,Robin Smith,England,747
1995-06,Sachin Tendulkar,India,820
1995-06,Vinod Kambli,India,712
1995-07,Aravinda De Silva,Sri Lanka,709
1995-07,Arjuna Ranatunga,Sri Lanka,751
1995-07,Brian Lara,West Indies,891
1995-07,Carl Hooper,West Indies,734
1995-07,Graeme Hick,England,801
1995-07,Hansie Cronje,South Africa,779
1995-07,Inzamam-ul-Haq,Pakistan,797
1995-07,Mark Waugh,Australia,798
1995-07,Michael Atherton,England,737
1995-07,Mohammad Azharuddin,India,785
1995-07,Navjot Sidhu,India,763
1995-07,Neil Fairbrother,England,701
1995-07,Robin Smith,England,747
1995-07,Sachin Tendulkar,India,820
1995-07,Vinod Kambli,India,712
1995-08,Aravinda De Silva,Sri Lanka,709
1995-08,Arjuna Ranatunga,Sri Lanka,751
1995-08,Brian Lara,West Indies,891
1995-08,Carl Hooper,West Indies,734
1995-08,Graeme Hick,England,801
1995-08,Hansie Cronje,South Africa,779
1995-08,Inzamam-ul-Haq,Pakistan,797
1995-08,Mark Waugh,Australia,798
1995-08,Michael Atherton,England,737
1995-08,Mohammad Azharuddin,India,785
1995-08,Navjot Sidhu,India,763
1995-08,Neil Fairbrother,England,701
1995-08,Robin Smith,England,747
1995-08,Sachin Tendulkar,India,820
1995-08,Vinod Kambli,India,712
1995-09,Aravinda De Silva,Sri Lanka,709
1995-09,Arjuna Ranatunga,Sri Lanka,751
1995-09,Brian Lara,West Indies,891
1995-09,Carl Hooper,West Indies,734
1995-09,Graeme Hick,England,801
1995-09,Hansie Cronje,South Africa,779
1995-09,Inzamam-ul-Haq,Pakistan,797
1995-09,Mark Waugh,Australia,798
1995-09,Michael Atherton,England,737
1995-09,Mohammad Azharuddin,India,785
1995-09,Navjot Sidhu,India,763
1995-09,Neil Fairbrother,England,701
1995-09,Robin Smith,England,747
1995-09,Sachin Tendulkar,India,820
1995-09,Vinod Kambli,India,712
1995-10,Aravinda De Silva,Sri Lanka,702
1995-10,Arjuna Ranatunga,Sri Lanka,765
1995-10,Brian Lara,West Indies,891
1995-10,Carl Hooper,West Indies,734
1995-10,Graeme Hick,England,801
1995-10,Hansie Cronje,South Africa,779
1995-10,Inzamam-ul-Haq,Pakistan,787
1995-10,Mark Waugh,Australia,798
1995-10,Michael Atherton,England,737
1995-10,Mohammad Azharuddin,India,785
1995-10,Navjot Sidhu,India,763
1995-10,Neil Fairbrother,England,701
1995-10,Robin Smith,England,747
1995-10,Sachin Tendulkar,India,820
1995-10,Vinod Kambli,India,712
1995-11,Arjuna Ranatunga,Sri Lanka,746
1995-11,Brian Lara,West Indies,893
1995-11,Carl Hooper,West Indies,716
1995-11,Gary Kirsten,South Africa,699
1995-11,Graeme Hick,England,801
1995-11,Hansie Cronje,South Africa,761
1995-11,Inzamam-ul-Haq,Pakistan,785
1995-11,Mark Waugh,Australia,798
1995-11,Michael Atherton,England,737
1995-11,Mohammad Azharuddin,India,785
1995-11,Navjot Sidhu,India,763
1995-11,Neil Fairbrother,England,701
1995-11,Robin Smith,England,747
1995-11,Sachin Tendulkar,India,820
1995-11,Vinod Kambli,India,712
1995-12,Arjuna Ranatunga,Sri Lanka,746
1995-12,Brian Lara,West Indies,893
1995-12,Carl Hooper,West Indies,716
1995-12,Gary Kirsten,South Africa,699
1995-12,Graeme Hick,England,801
1995-12,Hansie Cronje,South Africa,761
1995-12,Inzamam-ul-Haq,Pakistan,785
1995-12,Mark Waugh,Australia,798
1995-12,Michael Atherton,England,737
1995-12,Mohammad Azharuddin,India,755
1995-12,Navjot Sidhu,India,728
1995-12,Neil Fairbrother,England,701
1995-12,Robin Smith,England,747
1995-12,Sachin Tendulkar,India,804
1995-12,Vinod Kambli,India,705
1996-01,Aravinda De Silva,Sri Lanka,718
1996-01,Arjuna Ranatunga,Sri Lanka,736
1996-01,Brian Lara,West Indies,875
1996-01,Carl Hooper,West Indies,732
1996-01,Graeme Hick,England,801
1996-01,Hansie Cronje,South Africa,761
1996-01,Inzamam-ul-Haq,Pakistan,794
1996-01,Mark Waugh,Australia,792
1996-01,Michael Atherton,England,737
1996-01,Mohammad Azharuddin,India,755
1996-01,Navjot Sidhu,India,728
1996-01,Neil Fairbrother,England,701
1996-01,Robin Smith,England,747
1996-01,Sachin Tendulkar,India,804
1996-01,Vinod Kambli,India,705
1996-02,Arjuna Ranatunga,Sri Lanka,717
1996-02,Brian Lara,West Indies,858
1996-02,Carl Hooper,West Indies,724
1996-02,Gary Kirsten,South Africa,715
1996-02,Graeme Hick,England,793
1996-02,Hansie Cronje,South Africa,784
1996-02,Inzamam-ul-Haq,Pakistan,794
1996-02,Mark Waugh,Australia,789
1996-02,Michael Atherton,England,722
1996-02,Michael Bevan,Australia,734
1996-02,Mohammad Azharuddin,India,755
1996-02,Navjot Sidhu,India,728
1996-02,Robin Smith,England,701
1996-02,Sachin Tendulkar,India,804
1996-02,Vinod Kambli,India,705
1996-03,Aamer Sohail,Pakistan,703
1996-03,Aravinda De Silva,Sri Lanka,705
1996-03,Arjuna Ranatunga,Sri Lanka,718
1996-03,Brian Lara,West Indies,845
1996-03,Carl Hooper,West Indies,713
1996-03,Gary Kirsten,South Africa,793
1996-03,Graeme Hick,England,806
1996-03,Hansie Cronje,South Africa,803
1996-03,Inzamam-ul-Haq,Pakistan,792
1996-03,Mark Taylor,Australia,702
1996-03,Mark Waugh,Australia,844
1996-03,Michael Bevan,Australia,720
1996-03,Mohammad Azharuddin,India,746
1996-03,Navjot Sidhu,India,698
1996-03,Sachin Tendulkar,India,850
1996-04,Aamer Sohail,Pakistan,714
1996-04,Aravinda De Silva,Sri Lanka,769
1996-04,Arjuna Ranatunga,Sri Lanka,745
1996-04,Brian Lara,West Indies,890
1996-04,Gary Kirsten,South Africa,788
1996-04,Graeme Hick,England,777
1996-04,Hansie Cronje,South Africa,801
1996-04,Inzamam-ul-Haq,Pakistan,780
1996-04,Mark Waugh,Australia,831
1996-04,Michael Atherton,England,698
1996-04,Michael Bevan,Australia,752
1996-04,Mohammad Azharuddin,India,729
1996-04,Navjot Sidhu,India,719
1996-04,Sachin Tendulkar,India,861
1996-04,Vinod Kambli,India,715
1996-05,Aamer Sohail,Pakistan,766
1996-05,Aravinda De Silva,Sri Lanka,730
1996-05,Arjuna Ranatunga,Sri Lanka,710
1996-05,Brian Lara,West Indies,897
1996-05,Daryll Cullinan,South Africa,692
1996-05,Gary Kirsten,South Africa,855
1996-05,Graeme Hick,England,777
1996-05,Hansie Cronje,South Africa,798
1996-05,Inzamam-ul-Haq,Pakistan,753
1996-05,Mark Waugh,Australia,831
1996-05,Michael Atherton,England,698
1996-05,Michael Bevan,Australia,752
1996-05,Mohammad Azharuddin,India,701
1996-05,Navjot Sidhu,India,726
1996-05,Sachin Tendulkar,India,861
1996-06,Aamer Sohail,Pakistan,766
1996-06,Aravinda De Silva,Sri Lanka,730
1996-06,Arjuna Ranatunga,Sri Lanka,710
1996-06,Brian Lara,West Indies,897
1996-06,Daryll Cullinan,South Africa,692
1996-06,Gary Kirsten,South Africa,855
1996-06,Graeme Hick,England,779
1996-06,Hansie Cronje,South Africa,798
1996-06,Inzamam-ul-Haq,Pakistan,753
1996-06,Mark Waugh,Australia,831
1996-06,Michael Bevan,Australia,752
1996-06,Mohammad Azharuddin,India,705
1996-06,Navjot Sidhu,India,708
1996-06,Sachin Tendulkar,India,847
1996-06,Stephen Fleming,New Zealand,686
1996-07,Aamer Sohail,Pakistan,766
1996-07,Aravinda De Silva,Sri Lanka,730
1996-07,Arjuna Ranatunga,Sri Lanka,710
1996-07,Brian Lara,West Indies,897
1996-07,Daryll Cullinan,South Africa,692
1996-07,Gary Kirsten,South Africa,855
1996-07,Graeme Hick,England,775
1996-07,Hansie Cronje,South Africa,798
1996-07,Inzamam-ul-Haq,Pakistan,753
1996-07,Mark Waugh,Australia,831
1996-07,Michael Bevan,Australia,752
1996-07,Mohammad Azharuddin,India,726
1996-07,Navjot Sidhu,India,704
1996-07,Sachin Tendulkar,India,836
1996-07,Stephen Fleming,New Zealand,686
1996-08,Aamer Sohail,Pakistan,766
1996-08,Aravinda De Silva,Sri Lanka,730
1996-08,Arjuna Ranatunga,Sri Lanka,710
1996-08,Brian Lara,West Indies,897
1996-08,Daryll Cullinan,South Africa,692
1996-08,Gary Kirsten,South Africa,855
1996-08,Graeme Hick,England,775
1996-08,Hansie Cronje,South Africa,798
1996-08,Inzamam-ul-Haq,Pakistan,753
1996-08,Mark Waugh,Australia,831
1996-08,Michael Bevan,Australia,752
1996-08,Mohammad Azharuddin,India,726
1996-08,Navjot Sidhu,India,704
1996-08,Sachin Tendulkar,India,836
1996-08,Stephen Fleming,New Zealand,686
1996-09,Aamer Sohail,Pakistan,748
1996-09,Aravinda De Silva,Sri Lanka,757
1996-09,Arjuna Ranatunga,Sri Lanka,699
1996-09,Brian Lara,West Indies,897
1996-09,Gary Kirsten,South Africa,855
1996-09,Graeme Hick,England,763
1996-09,Hansie Cronje,South Africa,798
1996-09,Inzamam-ul-Haq,Pakistan,742
1996-09,Mark Waugh,Australia,827
1996-09,Michael Bevan,Australia,758
1996-09,Mohammad Azharuddin,India,734
1996-09,Navjot Sidhu,India,697
1996-09,Sachin Tendulkar,India,851
1996-09,Saeed Anwar,Pakistan,698
1996-09,Sanath Jayasuriya,Sri Lanka,698
1996-10,Aamer Sohail,Pakistan,708
1996-10,Aravinda De Silva,Sri Lanka,794
1996-10,Arjuna Ranatunga,Sri Lanka,691
1996-10,Brian Lara,West Indies,897
1996-10,Daryll Cullinan,South Africa,751
1996-10,Gary Kirsten,South Africa,838
1996-10,Graeme Hick,England,763
1996-10,Hansie Cronje,South Africa,782
1996-10,Inzamam-ul-Haq,Pakistan,712
1996-10,Mark Waugh,Australia,812
1996-10,Michael Bevan,Australia,760
1996-10,Mohammad Azharuddin,India,728
1996-10,Sachin Tendulkar,India,821
1996-10,Saeed Anwar,Pakistan,714
1996-10,Sanath Jayasuriya,Sri Lanka,693
1996-11,Aamer Sohail,Pakistan,698
1996-11,Aravinda De Silva,Sri Lanka,809
1996-11,Arjuna Ranatunga,Sri Lanka,695
1996-11,Brian Lara,West Indies,897
1996-11,Daryll Cullinan,South Africa,761
1996-11,Gary Kirsten,South Africa,886
1996-11,Graeme Hick,England,763
1996-11,Hansie Cronje,South Africa,783
1996-11,Inzamam-ul-Haq,Pakistan,695
1996-11,Mark Taylor,Australia,707
1996-11,Mark Waugh,Australia,794
1996-11,Michael Bevan,Australia,808
1996-11,Mohammad Azharuddin,India,718
1996-11,Sachin Tendulkar,India,836
1996-11,Saeed Anwar,Pakistan,747
1996-12,Aravinda De Silva,Sri Lanka,780
1996-12,Arjuna Ranatunga,Sri Lanka,679
1996-12,Brian Lara,West Indies,897
1996-12,Carl Hooper,West Indies,682
1996-12,Daryll Cullinan,South Africa,760
1996-12,Gary Kirsten,South Africa,882
1996-12,Graeme Hick,England,763
1996-12,Hansie Cronje,South Africa,768
1996-12,Mark Taylor,Australia,723
1996-12,Mark Waugh,Australia,793
1996-12,Michael Bevan,Australia,815
1996-12,Mohammad Azharuddin,India,735
1996-12,Sachin Tendulkar,India,853
1996-12,Saeed Anwar,Pakistan,798
1996-12,Sanath Jayasuriya,Sri Lanka,683
1997-01,Aravinda De Silva,Sri Lanka,780
1997-01,Arjuna Ranatunga,Sri Lanka,679
1997-01,Brian Lara,West Indies,891
1997-01,Carl Hooper,West Indies,679
1997-01,Daryll Cullinan,South Africa,764
1997-01,Gary Kirsten,South Africa,870
1997-01,Graeme Hick,England,756
1997-01,Hansie Cronje,South Africa,757
1997-01,Mark Taylor,Australia,701
1997-01,Mark Waugh,Australia,800
1997-01,Michael Bevan,Australia,813
1997-01,Mohammad Azharuddin,India,730
1997-01,Sachin Tendulkar,India,876
1997-01,Saeed Anwar,Pakistan,782
1997-01,Sanath Jayasuriya,Sri Lanka,683
1997-02,Aravinda De Silva,Sri Lanka,780
1997-02,Arjuna Ranatunga,Sri Lanka,679
1997-02,Brian Lara,West Indies,893
1997-02,Daryll Cullinan,South Africa,772
1997-02,Gary Kirsten,South Africa,852
1997-02,Graeme Hick,England,752
1997-02,Hansie Cronje,South Africa,788
1997-02,Ijaz Ahmed snr,Pakistan,689
1997-02,Jonty Rhodes,South Africa,683
1997-02,Mark Waugh,Australia,817
1997-02,Michael Bevan,Australia,836
1997-02,Mohammad Azharuddin,India,726
1997-02,Sachin Tendulkar,India,854
1997-02,Saeed Anwar,Pakistan,755
1997-02,Sanath Jayasuriya,Sri Lanka,683
1997-03,Aravinda De Silva,Sri Lanka,780
1997-03,Brian Lara,West Indies,893
1997-03,Daryll Cullinan,South Africa,776
1997-03,Gary Kirsten,South Africa,859
1997-03,Graeme Hick,England,737
1997-03,Graham Thorpe,England,683
1997-03,Hansie Cronje,South Africa,787
1997-03,Ijaz Ahmed snr,Pakistan,689
1997-03,Jonty Rhodes,South Africa,689
1997-03,Mark Waugh,Australia,817
1997-03,Michael Bevan,Australia,836
1997-03,Mohammad Azharuddin,India,730
1997-03,Sachin Tendulkar,India,843
1997-03,Saeed Anwar,Pakistan,755
1997-03,Sanath Jayasuriya,Sri Lanka,683
1997-04,Aravinda De Silva,Sri Lanka,788
1997-04,Brian Lara,West Indies,893
1997-04,Daryll Cullinan,South Africa,782
1997-04,Gary Kirsten,South Africa,850
1997-04,Graeme Hick,England,733
1997-04,Graham Thorpe,England,703
1997-04,Hansie Cronje,South Africa,784
1997-04,Ijaz Ahmed snr,Pakistan,689
1997-04,Jonty Rhodes,South Africa,700
1997-04,Mark Waugh,Australia,840
1997-04,Michael Bevan,Australia,845
1997-04,Mohammad Azharuddin,India,730
1997-04,Sachin Tendulkar,India,843
1997-04,Saeed Anwar,Pakistan,755
1997-04,Sanath Jayasuriya,Sri Lanka,694
1997-05,Aravinda De Silva,Sri Lanka,862
1997-05,Brian Lara,West Indies,887
1997-05,Daryll Cullinan,South Africa,800
1997-05,Gary Kirsten,South Africa,829
1997-05,Graeme Hick,England,733
1997-05,Graham Thorpe,England,703
1997-05,Hansie Cronje,South Africa,794
1997-05,Jonty Rhodes,South Africa,685
1997-05,Mark Waugh,Australia,811
1997-05,Michael Bevan,Australia,858
1997-05,Mohammad Azharuddin,India,715
1997-05,Sachin Tendulkar,India,855
1997-05,Saeed Anwar,Pakistan,736
1997-05,Sanath Jayasuriya,Sri Lanka,699
1997-05,Steve Waugh,Australia,681
1997-06,Aravinda De Silva,Sri Lanka,851
1997-06,Brian Lara,West Indies,887
1997-06,Daryll Cullinan,South Africa,800
1997-06,Gary Kirsten,South Africa,829
1997-06,Graeme Hick,England,722
1997-06,Graham Thorpe,England,751
1997-06,Hansie Cronje,South Africa,794
1997-06,Jonty Rhodes,South Africa,685
1997-06,Mark Waugh,Australia,812
1997-06,Michael Bevan,Australia,863
1997-06,Mohammad Azharuddin,India,706
1997-06,Nathan Astle,New Zealand,727
1997-06,Sachin Tendulkar,India,842
1997-06,Saeed Anwar,Pakistan,764
1997-06,Sanath Jayasuriya,Sri Lanka,770
1997-07,Aravinda De Silva,Sri Lanka,842
1997-07,Brian Lara,West Indies,889
1997-07,Daryll Cullinan,South Africa,800
1997-07,Gary Kirsten,South Africa,829
1997-07,Graeme Hick,England,722
1997-07,Graham Thorpe,England,751
1997-07,Hansie Cronje,South Africa,794
1997-07,Jonty Rhodes,South Africa,685
1997-07,Mark Waugh,Australia,812
1997-07,Michael Bevan,Australia,863
1997-07,Mohammad Azharuddin,India,706
1997-07,Nathan Astle,New Zealand,727
1997-07,Sachin Tendulkar,India,842
1997-07,Saeed Anwar,Pakistan,764
1997-07,Sanath Jayasuriya,Sri Lanka,777
1997-08,Aravinda De Silva,Sri Lanka,814
1997-08,Arjuna Ranatunga,Sri Lanka,720
1997-08,Brian Lara,West Indies,889
1997-08,Daryll Cullinan,South Africa,800
1997-08,Gary Kirsten,South Africa,829
1997-08,Graeme Hick,England,722
1997-08,Graham Thorpe,England,751
1997-08,Hansie Cronje,South Africa,794
1997-08,Mark Waugh,Australia,812
1997-08,Michael Bevan,Australia,863
1997-08,Mohammad Azharuddin,India,742
1997-08,Nathan Astle,New Zealand,727
1997-08,Sachin Tendulkar,India,835
1997-08,Saeed Anwar,Pakistan,753
1997-08,Sanath Jayasuriya,Sri Lanka,782
1997-09,Aravinda De Silva,Sri Lanka,822
1997-09,Arjuna Ranatunga,Sri Lanka,698
1997-09,Brian Lara,West Indies,889
1997-09,Daryll Cullinan,South Africa,800
1997-09,Gary Kirsten,South Africa,829
1997-09,Graeme Hick,England,722
1997-09,Graham Thorpe,England,751
1997-09,Hansie Cronje,South Africa,794
1997-09,Mark Waugh,Australia,812
1997-09,Michael Bevan,Australia,863
1997-09,Mohammad Azharuddin,India,760
1997-09,Nathan Astle,New Zealand,727
1997-09,Sachin Tendulkar,India,816
1997-09,Saeed Anwar,Pakistan,753
1997-09,Sanath Jayasuriya,Sri Lanka,799
1997-10,Aravinda De Silva,Sri Lanka,822
1997-10,Arjuna Ranatunga,Sri Lanka,698
1997-10,Brian Lara,West Indies,889
1997-10,Daryll Cullinan,South Africa,800
1997-10,Gary Kirsten,South Africa,829
1997-10,Graeme Hick,England,722
1997-10,Graham Thorpe,England,751
1997-10,Hansie Cronje,South Africa,794
1997-10,Mark Waugh,Australia,812
1997-10,Michael Bevan,Australia,863
1997-10,Mohammad Azharuddin,India,758
1997-10,Nathan Astle,New Zealand,709
1997-10,Sachin Tendulkar,India,776
1997-10,Saeed Anwar,Pakistan,727
1997-10,Sanath Jayasuriya,Sri Lanka,799
1997-11,Aravinda De Silva,Sri Lanka,817
1997-11,Arjuna Ranatunga,Sri Lanka,721
1997-11,Brian Lara,West Indies,893
1997-11,Daryll Cullinan,South Africa,800
1997-11,Gary Kirsten,South Africa,829
1997-11,Graeme Hick,England,722
1997-11,Graham Thorpe,England,751
1997-11,Hansie Cronje,South Africa,794
1997-11,Mark Waugh,Australia,812
1997-11,Michael Bevan,Australia,863
1997-11,Mohammad Azharuddin,India,746
1997-11,Nathan Astle,New Zealand,708
1997-11,Sachin Tendulkar,India,765
1997-11,Saeed Anwar,Pakistan,727
1997-11,Sanath Jayasuriya,Sri Lanka,794
1997-12,Aravinda De Silva,Sri Lanka,822
1997-12,Arjuna Ranatunga,Sri Lanka,709
1997-12,Brian Lara,West Indies,890
1997-12,Daryll Cullinan,South Africa,790
1997-12,Gary Kirsten,South Africa,835
1997-12,Graeme Hick,England,722
1997-12,Graham Thorpe,England,751
1997-12,Hansie Cronje,South Africa,809
1997-12,Mark Waugh,Australia,812
1997-12,Michael Bevan,Australia,863
1997-12,Mohammad Azharuddin,India,746
1997-12,Nathan Astle,New Zealand,708
1997-12,Sachin Tendulkar,India,765
1997-12,Saeed Anwar,Pakistan,737
1997-12,Sanath Jayasuriya,Sri Lanka,811
1998-01,Aravinda De Silva,Sri Lanka,824
1998-01,Brian Lara,West Indies,883
1998-01,Carl Hooper,West Indies,723
1998-01,Daryll Cullinan,South Africa,771
1998-01,Gary Kirsten,South Africa,813
1998-01,Graeme Hick,England,708
1998-01,Graham Thorpe,England,757
1998-01,Hansie Cronje,South Africa,773
1998-01,Mark Waugh,Australia,831
1998-01,Michael Bevan,Australia,852
1998-01,Mohammad Azharuddin,India,725
1998-01,Sachin Tendulkar,India,777
1998-01,Saeed Anwar,Pakistan,764
1998-01,Sanath Jayasuriya,Sri Lanka,795
1998-01,Sourav Ganguly,India,726
1998-02,Aravinda De Silva,Sri Lanka,802
1998-02,Arjuna Ranatunga,Sri Lanka,709
1998-02,Brian Lara,West Indies,883
1998-02,Carl Hooper,West Indies,723
1998-02,Daryll Cullinan,South Africa,741
1998-02,Gary Kirsten,South Africa,835
1998-02,Graham Thorpe,England,757
1998-02,Hansie Cronje,South Africa,783
1998-02,Mark Waugh,Australia,799
1998-02,Michael Bevan,Australia,858
1998-02,Mohammad Azharuddin,India,751
1998-02,Sachin Tendulkar,India,798
1998-02,Saeed Anwar,Pakistan,790
1998-02,Sanath Jayasuriya,Sri Lanka,815
1998-02,Sourav Ganguly,India,747
1998-03,Aravinda De Silva,Sri Lanka,802
1998-03,Arjuna Ranatunga,Sri Lanka,709
1998-03,Brian Lara,West Indies,883
1998-03,Carl Hooper,West Indies,723
1998-03,Daryll Cullinan,South Africa,741
1998-03,Gary Kirsten,South Africa,835
1998-03,Graham Thorpe,England,757
1998-03,Hansie Cronje,South Africa,783
1998-03,Mark Waugh,Australia,801
1998-03,Michael Bevan,Australia,840
1998-03,Mohammad Azharuddin,India,751
1998-03,Sachin Tendulkar,India,798
1998-03,Saeed Anwar,Pakistan,790
1998-03,Sanath Jayasuriya,Sri Lanka,815
1998-03,Sourav Ganguly,India,747
1998-04,Aravinda De Silva,Sri Lanka,802
1998-04,Brian Lara,West Indies,888
1998-04,Carl Hooper,West Indies,737
1998-04,Daryll Cullinan,South Africa,741
1998-04,Gary Kirsten,South Africa,835
1998-04,Graham Thorpe,England,735
1998-04,Hansie Cronje,South Africa,783
1998-04,Mark Waugh,Australia,796
1998-04,Michael Bevan,Australia,841
1998-04,Mohammad Azharuddin,India,760
1998-04,Nathan Astle,New Zealand,740
1998-04,Sachin Tendulkar,India,790
1998-04,Saeed Anwar,Pakistan,780
1998-04,Sanath Jayasuriya,Sri Lanka,815
1998-04,Sourav Ganguly,India,743
1998-05,Aravinda De Silva,Sri Lanka,765
1998-05,Arjuna Ranatunga,Sri Lanka,734
1998-05,Brian Lara,West Indies,892
1998-05,Carl Hooper,West Indies,743
1998-05,Gary Kirsten,South Africa,813
1998-05,Hansie Cronje,South Africa,766
1998-05,Jacques Kallis,South Africa,738
1998-05,Mark Waugh,Australia,774
1998-05,Michael Bevan,Australia,872
1998-05,Mohammad Azharuddin,India,743
1998-05,Nathan Astle,New Zealand,726
1998-05,Sachin Tendulkar,India,846
1998-05,Saeed Anwar,Pakistan,757
1998-05,Sanath Jayasuriya,Sri Lanka,791
1998-05,Sourav Ganguly,India,749
1998-06,Aravinda De Silva,Sri Lanka,765
1998-06,Arjuna Ranatunga,Sri Lanka,734
1998-06,Brian Lara,West Indies,892
1998-06,Carl Hooper,West Indies,743
1998-06,Gary Kirsten,South Africa,786
1998-06,Hansie Cronje,South Africa,770
1998-06,Jacques Kallis,South Africa,722
1998-06,Mark Waugh,Australia,774
1998-06,Michael Bevan,Australia,872
1998-06,Mohammad Azharuddin,India,725
1998-06,Nathan Astle,New Zealand,726
1998-06,Ricky Ponting,Australia,724
1998-06,Sachin Tendulkar,India,834
1998-06,Saeed Anwar,Pakistan,757
1998-06,Sanath Jayasuriya,Sri Lanka,791
1998-07,Aravinda De Silva,Sri Lanka,791
1998-07,Arjuna Ranatunga,Sri Lanka,720
1998-07,Brian Lara,West Indies,892
1998-07,Carl Hooper,West Indies,743
1998-07,Gary Kirsten,South Africa,786
1998-07,Hansie Cronje,South Africa,770
1998-07,Jacques Kallis,South Africa,722
1998-07,Mark Waugh,Australia,774
1998-07,Michael Bevan,Australia,872
1998-07,Mohammad Azharuddin,India,729
1998-07,Nathan Astle,New Zealand,739
1998-07,Ricky Ponting,Australia,724
1998-07,Sachin Tendulkar,India,842
1998-07,Saeed Anwar,Pakistan,757
1998-07,Sanath Jayasuriya,Sri Lanka,788
1998-08,Aravinda De Silva,Sri Lanka,809
1998-08,Arjuna Ranatunga,Sri Lanka,736
1998-08,Brian Lara,West Indies,892
1998-08,Carl Hooper,West Indies,743
1998-08,Gary Kirsten,South Africa,786
1998-08,Hansie Cronje,South Africa,770
1998-08,Jacques Kallis,South Africa,722
1998-08,Mark Waugh,Australia,774
1998-08,Michael Bevan,Australia,872
1998-08,Nathan Astle,New Zealand,747
1998-08,Ricky Ponting,Australia,724
1998-08,Sachin Tendulkar,India,860
1998-08,Saeed Anwar,Pakistan,757
1998-08,Sanath Jayasuriya,Sri Lanka,781
1998-08,Sourav Ganguly,India,735
1998-09,Aravinda De Silva,Sri Lanka,801
1998-09,Arjuna Ranatunga,Sri Lanka,731
1998-09,Brian Lara,West Indies,892
1998-09,Carl Hooper,West Indies,743
1998-09,Gary Kirsten,South Africa,758
1998-09,Hansie Cronje,South Africa,760
1998-09,Mark Waugh,Australia,774
1998-09,Michael Bevan,Australia,872
1998-09,Nathan Astle,New Zealand,747
1998-09,Nick Knight,England,726
1998-09,Ricky Ponting,Australia,724
1998-09,Sachin Tendulkar,India,860
1998-09,Saeed Anwar,Pakistan,757
1998-09,Sanath Jayasuriya,Sri Lanka,760
1998-09,Sourav Ganguly,India,735
1998-10,Aravinda De Silva,Sri Lanka,801
1998-10,Arjuna Ranatunga,Sri Lanka,731
1998-10,Brian Lara,West Indies,892
1998-10,Carl Hooper,West Indies,743
1998-10,Gary Kirsten,South Africa,758
1998-10,Hansie Cronje,South Africa,760
1998-10,Mark Waugh,Australia,774
1998-10,Michael Bevan,Australia,872
1998-10,Nathan Astle,New Zealand,747
1998-10,Nick Knight,England,726
1998-10,Ricky Ponting,Australia,724
1998-10,Sachin Tendulkar,India,858
1998-10,Saeed Anwar,Pakistan,762
1998-10,Sanath Jayasuriya,Sri Lanka,760
1998-10,Sourav Ganguly,India,720
1998-11,Aravinda De Silva,Sri Lanka,782
1998-11,Arjuna Ranatunga,Sri Lanka,742
1998-11,Brian Lara,West Indies,886
1998-11,Carl Hooper,West Indies,728
1998-11,Gary Kirsten,South Africa,747
1998-11,Hansie Cronje,South Africa,771
1998-11,Jacques Kallis,South Africa,729
1998-11,Mark Waugh,Australia,783
1998-11,Michael Bevan,Australia,860
1998-11,Nathan Astle,New Zealand,723
1998-11,Nick Knight,England,724
1998-11,Ricky Ponting,Australia,722
1998-11,Sachin Tendulkar,India,870
1998-11,Saeed Anwar,Pakistan,758
1998-11,Sanath Jayasuriya,Sri Lanka,742
1998-12,Aravinda De Silva,Sri Lanka,771
1998-12,Arjuna Ranatunga,Sri Lanka,713
1998-12,Brian Lara,West Indies,886
1998-12,Carl Hooper,West Indies,728
1998-12,Gary Kirsten,South Africa,747
1998-12,Hansie Cronje,South Africa,771
1998-12,Jacques Kallis,South Africa,729
1998-12,Mark Waugh,Australia,753
1998-12,Michael Bevan,Australia,876
1998-12,Nathan Astle,New Zealand,723
1998-12,Nick Knight,England,724
1998-12,Ricky Ponting,Australia,763
1998-12,Sachin Tendulkar,India,887
1998-12,Saeed Anwar,Pakistan,742
1998-12,Sanath Jayasuriya,Sri Lanka,716
1999-01,Aravinda De Silva,Sri Lanka,771
1999-01,Arjuna Ranatunga,Sri Lanka,713
1999-01,Brian Lara,West Indies,886
1999-01,Carl Hooper,West Indies,728
1999-01,Gary Kirsten,South Africa,747
1999-01,Hansie Cronje,South Africa,771
1999-01,Jacques Kallis,South Africa,729
1999-01,Mark Waugh,Australia,753
1999-01,Michael Bevan,Australia,876
1999-01,Nathan Astle,New Zealand,723
1999-01,Nick Knight,England,724
1999-01,Ricky Ponting,Australia,763
1999-01,Sachin Tendulkar,India,887
1999-01,Saeed Anwar,Pakistan,742
1999-01,Sanath Jayasuriya,Sri Lanka,716
1999-02,Adam Gilchrist,Australia,717
1999-02,Aravinda De Silva,Sri Lanka,732
1999-02,Brian Lara,West Indies,861
1999-02,Carl Hooper,West Indies,765
1999-02,Gary Kirsten,South Africa,716
1999-02,Graeme Hick,England,778
1999-02,Hansie Cronje,South Africa,789
1999-02,Mark Waugh,Australia,809
1999-02,Michael Bevan,Australia,882
1999-02,Nick Knight,England,746
1999-02,Ricky Ponting,Australia,757
1999-02,Sachin Tendulkar,India,863
1999-02,Saeed Anwar,Pakistan,742
1999-02,Sanath Jayasuriya,Sri Lanka,711
1999-02,Shivnarine Chanderpaul,West Indies,743
1999-03,Adam Gilchrist,Australia,780
1999-03,Aravinda De Silva,Sri Lanka,738
1999-03,Brian Lara,West Indies,842
1999-03,Carl Hooper,West Indies,735
1999-03,Graeme Hick,England,737
1999-03,Hansie Cronje,South Africa,787
1999-03,Jacques Kallis,South Africa,734
1999-03,Mark Waugh,Australia,791
1999-03,Michael Bevan,Australia,879
1999-03,Nathan Astle,New Zealand,768
1999-03,Nick Knight,England,732
1999-03,Ricky Ponting,Australia,758
1999-03,Sachin Tendulkar,India,863
1999-03,Saeed Anwar,Pakistan,742
1999-03,Shivnarine Chanderpaul,West Indies,722
1999-04,Adam Gilchrist,Australia,780
1999-04,Aravinda De Silva,Sri Lanka,737
1999-04,Brian Lara,West Indies,842
1999-04,Carl Hooper,West Indies,735
1999-04,Graeme Hick,England,737
1999-04,Hansie Cronje,South Africa,778
1999-04,Jacques Kallis,South Africa,748
1999-04,Mark Waugh,Australia,791
1999-04,Michael Bevan,Australia,879
1999-04,Nathan Astle,New Zealand,745
1999-04,Nick Knight,England,732
1999-04,Ricky Ponting,Australia,758
1999-04,Sachin Tendulkar,India,846
1999-04,Saeed Anwar,Pakistan,767
1999-04,Sourav Ganguly,India,737
1999-05,Adam Gilchrist,Australia,759
1999-05,Aravinda De Silva,Sri Lanka,737
1999-05,Brian Lara,West Indies,805
1999-05,Graeme Hick,England,729
1999-05,Graham Thorpe,England,706
1999-05,Hansie Cronje,South Africa,778
1999-05,Jacques Kallis,South Africa,748
1999-05,Lance Klusener,South Africa,731
1999-05,Mark Waugh,Australia,770
1999-05,Michael Bevan,Australia,880
1999-05,Nathan Astle,New Zealand,745
1999-05,Nick Knight,England,727
1999-05,Sachin Tendulkar,India,820
1999-05,Saeed Anwar,Pakistan,735
1999-05,Sourav Ganguly,India,707
1999-06,Adam Gilchrist,Australia,721
1999-06,Brian Lara,West Indies,794
1999-06,Graeme Hick,England,724
1999-06,Graham Thorpe,England,718
1999-06,Hansie Cronje,South Africa,744
1999-06,Inzamam-ul-Haq,Pakistan,705
1999-06,Jacques Kallis,South Africa,736
1999-06,Lance Klusener,South Africa,797
1999-06,Mark Waugh,Australia,748
1999-06,Michael Bevan,Australia,881
1999-06,Nick Knight,England,709
1999-06,Ricky Ponting,Australia,714
1999-06,Sachin Tendulkar,India,809
1999-06,Shivnarine Chanderpaul,West Indies,719
1999-06,Sourav Ganguly,India,768
1999-07,Adam Gilchrist,Australia,714
1999-07,Brian Lara,West Indies,794
1999-07,Graeme Hick,England,724
1999-07,Graham Thorpe,England,718
1999-07,Hansie Cronje,South Africa,717
1999-07,Jacques Kallis,South Africa,771
1999-07,Lance Klusener,South Africa,808
1999-07,Mark Waugh,Australia,764
1999-07,Michael Bevan,Australia,882
1999-07,Nick Knight,England,709
1999-07,Ricky Ponting,Australia,726
1999-07,Sachin Tendulkar,India,798
1999-07,Saeed Anwar,Pakistan,742
1999-07,Shivnarine Chanderpaul,West Indies,719
1999-07,Sourav Ganguly,India,747
1999-08,Adam Gilchrist,Australia,714
1999-08,Brian Lara,West Indies,794
1999-08,Graeme Hick,England,724
1999-08,Graham Thorpe,England,718
1999-08,Hansie Cronje,South Africa,717
1999-08,Jacques Kallis,South Africa,771
1999-08,Lance Klusener,South Africa,808
1999-08,Mark Waugh,Australia,764
1999-08,Michael Bevan,Australia,882
1999-08,Nick Knight,England,709
1999-08,Ricky Ponting,Australia,726
1999-08,Sachin Tendulkar,India,798
1999-08,Saeed Anwar,Pakistan,742
1999-08,Shivnarine Chanderpaul,West Indies,719
1999-08,Sourav Ganguly,India,747
1999-09,Adam Gilchrist,Australia,747
1999-09,Brian Lara,West Indies,794
1999-09,Graeme Hick,England,724
1999-09,Graham Thorpe,England,718
1999-09,Hansie Cronje,South Africa,717
1999-09,Jacques Kallis,South Africa,771
1999-09,Lance Klusener,South Africa,808
1999-09,Mark Waugh,Australia,761
1999-09,Michael Bevan,Australia,859
1999-09,Nick Knight,England,709
1999-09,Ricky Ponting,Australia,704
1999-09,Sachin Tendulkar,India,800
1999-09,Saeed Anwar,Pakistan,742
1999-09,Shivnarine Chanderpaul,West Indies,719
1999-09,Sourav Ganguly,India,731
1999-10,Adam Gilchrist,Australia,747
1999-10,Brian Lara,West Indies,765
1999-10,Graeme Hick,England,724
1999-10,Graham Thorpe,England,718
1999-10,Hansie Cronje,South Africa,699
1999-10,Inzamam-ul-Haq,Pakistan,682
1999-10,Jacques Kallis,South Africa,760
1999-10,Lance Klusener,South Africa,816
1999-10,Mark Waugh,Australia,761
1999-10,Michael Bevan,Australia,859
1999-10,Nick Knight,England,709
1999-10,Ricky Ponting,Australia,704
1999-10,Sachin Tendulkar,India,770
1999-10,Saeed Anwar,Pakistan,744
1999-10,Sourav Ganguly,India,747
1999-11,Adam Gilchrist,Australia,724
1999-11,Brian Lara,West Indies,740
1999-11,Graeme Hick,England,724
1999-11,Graham Thorpe,England,718
1999-11,Hansie Cronje,South Africa,704
1999-11,Inzamam-ul-Haq,Pakistan,721
1999-11,Jacques Kallis,South Africa,748
1999-11,Lance Klusener,South Africa,803
1999-11,Mark Waugh,Australia,782
1999-11,Michael Bevan,Australia,859
1999-11,Nick Knight,England,709
1999-11,Ricky Ponting,Australia,734
1999-11,Sachin Tendulkar,India,767
1999-11,Saeed Anwar,Pakistan,752
1999-11,Sourav Ganguly,India,737
1999-12,Adam Gilchrist,Australia,724
1999-12,Brian Lara,West Indies,740
1999-12,Graeme Hick,England,724
1999-12,Graham Thorpe,England,718
1999-12,Hansie Cronje,South Africa,704
1999-12,Inzamam-ul-Haq,Pakistan,721
1999-12,Jacques Kallis,South Africa,748
1999-12,Lance Klusener,South Africa,803
1999-12,Mark Waugh,Australia,782
1999-12,Michael Bevan,Australia,859
1999-12,Nick Knight,England,709
1999-12,Ricky Ponting,Australia,734
1999-12,Sachin Tendulkar,India,762
1999-12,Saeed Anwar,Pakistan,752
1999-12,Sourav Ganguly,India,780
2000-01,Adam Gilchrist,Australia,724
2000-01,Brian Lara,West Indies,740
2000-01,Graeme Hick,England,724
2000-01,Graham Thorpe,England,718
2000-01,Hansie Cronje,South Africa,704
2000-01,Inzamam-ul-Haq,Pakistan,721
2000-01,Jacques Kallis,South Africa,748
2000-01,Lance Klusener,South Africa,803
2000-01,Mark Waugh,Australia,782
2000-01,Michael Bevan,Australia,859
2000-01,Nick Knight,England,709
2000-01,Ricky Ponting,Australia,734
2000-01,Sachin Tendulkar,India,762
2000-01,Saeed Anwar,Pakistan,752
2000-01,Sourav Ganguly,India,780
2000-02,Adam Gilchrist,Australia,714
2000-02,Brian Lara,West Indies,725
2000-02,Graeme Hick,England,697
2000-02,Graham Thorpe,England,704
2000-02,Hansie Cronje,South Africa,711
2000-02,Jacques Kallis,South Africa,745
2000-02,Lance Klusener,South Africa,807
2000-02,Mark Waugh,Australia,760
2000-02,Michael Bevan,Australia,873
2000-02,Nathan Astle,New Zealand,737
2000-02,Nick Knight,England,742
2000-02,Ricky Ponting,Australia,744
2000-02,Sachin Tendulkar,India,737
2000-02,Saeed Anwar,Pakistan,727
2000-02,Sourav Ganguly,India,810
2000-03,Adam Gilchrist,Australia,737
2000-03,Brian Lara,West Indies,725
2000-03,Graeme Hick,England,712
2000-03,Hansie Cronje,South Africa,703
2000-03,Jacques Kallis,South Africa,765
2000-03,Lance Klusener,South Africa,799
2000-03,Mark Waugh,Australia,752
2000-03,Michael Bevan,Australia,870
2000-03,Nathan Astle,New Zealand,772
2000-03,Neil Johnson,Zimbabwe,733
2000-03,Nick Knight,England,709
2000-03,Ricky Ponting,Australia,756
2000-03,Sachin Tendulkar,India,737
2000-03,Saeed Anwar,Pakistan,704
2000-03,Sourav Ganguly,India,810
2000-04,Adam Gilchrist,Australia,731
2000-04,Brian Lara,West Indies,721
2000-04,Graeme Hick,England,712
2000-04,Jacques Kallis,South Africa,755
2000-04,Lance Klusener,South Africa,723
2000-04,Mark Waugh,Australia,741
2000-04,Michael Bevan,Australia,858
2000-04,Mohammad Yousuf,Pakistan,688
2000-04,Nathan Astle,New Zealand,764
2000-04,Neil Johnson,Zimbabwe,721
2000-04,Nick Knight,England,709
2000-04,Ricky Ponting,Australia,752
2000-04,Sachin Tendulkar,India,731
2000-04,Saeed Anwar,Pakistan,687
2000-04,Sourav Ganguly,India,811
2000-05,Adam Gilchrist,Australia,726
2000-05,Brian Lara,West Indies,700
2000-05,Graeme Hick,England,712
2000-05,Graham Thorpe,England,686
2000-05,Inzamam-ul-Haq,Pakistan,701
2000-05,Jacques Kallis,South Africa,754
2000-05,Lance Klusener,South Africa,750
2000-05,Mark Waugh,Australia,708
2000-05,Michael Bevan,Australia,854
2000-05,Nathan Astle,New Zealand,764
2000-05,Neil Johnson,Zimbabwe,715
2000-05,Nick Knight,England,709
2000-05,Ricky Ponting,Australia,741
2000-05,Sachin Tendulkar,India,731
2000-05,Sourav Ganguly,India,811
2000-06,Adam Gilchrist,Australia,726
2000-06,Brian Lara,West Indies,700
2000-06,Graeme Hick,England,712
2000-06,Graham Thorpe,England,686
2000-06,Inzamam-ul-Haq,Pakistan,701
2000-06,Jacques Kallis,South Africa,754
2000-06,Lance Klusener,South Africa,750
2000-06,Mark Waugh,Australia,708
2000-06,Michael Bevan,Australia,854
2000-06,Nathan Astle,New Zealand,764
2000-06,Neil Johnson,Zimbabwe,715
2000-06,Nick Knight,England,709
2000-06,Ricky Ponting,Australia,741
2000-06,Sachin Tendulkar,India,751
2000-06,Sourav Ganguly,India,810
2000-07,Adam Gilchrist,Australia,726
2000-07,Brian Lara,West Indies,700
2000-07,Graeme Hick,England,712
2000-07,Graham Thorpe,England,686
2000-07,Inzamam-ul-Haq,Pakistan,714
2000-07,Jacques Kallis,South Africa,754
2000-07,Lance Klusener,South Africa,750
2000-07,Mark Waugh,Australia,708
2000-07,Michael Bevan,Australia,854
2000-07,Nathan Astle,New Zealand,764
2000-07,Neil Johnson,Zimbabwe,715
2000-07,Nick Knight,England,709
2000-07,Ricky Ponting,Australia,741
2000-07,Sachin Tendulkar,India,746
2000-07,Sourav Ganguly,India,801
2000-08,Adam Gilchrist,Australia,726
2000-08,Brian Lara,West Indies,714
2000-08,Gary Kirsten,South Africa,698
2000-08,Graeme Hick,England,689
2000-08,Inzamam-ul-Haq,Pakistan,715
2000-08,Jacques Kallis,South Africa,761
2000-08,Lance Klusener,South Africa,723
2000-08,Mark Waugh,Australia,708
2000-08,Michael Bevan,Australia,854
2000-08,Nathan Astle,New Zealand,764
2000-08,Neil Johnson,Zimbabwe,714
2000-08,Nick Knight,England,685
2000-08,Ricky Ponting,Australia,741
2000-08,Sachin Tendulkar,India,746
2000-08,Sourav Ganguly,India,801
2000-09,Adam Gilchrist,Australia,733
2000-09,Brian Lara,West Indies,714
2000-09,Gary Kirsten,South Africa,727
2000-09,Graeme Hick,England,689
2000-09,Inzamam-ul-Haq,Pakistan,704
2000-09,Jacques Kallis,South Africa,714
2000-09,Lance Klusener,South Africa,712
2000-09,Mark Waugh,Australia,696
2000-09,Marvan Atapattu,Sri Lanka,675
2000-09,Michael Bevan,Australia,858
2000-09,Nathan Astle,New Zealand,741
2000-09,Nick Knight,England,685
2000-09,Ricky Ponting,Australia,722
2000-09,Sachin Tendulkar,India,746
2000-09,Sourav Ganguly,India,801
2000-10,Adam Gilchrist,Australia,733
2000-10,Brian Lara,West Indies,714
2000-10,Gary Kirsten,South Africa,727
2000-10,Graeme Hick,England,689
2000-10,Inzamam-ul-Haq,Pakistan,704
2000-10,Jacques Kallis,South Africa,714
2000-10,Lance Klusener,South Africa,712
2000-10,Mark Waugh,Australia,696
2000-10,Michael Bevan,Australia,858
2000-10,Nathan Astle,New Zealand,717
2000-10,Nick Knight,England,685
2000-10,Ricky Ponting,Australia,722
2000-10,Roger Twose,New Zealand,697
2000-10,Sachin Tendulkar,India,746
2000-10,Sourav Ganguly,India,801
2000-11,Adam Gilchrist,Australia,733
2000-11,Brian Lara,West Indies,704
2000-11,Gary Kirsten,South Africa,740
2000-11,Graeme Hick,England,693
2000-11,Inzamam-ul-Haq,Pakistan,720
2000-11,Jacques Kallis,South Africa,757
2000-11,Lance Klusener,South Africa,709
2000-11,Michael Bevan,Australia,855
2000-11,Nathan Astle,New Zealand,697
2000-11,Ricky Ponting,Australia,723
2000-11,Roger Twose,New Zealand,759
2000-11,Sachin Tendulkar,India,750
2000-11,Saeed Anwar,Pakistan,697
2000-11,Sanath Jayasuriya,Sri Lanka,764
2000-11,Sourav Ganguly,India,812
2000-12,Adam Gilchrist,Australia,733
2000-12,Brian Lara,West Indies,704
2000-12,Gary Kirsten,South Africa,733
2000-12,Graeme Hick,England,693
2000-12,Inzamam-ul-Haq,Pakistan,720
2000-12,Jacques Kallis,South Africa,744
2000-12,Lance Klusener,South Africa,724
2000-12,Michael Bevan,Australia,855
2000-12,Nathan Astle,New Zealand,687
2000-12,Ricky Ponting,Australia,723
2000-12,Roger Twose,New Zealand,790
2000-12,Sachin Tendulkar,India,750
2000-12,Saeed Anwar,Pakistan,697
2000-12,Sanath Jayasuriya,Sri Lanka,764
2000-12,Sourav Ganguly,India,812
2001-01,Adam Gilchrist,Australia,733
2001-01,Brian Lara,West Indies,704
2001-01,Gary Kirsten,South Africa,736
2001-01,Graeme Hick,England,693
2001-01,Inzamam-ul-Haq,Pakistan,720
2001-01,Jacques Kallis,South Africa,731
2001-01,Lance Klusener,South Africa,720
2001-01,Michael Bevan,Australia,855
2001-01,Nathan Astle,New Zealand,687
2001-01,Ricky Ponting,Australia,723
2001-01,Roger Twose,New Zealand,790
2001-01,Sachin Tendulkar,India,766
2001-01,Saeed Anwar,Pakistan,697
2001-01,Sanath Jayasuriya,Sri Lanka,741
2001-01,Sourav Ganguly,India,829
2001-02,Adam Gilchrist,Australia,743
2001-02,Brian Lara,West Indies,712
2001-02,Gary Kirsten,South Africa,721
2001-02,Inzamam-ul-Haq,Pakistan,720
2001-02,Jacques Kallis,South Africa,771
2001-02,Lance Klusener,South Africa,701
2001-02,Mark Waugh,Australia,725
2001-02,Michael Bevan,Australia,848
2001-02,Ricky Ponting,Australia,739
2001-02,Roger Twose,New Zealand,774
2001-02,Russel Arnold,Sri Lanka,729
2001-02,Sachin Tendulkar,India,766
2001-02,Saeed Anwar,Pakistan,697
2001-02,Sanath Jayasuriya,Sri Lanka,722
2001-02,Sourav Ganguly,India,829
2001-03,Adam Gilchrist,Australia,729
2001-03,Brian Lara,West Indies,735
2001-03,Gary Kirsten,South Africa,721
2001-03,Inzamam-ul-Haq,Pakistan,697
2001-03,Jacques Kallis,South Africa,771
2001-03,Lance Klusener,South Africa,701
2001-03,Mark Waugh,Australia,755
2001-03,Michael Bevan,Australia,840
2001-03,Nathan Astle,New Zealand,702
2001-03,Ricky Ponting,Australia,738
2001-03,Roger Twose,New Zealand,703
2001-03,Russel Arnold,Sri Lanka,755
2001-03,Sachin Tendulkar,India,766
2001-03,Sanath Jayasuriya,Sri Lanka,740
2001-03,Sourav Ganguly,India,829
2001-04,Adam Gilchrist,Australia,731
2001-04,Brian Lara,West Indies,735
2001-04,Gary Kirsten,South Africa,721
2001-04,Inzamam-ul-Haq,Pakistan,697
2001-04,Jacques Kallis,South Africa,771
2001-04,Lance Klusener,South Africa,701
2001-04,Mark Waugh,Australia,769
2001-04,Marvan Atapattu,Sri Lanka,715
2001-04,Michael Bevan,Australia,831
2001-04,Nathan Astle,New Zealand,702
2001-04,Ricky Ponting,Australia,717
2001-04,Russel Arnold,Sri Lanka,750
2001-04,Sachin Tendulkar,India,805
2001-04,Sanath Jayasuriya,Sri Lanka,741
2001-04,Sourav Ganguly,India,799
2001-05,Adam Gilchrist,Australia,736
2001-05,Brian Lara,West Indies,746
2001-05,Gary Kirsten,South Africa,721
2001-05,Inzamam-ul-Haq,Pakistan,744
2001-05,Jacques Kallis,South Africa,765
2001-05,Lance Klusener,South Africa,689
2001-05,Mark Waugh,Australia,761
2001-05,Marvan Atapattu,Sri Lanka,702
2001-05,Michael Bevan,Australia,845
2001-05,Nathan Astle,New Zealand,688
2001-05,Ricky Ponting,Australia,723
2001-05,Sachin Tendulkar,India,806
2001-05,Saeed Anwar,Pakistan,737
2001-05,Sanath Jayasuriya,Sri Lanka,756
2001-05,Sourav Ganguly,India,798
2001-06,Adam Gilchrist,Australia,736
2001-06,Brian Lara,West Indies,761
2001-06,Gary Kirsten,South Africa,705
2001-06,Inzamam-ul-Haq,Pakistan,744
2001-06,Jacques Kallis,South Africa,787
2001-06,Mark Waugh,Australia,761
2001-06,Marvan Atapattu,Sri Lanka,702
2001-06,Michael Bevan,Australia,845
2001-06,Nathan Astle,New Zealand,688
2001-06,Ricky Ponting,Australia,723
2001-06,Russel Arnold,Sri Lanka,683
2001-06,Sachin Tendulkar,India,806
2001-06,Saeed Anwar,Pakistan,737
2001-06,Sanath Jayasuriya,Sri Lanka,756
2001-06,Sourav Ganguly,India,798
2001-07,Adam Gilchrist,Australia,767
2001-07,Brian Lara,West Indies,750
2001-07,Gary Kirsten,South Africa,705
2001-07,Inzamam-ul-Haq,Pakistan,735
2001-07,Jacques Kallis,South Africa,787
2001-07,Mark Waugh,Australia,752
2001-07,Marvan Atapattu,Sri Lanka,702
2001-07,Michael Bevan,Australia,835
2001-07,Nathan Astle,New Zealand,688
2001-07,Ricky Ponting,Australia,786
2001-07,Russel Arnold,Sri Lanka,683
2001-07,Sachin Tendulkar,India,827
2001-07,Saeed Anwar,Pakistan,747
2001-07,Sanath Jayasuriya,Sri Lanka,756
2001-07,Sourav Ganguly,India,791
2001-08,Adam Gilchrist,Australia,767
2001-08,Brian Lara,West Indies,742
2001-08,Gary Kirsten,South Africa,705
2001-08,Inzamam-ul-Haq,Pakistan,735
2001-08,Jacques Kallis,South Africa,787
2001-08,Lance Klusener,South Africa,682
2001-08,Mark Waugh,Australia,752
2001-08,Marvan Atapattu,Sri Lanka,689
2001-08,Michael Bevan,Australia,835
2001-08,Nathan Astle,New Zealand,706
2001-08,Ricky Ponting,Australia,786
2001-08,Sachin Tendulkar,India,816
2001-08,Saeed Anwar,Pakistan,747
2001-08,Sanath Jayasuriya,Sri Lanka,758
2001-08,Sourav Ganguly,India,762
2001-09,Adam Gilchrist,Australia,767
2001-09,Brian Lara,West Indies,731
2001-09,Gary Kirsten,South Africa,705
2001-09,Inzamam-ul-Haq,Pakistan,735
2001-09,Jacques Kallis,South Africa,787
2001-09,Lance Klusener,South Africa,682
2001-09,Mark Waugh,Australia,752
2001-09,Michael Bevan,Australia,835
2001-09,Nathan Astle,New Zealand,726
2001-09,Ricky Ponting,Australia,786
2001-09,Russel Arnold,Sri Lanka,691
2001-09,Sachin Tendulkar,India,808
2001-09,Saeed Anwar,Pakistan,747
2001-09,Sanath Jayasuriya,Sri Lanka,782
2001-09,Sourav Ganguly,India,753
2001-10,Adam Gilchrist,Australia,767
2001-10,Brian Lara,West Indies,731
2001-10,Gary Kirsten,South Africa,697
2001-10,Inzamam-ul-Haq,Pakistan,735
2001-10,Jacques Kallis,South Africa,786
2001-10,Mark Waugh,Australia,752
2001-10,Michael Bevan,Australia,835
2001-10,Nathan Astle,New Zealand,726
2001-10,Ricky Ponting,Australia,786
2001-10,Russel Arnold,Sri Lanka,691
2001-10,Sachin Tendulkar,India,808
2001-10,Saeed Anwar,Pakistan,747
2001-10,Sanath Jayasuriya,Sri Lanka,782
2001-10,Sourav Ganguly,India,753
2001-10,Steve Waugh,Australia,681
2001-11,Adam Gilchrist,Australia,767
2001-11,Brian Lara,West Indies,731
2001-11,Gary Kirsten,South Africa,732
2001-11,Inzamam-ul-Haq,Pakistan,721
2001-11,Jacques Kallis,South Africa,775
2001-11,Mark Waugh,Australia,752
2001-11,Michael Bevan,Australia,835
2001-11,Nathan Astle,New Zealand,726
2001-11,Nick Knight,England,699
2001-11,Ricky Ponting,Australia,786
2001-11,Russel Arnold,Sri Lanka,720
2001-11,Sachin Tendulkar,India,811
2001-11,Saeed Anwar,Pakistan,737
2001-11,Sanath Jayasuriya,Sri Lanka,765
2001-11,Sourav Ganguly,India,787
2001-12,Adam Gilchrist,Australia,767
2001-12,Brian Lara,West Indies,731
2001-12,Gary Kirsten,South Africa,732
2001-12,Inzamam-ul-Haq,Pakistan,749
2001-12,Jacques Kallis,South Africa,775
2001-12,Mark Waugh,Australia,752
2001-12,Michael Bevan,Australia,835
2001-12,Nathan Astle,New Zealand,726
2001-12,Nick Knight,England,699
2001-12,Ricky Ponting,Australia,786
2001-12,Russel Arnold,Sri Lanka,723
2001-12,Sachin Tendulkar,India,811
2001-12,Saeed Anwar,Pakistan,730
2001-12,Sanath Jayasuriya,Sri Lanka,761
2001-12,Sourav Ganguly,India,787
2002-01,Adam Gilchrist,Australia,767
2002-01,Brian Lara,West Indies,733
2002-01,Gary Kirsten,South Africa,732
2002-01,Inzamam-ul-Haq,Pakistan,749
2002-01,Jacques Kallis,South Africa,775
2002-01,Mahela Jayawardene,Sri Lanka,738
2002-01,Mark Waugh,Australia,752
2002-01,Michael Bevan,Australia,835
2002-01,Nathan Astle,New Zealand,726
2002-01,Ricky Ponting,Australia,786
2002-01,Russel Arnold,Sri Lanka,707
2002-01,Sachin Tendulkar,India,811
2002-01,Saeed Anwar,Pakistan,730
2002-01,Sanath Jayasuriya,Sri Lanka,773
2002-01,Sourav Ganguly,India,787
2002-02,Adam Gilchrist,Australia,729
2002-02,Brian Lara,West Indies,733
2002-02,Gary Kirsten,South Africa,726
2002-02,Inzamam-ul-Haq,Pakistan,731
2002-02,Jacques Kallis,South Africa,749
2002-02,Mahela Jayawardene,Sri Lanka,738
2002-02,Mark Waugh,Australia,717
2002-02,Michael Bevan,Australia,844
2002-02,Nathan Astle,New Zealand,707
2002-02,Ricky Ponting,Australia,783
2002-02,Russel Arnold,Sri Lanka,707
2002-02,Sachin Tendulkar,India,824
2002-02,Saeed Anwar,Pakistan,719
2002-02,Sanath Jayasuriya,Sri Lanka,773
2002-02,Sourav Ganguly,India,776
2002-03,Adam Gilchrist,Australia,727
2002-03,Brian Lara,West Indies,722
2002-03,Gary Kirsten,South Africa,700
2002-03,Inzamam-ul-Haq,Pakistan,704
2002-03,Jacques Kallis,South Africa,775
2002-03,Mahela Jayawardene,Sri Lanka,738
2002-03,Michael Bevan,Australia,834
2002-03,Nathan Astle,New Zealand,708
2002-03,Nick Knight,England,707
2002-03,Ricky Ponting,Australia,779
2002-03,Russel Arnold,Sri Lanka,707
2002-03,Sachin Tendulkar,India,816
2002-03,Saeed Anwar,Pakistan,708
2002-03,Sanath Jayasuriya,Sri Lanka,773
2002-03,Sourav Ganguly,India,788
2002-04,Adam Gilchrist,Australia,712
2002-04,Brian Lara,West Indies,722
2002-04,Inzamam-ul-Haq,Pakistan,704
2002-04,Jacques Kallis,South Africa,766
2002-04,Lance Klusener,South Africa,684
2002-04,Mahela Jayawardene,Sri Lanka,738
2002-04,Michael Bevan,Australia,816
2002-04,Nathan Astle,New Zealand,708
2002-04,Nick Knight,England,707
2002-04,Ricky Ponting,Australia,786
2002-04,Russel Arnold,Sri Lanka,707
2002-04,Sachin Tendulkar,India,796
2002-04,Saeed Anwar,Pakistan,708
2002-04,Sanath Jayasuriya,Sri Lanka,773
2002-04,Sourav Ganguly,India,772
2002-05,Adam Gilchrist,Australia,737
2002-05,Brian Lara,West Indies,722
2002-05,Inzamam-ul-Haq,Pakistan,693
2002-05,Jacques Kallis,South Africa,769
2002-05,Jonty Rhodes,South Africa,725
2002-05,Mahela Jayawardene,Sri Lanka,701
2002-05,Marvan Atapattu,Sri Lanka,698
2002-05,Michael Bevan,Australia,816
2002-05,Mohammad Yousuf,Pakistan,714
2002-05,Nick Knight,England,707
2002-05,Ricky Ponting,Australia,790
2002-05,Russel Arnold,Sri Lanka,698
2002-05,Sachin Tendulkar,India,796
2002-05,Sanath Jayasuriya,Sri Lanka,767
2002-05,Sourav Ganguly,India,772
2002-06,Adam Gilchrist,Australia,737
2002-06,Brian Lara,West Indies,710
2002-06,Inzamam-ul-Haq,Pakistan,693
2002-06,Jacques Kallis,South Africa,769
2002-06,Jonty Rhodes,South Africa,725
2002-06,Mahela Jayawardene,Sri Lanka,701
2002-06,Marvan Atapattu,Sri Lanka,698
2002-06,Michael Bevan,Australia,816
2002-06,Mohammad Yousuf,Pakistan,714
2002-06,Nick Knight,England,707
2002-06,Ricky Ponting,Australia,790
2002-06,Russel Arnold,Sri Lanka,698
2002-06,Sachin Tendulkar,India,797
2002-06,Sanath Jayasuriya,Sri Lanka,767
2002-06,Sourav Ganguly,India,774
2002-07,Adam Gilchrist,Australia,732
2002-07,Brian Lara,West Indies,709
2002-07,Inzamam-ul-Haq,Pakistan,684
2002-07,Jacques Kallis,South Africa,769
2002-07,Jonty Rhodes,South Africa,725
2002-07,Mahela Jayawardene,Sri Lanka,707
2002-07,Marcus Trescothick,England,711
2002-07,Marvan Atapattu,Sri Lanka,691
2002-07,Michael Bevan,Australia,806
2002-07,Mohammad Yousuf,Pakistan,723
2002-07,Nick Knight,England,697
2002-07,Ricky Ponting,Australia,759
2002-07,Sachin Tendulkar,India,799
2002-07,Sanath Jayasuriya,Sri Lanka,758
2002-07,Sourav Ganguly,India,769
2002-08,Adam Gilchrist,Australia,732
2002-08,Brian Lara,West Indies,709
2002-08,Chris Gayle,West Indies,684
2002-08,Inzamam-ul-Haq,Pakistan,684
2002-08,Jacques Kallis,South Africa,769
2002-08,Jonty Rhodes,South Africa,725
2002-08,Mahela Jayawardene,Sri Lanka,696
2002-08,Marcus Trescothick,England,743
2002-08,Marvan Atapattu,Sri Lanka,695
2002-08,Michael Bevan,Australia,806
2002-08,Mohammad Yousuf,Pakistan,723
2002-08,Ricky Ponting,Australia,759
2002-08,Sachin Tendulkar,India,817
2002-08,Sanath Jayasuriya,Sri Lanka,756
2002-08,Sourav Ganguly,India,739
2002-09,Adam Gilchrist,Australia,726
2002-09,Brian Lara,West Indies,709
2002-09,Chris Gayle,West Indies,684
2002-09,Inzamam-ul-Haq,Pakistan,679
2002-09,Jacques Kallis,South Africa,747
2002-09,Jonty Rhodes,South Africa,702
2002-09,Lance Klusener,South Africa,674
2002-09,Marcus Trescothick,England,743
2002-09,Marvan Atapattu,Sri Lanka,693
2002-09,Michael Bevan,Australia,807
2002-09,Mohammad Yousuf,Pakistan,723
2002-09,Ricky Ponting,Australia,770
2002-09,Sachin Tendulkar,India,817
2002-09,Sanath Jayasuriya,Sri Lanka,799
2002-09,Sourav Ganguly,India,739
2002-10,Adam Gilchrist,Australia,723
2002-10,Brian Lara,West Indies,710
2002-10,Chris Gayle,West Indies,687
2002-10,Jacques Kallis,South Africa,755
2002-10,Jonty Rhodes,South Africa,697
2002-10,Marcus Trescothick,England,767
2002-10,Marvan Atapattu,Sri Lanka,694
2002-10,Matthew Hayden,Australia,728
2002-10,Michael Bevan,Australia,784
2002-10,Mohammad Yousuf,Pakistan,699
2002-10,Ricky Ponting,Australia,761
2002-10,Sachin Tendulkar,India,800
2002-10,Sanath Jayasuriya,Sri Lanka,818
2002-10,Sourav Ganguly,India,750
2002-10,Virender Sehwag,India,704
2002-11,Adam Gilchrist,Australia,723
2002-11,Brian Lara,West Indies,710
2002-11,Herschelle Gibbs,South Africa,714
2002-11,Jacques Kallis,South Africa,749
2002-11,Jonty Rhodes,South Africa,694
2002-11,Marcus Trescothick,England,767
2002-11,Marvan Atapattu,Sri Lanka,694
2002-11,Matthew Hayden,Australia,728
2002-11,Michael Bevan,Australia,784
2002-11,Mohammad Yousuf,Pakistan,699
2002-11,Ricky Ponting,Australia,761
2002-11,Sachin Tendulkar,India,800
2002-11,Sanath Jayasuriya,Sri Lanka,818
2002-11,Sourav Ganguly,India,750
2002-11,Virender Sehwag,India,704
2002-12,Adam Gilchrist,Australia,723
2002-12,Andy Flower,Zimbabwe,696
2002-12,Chris Gayle,West Indies,743
2002-12,Jacques Kallis,South Africa,779
2002-12,Marcus Trescothick,England,767
2002-12,Marvan Atapattu,Sri Lanka,713
2002-12,Matthew Hayden,Australia,728
2002-12,Michael Bevan,Australia,784
2002-12,Mohammad Yousuf,Pakistan,777
2002-12,Rahul Dravid,India,697
2002-12,Ricky Ponting,Australia,761
2002-12,Sachin Tendulkar,India,772
2002-12,Sanath Jayasuriya,Sri Lanka,811
2002-12,Sourav Ganguly,India,746
2002-12,Virender Sehwag,India,695
2003-01,Adam Gilchrist,Australia,757
2003-01,Chris Gayle,West Indies,743
2003-01,Herschelle Gibbs,South Africa,707
2003-01,Jacques Kallis,South Africa,740
2003-01,Jonty Rhodes,South Africa,714
2003-01,Marcus Trescothick,England,742
2003-01,Marvan Atapattu,Sri Lanka,704
2003-01,Matthew Hayden,Australia,768
2003-01,Michael Bevan,Australia,778
2003-01,Mohammad Yousuf,Pakistan,763
2003-01,Nick Knight,England,702
2003-01,Ricky Ponting,Australia,769
2003-01,Sachin Tendulkar,India,761
2003-01,Sanath Jayasuriya,Sri Lanka,770
2003-01,Sourav Ganguly,India,718
2003-02,Adam Gilchrist,Australia,739
2003-02,Andy Flower,Zimbabwe,701
2003-02,Chris Gayle,West Indies,743
2003-02,Herschelle Gibbs,South Africa,707
2003-02,Jacques Kallis,South Africa,740
2003-02,Jonty Rhodes,South Africa,714
2003-02,Marcus Trescothick,England,731
2003-02,Marvan Atapattu,Sri Lanka,710
2003-02,Matthew Hayden,Australia,840
2003-02,Michael Bevan,Australia,782
2003-02,Mohammad Yousuf,Pakistan,763
2003-02,Ricky Ponting,Australia,745
2003-02,Sachin Tendulkar,India,721
2003-02,Sanath Jayasuriya,Sri Lanka,813
2003-02,Virender Sehwag,India,756
2003-03,Adam Gilchrist,Australia,727
2003-03,Andy Flower,Zimbabwe,709
2003-03,Boeta Dippenaar,South Africa,703
2003-03,Chris Gayle,West Indies,703
2003-03,Herschelle Gibbs,South Africa,739
2003-03,Jacques Kallis,South Africa,716
2003-03,Marvan Atapattu,Sri Lanka,699
2003-03,Matthew Hayden,Australia,840
2003-03,Michael Bevan,Australia,768
2003-03,Mohammad Yousuf,Pakistan,741
2003-03,Ramnaresh Sarwan,West Indies,728
2003-03,Ricky Ponting,Australia,739
2003-03,Sachin Tendulkar,India,791
2003-03,Sanath Jayasuriya,Sri Lanka,828
2003-03,Virender Sehwag,India,710
2003-04,Adam Gilchrist,Australia,755
2003-04,Chris Gayle,West Indies,718
2003-04,Damien Martyn,Australia,694
2003-04,Herschelle Gibbs,South Africa,750
2003-04,Jacques Kallis,South Africa,709
2003-04,Marcus Trescothick,England,701
2003-04,Marvan Atapattu,Sri Lanka,733
2003-04,Matthew Hayden,Australia,778
2003-04,Michael Bevan,Australia,773
2003-04,Mohammad Yousuf,Pakistan,732
2003-04,Ramnaresh Sarwan,West Indies,724
2003-04,Ricky Ponting,Australia,766
2003-04,Sachin Tendulkar,India,784
2003-04,Sanath Jayasuriya,Sri Lanka,802
2003-04,Virender Sehwag,India,713
2003-05,Adam Gilchrist,Australia,755
2003-05,Chris Gayle,West Indies,718
2003-05,Damien Martyn,Australia,694
2003-05,Herschelle Gibbs,South Africa,731
2003-05,Marcus Trescothick,England,701
2003-05,Marvan Atapattu,Sri Lanka,712
2003-05,Matthew Hayden,Australia,778
2003-05,Michael Bevan,Australia,773
2003-05,Mohammad Yousuf,Pakistan,743
2003-05,Ramnaresh Sarwan,West Indies,724
2003-05,Ricky Ponting,Australia,766
2003-05,Sachin Tendulkar,India,765
2003-05,Sanath Jayasuriya,Sri Lanka,786
2003-05,Sourav Ganguly,India,697
2003-05,Virender Sehwag,India,714
2003-06,Adam Gilchrist,Australia,746
2003-06,Brian Lara,West Indies,700
2003-06,Chris Gayle,West Indies,743
2003-06,Herschelle Gibbs,South Africa,731
2003-06,Jacques Kallis,South Africa,691
2003-06,Marcus Trescothick,England,701
2003-06,Matthew Hayden,Australia,738
2003-06,Michael Bevan,Australia,762
2003-06,Mohammad Yousuf,Pakistan,698
2003-06,Ramnaresh Sarwan,West Indies,754
2003-06,Ricky Ponting,Australia,756
2003-06,Sachin Tendulkar,India,765
2003-06,Sanath Jayasuriya,Sri Lanka,754
2003-06,Sourav Ganguly,India,697
2003-06,Virender Sehwag,India,714
2003-07,Adam Gilchrist,Australia,746
2003-07,Brian Lara,West Indies,734
2003-07,Chris Gayle,West Indies,739
2003-07,Herschelle Gibbs,South Africa,709
2003-07,Jacques Kallis,South Africa,743
2003-07,Marcus Trescothick,England,785
2003-07,Matthew Hayden,Australia,738
2003-07,Michael Bevan,Australia,762
2003-07,Mohammad Yousuf,Pakistan,690
2003-07,Ramnaresh Sarwan,West Indies,722
2003-07,Ricky Ponting,Australia,756
2003-07,Sachin Tendulkar,India,765
2003-07,Sanath Jayasuriya,Sri Lanka,732
2003-07,Sourav Ganguly,India,697
2003-07,Virender Sehwag,India,714
2003-08,Adam Gilchrist,Australia,746
2003-08,Brian Lara,West Indies,734
2003-08,Chris Gayle,West Indies,739
2003-08,Herschelle Gibbs,South Africa,690
2003-08,Jacques Kallis,South Africa,738
2003-08,Marcus Trescothick,England,750
2003-08,Matthew Hayden,Australia,738
2003-08,Michael Bevan,Australia,762
2003-08,Mohammad Yousuf,Pakistan,690
2003-08,Ramnaresh Sarwan,West Indies,722
2003-08,Ricky Ponting,Australia,756
2003-08,Sachin Tendulkar,India,765
2003-08,Sanath Jayasuriya,Sri Lanka,732
2003-08,Sourav Ganguly,India,697
2003-08,Virender Sehwag,India,714
2003-09,Adam Gilchrist,Australia,735
2003-09,Brian Lara,West Indies,734
2003-09,Chris Gayle,West Indies,739
2003-09,Herschelle Gibbs,South Africa,690
2003-09,Jacques Kallis,South Africa,738
2003-09,Marcus Trescothick,England,750
2003-09,Matthew Hayden,Australia,741
2003-09,Michael Bevan,Australia,771
2003-09,Mohammad Yousuf,Pakistan,690
2003-09,Ramnaresh Sarwan,West Indies,722
2003-09,Ricky Ponting,Australia,768
2003-09,Sachin Tendulkar,India,765
2003-09,Sanath Jayasuriya,Sri Lanka,732
2003-09,Sourav Ganguly,India,697
2003-09,Virender Sehwag,India,714
2003-10,Adam Gilchrist,Australia,735
2003-10,Brian Lara,West Indies,734
2003-10,Chris Gayle,West Indies,739
2003-10,Herschelle Gibbs,South Africa,690
2003-10,Jacques Kallis,South Africa,738
2003-10,Marcus Trescothick,England,750
2003-10,Matthew Hayden,Australia,741
2003-10,Michael Bevan,Australia,771
2003-10,Mohammad Yousuf,Pakistan,740
2003-10,Ramnaresh Sarwan,West Indies,722
2003-10,Ricky Ponting,Australia,768
2003-10,Sachin Tendulkar,India,765
2003-10,Sanath Jayasuriya,Sri Lanka,732
2003-10,Sourav Ganguly,India,697
2003-10,Virender Sehwag,India,714
2003-11,Adam Gilchrist,Australia,759
2003-11,Boeta Dippenaar,South Africa,686
2003-11,Brian Lara,West Indies,734
2003-11,Chris Gayle,West Indies,739
2003-11,Damien Martyn,Australia,693
2003-11,Jacques Kallis,South Africa,754
2003-11,Marcus Trescothick,England,750
2003-11,Matthew Hayden,Australia,744
2003-11,Michael Bevan,Australia,763
2003-11,Mohammad Yousuf,Pakistan,763
2003-11,Ramnaresh Sarwan,West Indies,722
2003-11,Ricky Ponting,Australia,744
2003-11,Sachin Tendulkar,India,796
2003-11,Sanath Jayasuriya,Sri Lanka,732
2003-11,Sourav Ganguly,India,687
2003-12,Adam Gilchrist,Australia,760
2003-12,Boeta Dippenaar,South Africa,686
2003-12,Brian Lara,West Indies,733
2003-12,Chris Gayle,West Indies,804
2003-12,Damien Martyn,Australia,693
2003-12,Herschelle Gibbs,South Africa,683
2003-12,Jacques Kallis,South Africa,754
2003-12,Marcus Trescothick,England,724
2003-12,Matthew Hayden,Australia,720
2003-12,Michael Bevan,Australia,794
2003-12,Mohammad Yousuf,Pakistan,752
2003-12,Ricky Ponting,Australia,764
2003-12,Sachin Tendulkar,India,816
2003-12,Sanath Jayasuriya,Sri Lanka,753
2003-12,Virender Sehwag,India,707
2004-01,Adam Gilchrist,Australia,760
2004-01,Boeta Dippenaar,South Africa,686
2004-01,Brian Lara,West Indies,733
2004-01,Chris Gayle,West Indies,804
2004-01,Damien Martyn,Australia,693
2004-01,Herschelle Gibbs,South Africa,683
2004-01,Jacques Kallis,South Africa,754
2004-01,Marcus Trescothick,England,724
2004-01,Matthew Hayden,Australia,720
2004-01,Michael Bevan,Australia,794
2004-01,Mohammad Yousuf,Pakistan,761
2004-01,Ricky Ponting,Australia,764
2004-01,Sachin Tendulkar,India,816
2004-01,Sanath Jayasuriya,Sri Lanka,753
2004-01,Virender Sehwag,India,707
2004-02,Adam Gilchrist,Australia,812
2004-02,Boeta Dippenaar,South Africa,700
2004-02,Brian Lara,West Indies,721
2004-02,Chris Gayle,West Indies,763
2004-02,Jacques Kallis,South Africa,795
2004-02,Marcus Trescothick,England,724
2004-02,Marvan Atapattu,Sri Lanka,676
2004-02,Matthew Hayden,Australia,699
2004-02,Michael Bevan,Australia,767
2004-02,Mohammad Yousuf,Pakistan,741
2004-02,Rahul Dravid,India,692
2004-02,Ricky Ponting,Australia,734
2004-02,Sachin Tendulkar,India,811
2004-02,Sanath Jayasuriya,Sri Lanka,753
2004-02,Virender Sehwag,India,713
2004-03,Adam Gilchrist,Australia,789
2004-03,Boeta Dippenaar,South Africa,668
2004-03,Brian Lara,West Indies,712
2004-03,Chris Gayle,West Indies,802
2004-03,Graeme Smith,South Africa,702
2004-03,Jacques Kallis,South Africa,792
2004-03,Marcus Trescothick,England,724
2004-03,Matthew Hayden,Australia,735
2004-03,Michael Bevan,Australia,730
2004-03,Mohammad Yousuf,Pakistan,741
2004-03,Ramnaresh Sarwan,West Indies,670
2004-03,Ricky Ponting,Australia,786
2004-03,Sachin Tendulkar,India,790
2004-03,Sanath Jayasuriya,Sri Lanka,722
2004-03,Virender Sehwag,India,688
2004-04,Adam Gilchrist,Australia,789
2004-04,Brian Lara,West Indies,712
2004-04,Chris Gayle,West Indies,802
2004-04,Graeme Smith,South Africa,687
2004-04,Jacques Kallis,South Africa,781
2004-04,Marcus Trescothick,England,724
2004-04,Matthew Hayden,Australia,735
2004-04,Mohammad Yousuf,Pakistan,706
2004-04,Rahul Dravid,India,680
2004-04,Ramnaresh Sarwan,West Indies,670
2004-04,Ricky Ponting,Australia,786
2004-04,Sachin Tendulkar,India,786
2004-04,Sanath Jayasuriya,Sri Lanka,722
2004-04,Virender Sehwag,India,682
2004-04,Yasir Hameed,Pakistan,680
2004-05,Adam Gilchrist,Australia,789
2004-05,Brian Lara,West Indies,709
2004-05,Chris Gayle,West Indies,783
2004-05,Graeme Smith,South Africa,687
2004-05,Jacques Kallis,South Africa,781
2004-05,Marcus Trescothick,England,751
2004-05,Matthew Hayden,Australia,735
2004-05,Mohammad Yousuf,Pakistan,706
2004-05,Rahul Dravid,India,680
2004-05,Ramnaresh Sarwan,West Indies,682
2004-05,Ricky Ponting,Australia,786
2004-05,Sachin Tendulkar,India,786
2004-05,Sanath Jayasuriya,Sri Lanka,703
2004-05,Virender Sehwag,India,682
2004-05,Yasir Hameed,Pakistan,680
2004-06,Adam Gilchrist,Australia,780
2004-06,Brian Lara,West Indies,694
2004-06,Chris Gayle,West Indies,739
2004-06,Graeme Smith,South Africa,687
2004-06,Jacques Kallis,South Africa,781
2004-06,Marcus Trescothick,England,770
2004-06,Matthew Hayden,Australia,734
2004-06,Mohammad Yousuf,Pakistan,706
2004-06,Rahul Dravid,India,680
2004-06,Ramnaresh Sarwan,West Indies,701
2004-06,Ricky Ponting,Australia,791
2004-06,Sachin Tendulkar,India,786
2004-06,Sanath Jayasuriya,Sri Lanka,703
2004-06,Virender Sehwag,India,682
2004-06,Yasir Hameed,Pakistan,680
2004-07,Adam Gilchrist,Australia,780
2004-07,Brian Lara,West Indies,689
2004-07,Chris Gayle,West Indies,740
2004-07,Graeme Smith,South Africa,687
2004-07,Jacques Kallis,South Africa,781
2004-07,Marcus Trescothick,England,755
2004-07,Matthew Hayden,Australia,734
2004-07,Mohammad Yousuf,Pakistan,706
2004-07,Rahul Dravid,India,680
2004-07,Ramnaresh Sarwan,West Indies,699
2004-07,Ricky Ponting,Australia,791
2004-07,Sachin Tendulkar,India,786
2004-07,Sanath Jayasuriya,Sri Lanka,703
2004-07,Virender Sehwag,India,682
2004-07,Yasir Hameed,Pakistan,680
2004-08,Adam Gilchrist,Australia,780
2004-08,Brian Lara,West Indies,688
2004-08,Chris Gayle,West Indies,752
2004-08,Graeme Smith,South Africa,687
2004-08,Jacques Kallis,South Africa,781
2004-08,Marcus Trescothick,England,729
2004-08,Matthew Hayden,Australia,734
2004-08,Mohammad Yousuf,Pakistan,698
2004-08,Rahul Dravid,India,683
2004-08,Ramnaresh Sarwan,West Indies,723
2004-08,Ricky Ponting,Australia,791
2004-08,Sachin Tendulkar,India,799
2004-08,Sanath Jayasuriya,Sri Lanka,742
2004-08,Stephen Fleming,New Zealand,697
2004-08,Yasir Hameed,Pakistan,710
2004-09,Adam Gilchrist,Australia,772
2004-09,Andrew Flintoff,England,694
2004-09,Brian Lara,West Indies,688
2004-09,Chris Gayle,West Indies,752
2004-09,Jacques Kallis,South Africa,786
2004-09,Kumar Sangakkara,Sri Lanka,692
2004-09,Marcus Trescothick,England,729
2004-09,Matthew Hayden,Australia,742
2004-09,Mohammad Yousuf,Pakistan,703
2004-09,Ramnaresh Sarwan,West Indies,723
2004-09,Ricky Ponting,Australia,784
2004-09,Sachin Tendulkar,India,787
2004-09,Sanath Jayasuriya,Sri Lanka,721
2004-09,Stephen Fleming,New Zealand,697
2004-09,Yasir Hameed,Pakistan,688
2004-10,Adam Gilchrist,Australia,760
2004-10,Andrew Flintoff,England,731
2004-10,Andrew Symonds,Australia,698
2004-10,Chris Gayle,West Indies,745
2004-10,Jacques Kallis,South Africa,780
2004-10,Kumar Sangakkara,Sri Lanka,691
2004-10,Marcus Trescothick,England,774
2004-10,Matthew Hayden,Australia,737
2004-10,Mohammad Yousuf,Pakistan,724
2004-10,Ramnaresh Sarwan,West Indies,748
2004-10,Ricky Ponting,Australia,759
2004-10,Sachin Tendulkar,India,771
2004-10,Sanath Jayasuriya,Sri Lanka,709
2004-10,Stephen Fleming,New Zealand,688
2004-10,Yasir Hameed,Pakistan,700
2004-11,Adam Gilchrist,Australia,760
2004-11,Andrew Flintoff,England,731
2004-11,Andrew Symonds,Australia,698
2004-11,Chris Gayle,West Indies,745
2004-11,Jacques Kallis,South Africa,780
2004-11,Kumar Sangakkara,Sri Lanka,716
2004-11,Marcus Trescothick,England,774
2004-11,Marvan Atapattu,Sri Lanka,697
2004-11,Matthew Hayden,Australia,737
2004-11,Mohammad Yousuf,Pakistan,735
2004-11,Ramnaresh Sarwan,West Indies,748
2004-11,Ricky Ponting,Australia,759
2004-11,Sachin Tendulkar,India,771
2004-11,Sanath Jayasuriya,Sri Lanka,704
2004-11,Stephen Fleming,New Zealand,688
2004-12,Adam Gilchrist,Australia,760
2004-12,Andrew Flintoff,England,724
2004-12,Andrew Symonds,Australia,698
2004-12,Brian Lara,West Indies,687
2004-12,Chris Gayle,West Indies,745
2004-12,Jacques Kallis,South Africa,780
2004-12,Kumar Sangakkara,Sri Lanka,716
2004-12,Marcus Trescothick,England,766
2004-12,Marvan Atapattu,Sri Lanka,697
2004-12,Matthew Hayden,Australia,737
2004-12,Mohammad Yousuf,Pakistan,728
2004-12,Ramnaresh Sarwan,West Indies,748
2004-12,Ricky Ponting,Australia,759
2004-12,Sachin Tendulkar,India,763
2004-12,Sanath Jayasuriya,Sri Lanka,704
2005-01,Adam Gilchrist,Australia,789
2005-01,Andrew Flintoff,England,716
2005-01,Brian Lara,West Indies,687
2005-01,Chris Gayle,West Indies,745
2005-01,Jacques Kallis,South Africa,780
2005-01,Kumar Sangakkara,Sri Lanka,704
2005-01,Marcus Trescothick,England,759
2005-01,Marvan Atapattu,Sri Lanka,687
2005-01,Matthew Hayden,Australia,729
2005-01,Mohammad Yousuf,Pakistan,728
2005-01,Ramnaresh Sarwan,West Indies,748
2005-01,Ricky Ponting,Australia,754
2005-01,Sachin Tendulkar,India,750
2005-01,Sanath Jayasuriya,Sri Lanka,711
2005-01,Stephen Fleming,New Zealand,695
2005-02,Adam Gilchrist,Australia,751
2005-02,Andrew Flintoff,England,713
2005-02,Brian Lara,West Indies,719
2005-02,Inzamam-ul-Haq,Pakistan,697
2005-02,Jacques Kallis,South Africa,767
2005-02,Kumar Sangakkara,Sri Lanka,700
2005-02,Marcus Trescothick,England,751
2005-02,Michael Clarke,Australia,734
2005-02,Mohammad Yousuf,Pakistan,743
2005-02,Rahul Dravid,India,692
2005-02,Ramnaresh Sarwan,West Indies,754
2005-02,Ricky Ponting,Australia,753
2005-02,Sachin Tendulkar,India,750
2005-02,Sanath Jayasuriya,Sri Lanka,708
2005-02,Stephen Fleming,New Zealand,693
2005-03,Adam Gilchrist,Australia,727
2005-03,Brian Lara,West Indies,719
2005-03,Graeme Smith,South Africa,737
2005-03,Inzamam-ul-Haq,Pakistan,693
2005-03,Jacques Kallis,South Africa,752
2005-03,Kumar Sangakkara,Sri Lanka,700
2005-03,Marcus Trescothick,England,699
2005-03,Matthew Hayden,Australia,700
2005-03,Michael Clarke,Australia,726
2005-03,Mohammad Yousuf,Pakistan,742
2005-03,Rahul Dravid,India,692
2005-03,Ramnaresh Sarwan,West Indies,754
2005-03,Ricky Ponting,Australia,744
2005-03,Sachin Tendulkar,India,750
2005-03,Sanath Jayasuriya,Sri Lanka,708
2005-04,Adam Gilchrist,Australia,748
2005-04,Brian Lara,West Indies,719
2005-04,Graeme Smith,South Africa,733
2005-04,Inzamam-ul-Haq,Pakistan,693
2005-04,Jacques Kallis,South Africa,749
2005-04,Kumar Sangakkara,Sri Lanka,700
2005-04,Marcus Trescothick,England,699
2005-04,Matthew Hayden,Australia,696
2005-04,Michael Clarke,Australia,728
2005-04,Mohammad Yousuf,Pakistan,742
2005-04,Rahul Dravid,India,692
2005-04,Ramnaresh Sarwan,West Indies,754
2005-04,Ricky Ponting,Australia,777
2005-04,Sachin Tendulkar,India,750
2005-04,Sanath Jayasuriya,Sri Lanka,708
2005-05,Adam Gilchrist,Australia,748
2005-05,Brian Lara,West Indies,719
2005-05,Graeme Smith,South Africa,733
2005-05,Inzamam-ul-Haq,Pakistan,701
2005-05,Jacques Kallis,South Africa,749
2005-05,Kumar Sangakkara,Sri Lanka,700
2005-05,Marcus Trescothick,England,699
2005-05,Matthew Hayden,Australia,696
2005-05,Michael Clarke,Australia,728
2005-05,Mohammad Yousuf,Pakistan,726
2005-05,Rahul Dravid,India,714
2005-05,Ramnaresh Sarwan,West Indies,754
2005-05,Ricky Ponting,Australia,777
2005-05,Sachin Tendulkar,India,718
2005-05,Sanath Jayasuriya,Sri Lanka,708
2005-06,Adam Gilchrist,Australia,748
2005-06,Chris Gayle,West Indies,740
2005-06,Graeme Smith,South Africa,740
2005-06,Inzamam-ul-Haq,Pakistan,699
2005-06,Jacques Kallis,South Africa,741
2005-06,Kumar Sangakkara,Sri Lanka,700
2005-06,Marcus Trescothick,England,699
2005-06,Matthew Hayden,Australia,696
2005-06,Michael Clarke,Australia,728
2005-06,Mohammad Yousuf,Pakistan,722
2005-06,Rahul Dravid,India,714
2005-06,Ramnaresh Sarwan,West Indies,702
2005-06,Ricky Ponting,Australia,777
2005-06,Sachin Tendulkar,India,718
2005-06,Sanath Jayasuriya,Sri Lanka,708
2005-07,Adam Gilchrist,Australia,734
2005-07,Andrew Symonds,Australia,700
2005-07,Chris Gayle,West Indies,740
2005-07,Graeme Smith,South Africa,740
2005-07,Inzamam-ul-Haq,Pakistan,699
2005-07,Jacques Kallis,South Africa,741
2005-07,Kumar Sangakkara,Sri Lanka,700
2005-07,Marcus Trescothick,England,721
2005-07,Michael Clarke,Australia,727
2005-07,Mohammad Yousuf,Pakistan,722
2005-07,Rahul Dravid,India,714
2005-07,Ramnaresh Sarwan,West Indies,702
2005-07,Ricky Ponting,Australia,752
2005-07,Sachin Tendulkar,India,718
2005-07,Sanath Jayasuriya,Sri Lanka,708
2005-08,Adam Gilchrist,Australia,782
2005-08,Chris Gayle,West Indies,736
2005-08,Graeme Smith,South Africa,740
2005-08,Inzamam-ul-Haq,Pakistan,699
2005-08,Jacques Kallis,South Africa,741
2005-08,Kevin Pietersen,England,691
2005-08,Kumar Sangakkara,Sri Lanka,693
2005-08,Marcus Trescothick,England,723
2005-08,Michael Clarke,Australia,693
2005-08,Mohammad Yousuf,Pakistan,722
2005-08,Rahul Dravid,India,727
2005-08,Ramnaresh Sarwan,West Indies,698
2005-08,Ricky Ponting,Australia,773
2005-08,Sachin Tendulkar,India,711
2005-08,Sanath Jayasuriya,Sri Lanka,715
2005-09,Adam Gilchrist,Australia,782
2005-09,Andrew Symonds,Australia,689
2005-09,Chris Gayle,West Indies,725
2005-09,Graeme Smith,South Africa,724
2005-09,Inzamam-ul-Haq,Pakistan,695
2005-09,Jacques Kallis,South Africa,719
2005-09,Kevin Pietersen,England,691
2005-09,Marcus Trescothick,England,723
2005-09,Michael Clarke,Australia,693
2005-09,Mohammad Yousuf,Pakistan,710
2005-09,Rahul Dravid,India,699
2005-09,Ramnaresh Sarwan,West Indies,688
2005-09,Ricky Ponting,Australia,773
2005-09,Sachin Tendulkar,India,693
2005-09,Sanath Jayasuriya,Sri Lanka,711
2005-10,Adam Gilchrist,Australia,782
2005-10,Andrew Flintoff,England,687
2005-10,Andrew Symonds,Australia,689
2005-10,Chris Gayle,West Indies,725
2005-10,Graeme Smith,South Africa,724
2005-10,Inzamam-ul-Haq,Pakistan,695
2005-10,Jacques Kallis,South Africa,719
2005-10,Kevin Pietersen,England,691
2005-10,Marcus Trescothick,England,723
2005-10,Marvan Atapattu,Sri Lanka,691
2005-10,Michael Clarke,Australia,693
2005-10,Mohammad Yousuf,Pakistan,710
2005-10,Ramnaresh Sarwan,West Indies,688
2005-10,Ricky Ponting,Australia,773
2005-10,Sanath Jayasuriya,Sri Lanka,707
2005-11,Adam Gilchrist,Australia,810
2005-11,Andrew Flintoff,England,687
2005-11,Andrew Symonds,Australia,688
2005-11,Chris Gayle,West Indies,718
2005-11,Graeme Smith,South Africa,715
2005-11,Herschelle Gibbs,South Africa,703
2005-11,Inzamam-ul-Haq,Pakistan,695
2005-11,Kevin Pietersen,England,689
2005-11,Kumar Sangakkara,Sri Lanka,724
2005-11,Marcus Trescothick,England,723
2005-11,Mohammad Yousuf,Pakistan,710
2005-11,Ramnaresh Sarwan,West Indies,688
2005-11,Ricky Ponting,Australia,791
2005-11,Sachin Tendulkar,India,715
2005-11,Sanath Jayasuriya,Sri Lanka,685
2005-12,Adam Gilchrist,Australia,810
2005-12,Andrew Flintoff,England,687
2005-12,Andrew Symonds,Australia,688
2005-12,Chris Gayle,West Indies,718
2005-12,Graeme Smith,South Africa,778
2005-12,Herschelle Gibbs,South Africa,682
2005-12,Inzamam-ul-Haq,Pakistan,695
2005-12,Jacques Kallis,South Africa,697
2005-12,Kevin Pietersen,England,689
2005-12,Kumar Sangakkara,Sri Lanka,699
2005-12,Marcus Trescothick,England,723
2005-12,Mohammad Yousuf,Pakistan,710
2005-12,Rahul Dravid,India,701
2005-12,Ramnaresh Sarwan,West Indies,688
2005-12,Ricky Ponting,Australia,791
2006-01,Adam Gilchrist,Australia,782
2006-01,Andrew Flintoff,England,697
2006-01,Andrew Symonds,Australia,726
2006-01,Chris Gayle,West Indies,718
2006-01,Graeme Smith,South Africa,778
2006-01,Inzamam-ul-Haq,Pakistan,709
2006-01,Jacques Kallis,South Africa,697
2006-01,Kevin Pietersen,England,693
2006-01,Kumar Sangakkara,Sri Lanka,687
2006-01,Marcus Trescothick,England,684
2006-01,Michael Clarke,Australia,704
2006-01,Mohammad Yousuf,Pakistan,726
2006-01,Rahul Dravid,India,701
2006-01,Ramnaresh Sarwan,West Indies,688
2006-01,Ricky Ponting,Australia,803
2006-02,Adam Gilchrist,Australia,789
2006-02,Andrew Flintoff,England,697
2006-02,Andrew Symonds,Australia,711
2006-02,Boeta Dippenaar,South Africa,718
2006-02,Chris Gayle,West Indies,718
2006-02,Graeme Smith,South Africa,739
2006-02,Inzamam-ul-Haq,Pakistan,709
2006-02,Kevin Pietersen,England,693
2006-02,Kumar Sangakkara,Sri Lanka,709
2006-02,Michael Clarke,Australia,723
2006-02,Mohammad Yousuf,Pakistan,726
2006-02,Rahul Dravid,India,701
2006-02,Ramnaresh Sarwan,West Indies,688
2006-02,Ricky Ponting,Australia,769
2006-02,Sanath Jayasuriya,Sri Lanka,694
2006-03,Adam Gilchrist,Australia,805
2006-03,Andrew Flintoff,England,697
2006-03,Andrew Symonds,Australia,748
2006-03,Chris Gayle,West Indies,691
2006-03,Graeme Smith,South Africa,772
2006-03,Kevin Pietersen,England,693
2006-03,Kumar Sangakkara,Sri Lanka,754
2006-03,MS Dhoni,India,754
2006-03,Michael Clarke,Australia,748
2006-03,Michael Hussey,Australia,733
2006-03,Mohammad Yousuf,Pakistan,699
2006-03,Rahul Dravid,India,708
2006-03,Ramnaresh Sarwan,West Indies,706
2006-03,Ricky Ponting,Australia,792
2006-03,Yuvraj Singh,India,718
2006-04,Adam Gilchrist,Australia,792
2006-04,Andrew Flintoff,England,692
2006-04,Andrew Symonds,Australia,760
2006-04,Graeme Smith,South Africa,759
2006-04,Herschelle Gibbs,South Africa,705
2006-04,Kevin Pietersen,England,718
2006-04,Kumar Sangakkara,Sri Lanka,736
2006-04,MS Dhoni,India,758
2006-04,Michael Clarke,Australia,715
2006-04,Michael Hussey,Australia,747
2006-04,Mohammad Yousuf,Pakistan,709
2006-04,Rahul Dravid,India,697
2006-04,Ramnaresh Sarwan,West Indies,702
2006-04,Ricky Ponting,Australia,804
2006-04,Yuvraj Singh,India,700
2006-05,Adam Gilchrist,Australia,809
2006-05,Andrew Symonds,Australia,773
2006-05,Boeta Dippenaar,South Africa,689
2006-05,Graeme Smith,South Africa,759
2006-05,Herschelle Gibbs,South Africa,705
2006-05,Inzamam-ul-Haq,Pakistan,688
2006-05,Kevin Pietersen,England,746
2006-05,Kumar Sangakkara,Sri Lanka,736
2006-05,MS Dhoni,India,806
2006-05,Michael Clarke,Australia,708
2006-05,Michael Hussey,Australia,761
2006-05,Rahul Dravid,India,728
2006-05,Ramnaresh Sarwan,West Indies,700
2006-05,Ricky Ponting,Australia,784
2006-05,Yuvraj Singh,India,722
2006-06,Adam Gilchrist,Australia,809
2006-06,Andrew Symonds,Australia,773
2006-06,Boeta Dippenaar,South Africa,689
2006-06,Chris Gayle,West Indies,704
2006-06,Graeme Smith,South Africa,759
2006-06,Herschelle Gibbs,South Africa,705
2006-06,Kevin Pietersen,England,746
2006-06,Kumar Sangakkara,Sri Lanka,736
2006-06,MS Dhoni,India,776
2006-06,Michael Clarke,Australia,708
2006-06,Michael Hussey,Australia,761
2006-06,Rahul Dravid,India,710
2006-06,Ramnaresh Sarwan,West Indies,769
2006-06,Ricky Ponting,Australia,784
2006-06,Yuvraj Singh,India,728
2006-07,Adam Gilchrist,Australia,809
2006-07,Andrew Symonds,Australia,773
2006-07,Chris Gayle,West Indies,704
2006-07,Graeme Smith,South Africa,759
2006-07,Herschelle Gibbs,South Africa,705
2006-07,Kevin Pietersen,England,738
2006-07,Kumar Sangakkara,Sri Lanka,730
2006-07,MS Dhoni,India,776
2006-07,Michael Clarke,Australia,708
2006-07,Michael Hussey,Australia,761
2006-07,Rahul Dravid,India,710
2006-07,Ramnaresh Sarwan,West Indies,769
2006-07,Ricky Ponting,Australia,784
2006-07,Sanath Jayasuriya,Sri Lanka,704
2006-07,Yuvraj Singh,India,728
2006-08,Adam Gilchrist,Australia,809
2006-08,Andrew Symonds,Australia,773
2006-08,Chris Gayle,West Indies,704
2006-08,Graeme Smith,South Africa,759
2006-08,Herschelle Gibbs,South Africa,705
2006-08,Kevin Pietersen,England,738
2006-08,Kumar Sangakkara,Sri Lanka,723
2006-08,MS Dhoni,India,776
2006-08,Michael Clarke,Australia,708
2006-08,Michael Hussey,Australia,761
2006-08,Rahul Dravid,India,710
2006-08,Ramnaresh Sarwan,West Indies,769
2006-08,Ricky Ponting,Australia,784
2006-08,Sanath Jayasuriya,Sri Lanka,714
2006-08,Yuvraj Singh,India,728
2006-09,Adam Gilchrist,Australia,809
2006-09,Andrew Symonds,Australia,773
2006-09,Chris Gayle,West Indies,704
2006-09,Graeme Smith,South Africa,759
2006-09,Herschelle Gibbs,South Africa,705
2006-09,Kevin Pietersen,England,729
2006-09,Kumar Sangakkara,Sri Lanka,723
2006-09,MS Dhoni,India,776
2006-09,Michael Clarke,Australia,708
2006-09,Michael Hussey,Australia,761
2006-09,Rahul Dravid,India,710
2006-09,Ramnaresh Sarwan,West Indies,769
2006-09,Ricky Ponting,Australia,784
2006-09,Sanath Jayasuriya,Sri Lanka,714
2006-09,Yuvraj Singh,India,728
2006-10,Adam Gilchrist,Australia,789
2006-10,Andrew Symonds,Australia,749
2006-10,Chris Gayle,West Indies,710
2006-10,Graeme Smith,South Africa,748
2006-10,Herschelle Gibbs,South Africa,688
2006-10,Kevin Pietersen,England,750
2006-10,Kumar Sangakkara,Sri Lanka,723
2006-10,MS Dhoni,India,743
2006-10,Michael Clarke,Australia,713
2006-10,Michael Hussey,Australia,800
2006-10,Mohammad Yousuf,Pakistan,693
2006-10,Ramnaresh Sarwan,West Indies,748
2006-10,Ricky Ponting,Australia,755
2006-10,Sanath Jayasuriya,Sri Lanka,714
2006-10,Yuvraj Singh,India,697
2006-11,Adam Gilchrist,Australia,779
2006-11,Andrew Symonds,Australia,750
2006-11,Chris Gayle,West Indies,749
2006-11,Graeme Smith,South Africa,731
2006-11,Kevin Pietersen,England,774
2006-11,Kumar Sangakkara,Sri Lanka,713
2006-11,MS Dhoni,India,734
2006-11,Mahela Jayawardene,Sri Lanka,682
2006-11,Michael Clarke,Australia,705
2006-11,Michael Hussey,Australia,815
2006-11,Mohammad Yousuf,Pakistan,700
2006-11,Ramnaresh Sarwan,West Indies,736
2006-11,Ricky Ponting,Australia,749
2006-11,Sanath Jayasuriya,Sri Lanka,703
2006-11,Yuvraj Singh,India,695
2006-12,Adam Gilchrist,Australia,766
2006-12,Andrew Symonds,Australia,750
2006-12,Chris Gayle,West Indies,789
2006-12,Graeme Smith,South Africa,685
2006-12,Herschelle Gibbs,South Africa,684
2006-12,Kevin Pietersen,England,774
2006-12,Kumar Sangakkara,Sri Lanka,713
2006-12,MS Dhoni,India,744
2006-12,Michael Clarke,Australia,705
2006-12,Michael Hussey,Australia,815
2006-12,Mohammad Yousuf,Pakistan,700
2006-12,Ramnaresh Sarwan,West Indies,721
2006-12,Ricky Ponting,Australia,737
2006-12,Sanath Jayasuriya,Sri Lanka,703
2006-12,Yuvraj Singh,India,684
2007-01,Adam Gilchrist,Australia,766
2007-01,Andrew Symonds,Australia,750
2007-01,Chris Gayle,West Indies,757
2007-01,Graeme Smith,South Africa,703
2007-01,Herschelle Gibbs,South Africa,684
2007-01,Inzamam-ul-Haq,Pakistan,683
2007-01,Kevin Pietersen,England,774
2007-01,Kumar Sangakkara,Sri Lanka,726
2007-01,MS Dhoni,India,749
2007-01,Michael Clarke,Australia,705
2007-01,Michael Hussey,Australia,815
2007-01,Mohammad Yousuf,Pakistan,696
2007-01,Ramnaresh Sarwan,West Indies,707
2007-01,Ricky Ponting,Australia,737
2007-01,Sanath Jayasuriya,Sri Lanka,714
2007-02,Adam Gilchrist,Australia,752
2007-02,Andrew Symonds,Australia,750
2007-02,Chris Gayle,West Indies,724
2007-02,Graeme Smith,South Africa,703
2007-02,Kevin Pietersen,England,780
2007-02,Kumar Sangakkara,Sri Lanka,739
2007-02,MS Dhoni,India,753
2007-02,Michael Clarke,Australia,719
2007-02,Michael Hussey,Australia,857
2007-02,Mohammad Yousuf,Pakistan,696
2007-02,Rahul Dravid,India,697
2007-02,Ramnaresh Sarwan,West Indies,693
2007-02,Ricky Ponting,Australia,760
2007-02,Sanath Jayasuriya,Sri Lanka,729
2007-02,Shivnarine Chanderpaul,West Indies,684
2007-03,Adam Gilchrist,Australia,710
2007-03,Andrew Symonds,Australia,734
2007-03,Chris Gayle,West Indies,724
2007-03,Graeme Smith,South Africa,717
2007-03,Jacques Kallis,South Africa,679
2007-03,Kevin Pietersen,England,765
2007-03,Kumar Sangakkara,Sri Lanka,727
2007-03,MS Dhoni,India,770
2007-03,Michael Hussey,Australia,813
2007-03,Mohammad Yousuf,Pakistan,729
2007-03,Rahul Dravid,India,695
2007-03,Ramnaresh Sarwan,West Indies,693
2007-03,Ricky Ponting,Australia,765
2007-03,Sanath Jayasuriya,Sri Lanka,711
2007-03,Shivnarine Chanderpaul,West Indies,684
2007-04,Adam Gilchrist,Australia,709
2007-04,Andrew Symonds,Australia,712
2007-04,Chris Gayle,West Indies,691
2007-04,Graeme Smith,South Africa,757
2007-04,Jacques Kallis,South Africa,720
2007-04,Kevin Pietersen,England,798
2007-04,Kumar Sangakkara,Sri Lanka,718
2007-04,MS Dhoni,India,730
2007-04,Matthew Hayden,Australia,713
2007-04,Michael Clarke,Australia,700
2007-04,Michael Hussey,Australia,760
2007-04,Mohammad Yousuf,Pakistan,709
2007-04,Rahul Dravid,India,699
2007-04,Ricky Ponting,Australia,782
2007-04,Sanath Jayasuriya,Sri Lanka,756
2007-05,Adam Gilchrist,Australia,723
2007-05,Andrew Symonds,Australia,724
2007-05,Graeme Smith,South Africa,738
2007-05,Herschelle Gibbs,South Africa,705
2007-05,Jacques Kallis,South Africa,721
2007-05,Kevin Pietersen,England,824
2007-05,Kumar Sangakkara,Sri Lanka,703
2007-05,MS Dhoni,India,730
2007-05,Matthew Hayden,Australia,738
2007-05,Michael Clarke,Australia,721
2007-05,Michael Hussey,Australia,760
2007-05,Mohammad Yousuf,Pakistan,709
2007-05,Ramnaresh Sarwan,West Indies,726
2007-05,Ricky Ponting,Australia,796
2007-05,Sanath Jayasuriya,Sri Lanka,754
2007-06,Adam Gilchrist,Australia,723
2007-06,Andrew Symonds,Australia,724
2007-06,Graeme Smith,South Africa,738
2007-06,Herschelle Gibbs,South Africa,705
2007-06,Jacques Kallis,South Africa,721
2007-06,Kevin Pietersen,England,824
2007-06,MS Dhoni,India,748
2007-06,Mahela Jayawardene,Sri Lanka,710
2007-06,Matthew Hayden,Australia,738
2007-06,Michael Clarke,Australia,721
2007-06,Michael Hussey,Australia,760
2007-06,Rahul Dravid,India,697
2007-06,Ramnaresh Sarwan,West Indies,726
2007-06,Ricky Ponting,Australia,796
2007-06,Sanath Jayasuriya,Sri Lanka,732
2007-07,Adam Gilchrist,Australia,723
2007-07,Andrew Symonds,Australia,724
2007-07,Graeme Smith,South Africa,723
2007-07,Jacques Kallis,South Africa,716
2007-07,Kevin Pietersen,England,819
2007-07,Kumar Sangakkara,Sri Lanka,693
2007-07,MS Dhoni,India,724
2007-07,Mahela Jayawardene,Sri Lanka,715
2007-07,Matthew Hayden,Australia,738
2007-07,Michael Clarke,Australia,721
2007-07,Michael Hussey,Australia,760
2007-07,Rahul Dravid,India,700
2007-07,Ramnaresh Sarwan,West Indies,722
2007-07,Ricky Ponting,Australia,796
2007-07,Sanath Jayasuriya,Sri Lanka,704
2007-08,Adam Gilchrist,Australia,723
2007-08,Andrew Symonds,Australia,724
2007-08,Chris Gayle,West Indies,706
2007-08,Graeme Smith,South Africa,723
2007-08,Jacques Kallis,South Africa,716
2007-08,Kevin Pietersen,England,792
2007-08,MS Dhoni,India,724
2007-08,Mahela Jayawardene,Sri Lanka,689
2007-08,Matthew Hayden,Australia,738
2007-08,Michael Clarke,Australia,721
2007-08,Michael Hussey,Australia,760
2007-08,Rahul Dravid,India,700
2007-08,Ramnaresh Sarwan,West Indies,704
2007-08,Ricky Ponting,Australia,796
2007-08,Shivnarine Chanderpaul,West Indies,697
2007-09,Adam Gilchrist,Australia,723
2007-09,Andrew Symonds,Australia,724
2007-09,Chris Gayle,West Indies,706
2007-09,Graeme Smith,South Africa,722
2007-09,Ian Bell,England,700
2007-09,Jacques Kallis,South Africa,705
2007-09,Kevin Pietersen,England,768
2007-09,Mahela Jayawardene,Sri Lanka,689
2007-09,Matthew Hayden,Australia,738
2007-09,Michael Clarke,Australia,721
2007-09,Michael Hussey,Australia,760
2007-09,Rahul Dravid,India,716
2007-09,Ramnaresh Sarwan,West Indies,704
2007-09,Ricky Ponting,Australia,796
2007-09,Shivnarine Chanderpaul,West Indies,697
2007-10,Adam Gilchrist,Australia,715
2007-10,Andrew Symonds,Australia,714
2007-10,Chris Gayle,West Indies,706
2007-10,Graeme Smith,South Africa,722
2007-10,Jacques Kallis,South Africa,705
2007-10,Kevin Pietersen,England,748
2007-10,Mahela Jayawardene,Sri Lanka,700
2007-10,Matthew Hayden,Australia,734
2007-10,Michael Clarke,Australia,744
2007-10,Michael Hussey,Australia,756
2007-10,Ramnaresh Sarwan,West Indies,704
2007-10,Ricky Ponting,Australia,792
2007-10,Sachin Tendulkar,India,691
2007-10,Sanath Jayasuriya,Sri Lanka,691
2007-10,Shivnarine Chanderpaul,West Indies,697
2007-11,Adam Gilchrist,Australia,705
2007-11,Andrew Symonds,Australia,763
2007-11,Chris Gayle,West Indies,706
2007-11,Graeme Smith,South Africa,736
2007-11,Herschelle Gibbs,South Africa,699
2007-11,Jacques Kallis,South Africa,694
2007-11,Kevin Pietersen,England,744
2007-11,Matthew Hayden,Australia,748
2007-11,Michael Clarke,Australia,704
2007-11,Michael Hussey,Australia,734
2007-11,Mohammad Yousuf,Pakistan,718
2007-11,Ramnaresh Sarwan,West Indies,704
2007-11,Ricky Ponting,Australia,785
2007-11,Sachin Tendulkar,India,709
2007-11,Shivnarine Chanderpaul,West Indies,697
2007-12,AB de Villiers,South Africa,691
2007-12,Adam Gilchrist,Australia,705
2007-12,Andrew Symonds,Australia,763
2007-12,Chris Gayle,West Indies,694
2007-12,Graeme Smith,South Africa,724
2007-12,Kevin Pietersen,England,744
2007-12,Matthew Hayden,Australia,748
2007-12,Michael Clarke,Australia,704
2007-12,Michael Hussey,Australia,734
2007-12,Mohammad Yousuf,Pakistan,737
2007-12,Ramnaresh Sarwan,West Indies,701
2007-12,Ricky Ponting,Australia,785
2007-12,Sachin Tendulkar,India,729
2007-12,Shivnarine Chanderpaul,West Indies,710
2007-12,Yuvraj Singh,India,707
2008-01,Adam Gilchrist,Australia,712
2008-01,Andrew Symonds,Australia,771
2008-01,Chris Gayle,West Indies,691
2008-01,Graeme Smith,South Africa,728
2008-01,Herschelle Gibbs,South Africa,723
2008-01,Kevin Pietersen,England,744
2008-01,Matthew Hayden,Australia,738
2008-01,Michael Clarke,Australia,696
2008-01,Michael Hussey,Australia,722
2008-01,Mohammad Yousuf,Pakistan,737
2008-01,Ramnaresh Sarwan,West Indies,691
2008-01,Ricky Ponting,Australia,829
2008-01,Sachin Tendulkar,India,729
2008-01,Shivnarine Chanderpaul,West Indies,700
2008-01,Yuvraj Singh,India,707
2008-02,Adam Gilchrist,Australia,712
2008-02,Andrew Symonds,Australia,771
2008-02,Graeme Smith,South Africa,748
2008-02,Herschelle Gibbs,South Africa,701
2008-02,Jacques Kallis,South Africa,682
2008-02,Kevin Pietersen,England,744
2008-02,MS Dhoni,India,680
2008-02,Matthew Hayden,Australia,738
2008-02,Michael Clarke,Australia,696
2008-02,Michael Hussey,Australia,722
2008-02,Mohammad Yousuf,Pakistan,739
2008-02,Ricky Ponting,Australia,829
2008-02,Sachin Tendulkar,India,729
2008-02,Shivnarine Chanderpaul,West Indies,696
2008-02,Yuvraj Singh,India,707
2008-03,Adam Gilchrist,Australia,755
2008-03,Andrew Symonds,Australia,713
2008-03,Graeme Smith,South Africa,737
2008-03,Herschelle Gibbs,South Africa,717
2008-03,Jacques Kallis,South Africa,691
2008-03,Kevin Pietersen,England,732
2008-03,Kumar Sangakkara,Sri Lanka,708
2008-03,MS Dhoni,India,716
2008-03,Matthew Hayden,Australia,712
2008-03,Michael Clarke,Australia,731
2008-03,Michael Hussey,Australia,725
2008-03,Mohammad Yousuf,Pakistan,735
2008-03,Ricky Ponting,Australia,790
2008-03,Sachin Tendulkar,India,713
2008-03,Shivnarine Chanderpaul,West Indies,697
2008-04,AB de Villiers,South Africa,704
2008-04,Andrew Symonds,Australia,712
2008-04,Graeme Smith,South Africa,774
2008-04,Herschelle Gibbs,South Africa,703
2008-04,Jacques Kallis,South Africa,681
2008-04,Kevin Pietersen,England,732
2008-04,Kumar Sangakkara,Sri Lanka,708
2008-04,MS Dhoni,India,721
2008-04,Michael Clarke,Australia,712
2008-04,Michael Hussey,Australia,731
2008-04,Mohammad Yousuf,Pakistan,735
2008-04,Ricky Ponting,Australia,766
2008-04,Sachin Tendulkar,India,772
2008-04,Shivnarine Chanderpaul,West Indies,697
2008-04,Yuvraj Singh,India,686
2008-05,AB de Villiers,South Africa,704
2008-05,Andrew Symonds,Australia,712
2008-05,Graeme Smith,South Africa,774
2008-05,Herschelle Gibbs,South Africa,703
2008-05,Jacques Kallis,South Africa,681
2008-05,Kevin Pietersen,England,732
2008-05,Kumar Sangakkara,Sri Lanka,689
2008-05,MS Dhoni,India,721
2008-05,Michael Clarke,Australia,712
2008-05,Michael Hussey,Australia,731
2008-05,Mohammad Yousuf,Pakistan,744
2008-05,Ricky Ponting,Australia,766
2008-05,Sachin Tendulkar,India,772
2008-05,Shivnarine Chanderpaul,West Indies,717
2008-05,Yuvraj Singh,India,686
2008-06,AB de Villiers,South Africa,704
2008-06,Andrew Symonds,Australia,712
2008-06,Graeme Smith,South Africa,774
2008-06,Herschelle Gibbs,South Africa,703
2008-06,Jacques Kallis,South Africa,681
2008-06,Kevin Pietersen,England,732
2008-06,Kumar Sangakkara,Sri Lanka,689
2008-06,MS Dhoni,India,721
2008-06,Michael Clarke,Australia,712
2008-06,Michael Hussey,Australia,731
2008-06,Mohammad Yousuf,Pakistan,744
2008-06,Ricky Ponting,Australia,766
2008-06,Sachin Tendulkar,India,772
2008-06,Shivnarine Chanderpaul,West Indies,717
2008-06,Yuvraj Singh,India,686
2008-07,AB de Villiers,South Africa,704
2008-07,Andrew Symonds,Australia,705
2008-07,Graeme Smith,South Africa,774
2008-07,Herschelle Gibbs,South Africa,703
2008-07,Jacques Kallis,South Africa,681
2008-07,Kevin Pietersen,England,714
2008-07,Kumar Sangakkara,Sri Lanka,737
2008-07,MS Dhoni,India,741
2008-07,Michael Clarke,Australia,710
2008-07,Michael Hussey,Australia,743
2008-07,Mohammad Yousuf,Pakistan,727
2008-07,Ricky Ponting,Australia,755
2008-07,Sachin Tendulkar,India,749
2008-07,Shivnarine Chanderpaul,West Indies,719
2008-07,Yuvraj Singh,India,697
2008-08,AB de Villiers,South Africa,704
2008-08,Andrew Symonds,Australia,728
2008-08,Graeme Smith,South Africa,774
2008-08,Herschelle Gibbs,South Africa,703
2008-08,Kevin Pietersen,England,714
2008-08,Kumar Sangakkara,Sri Lanka,716
2008-08,MS Dhoni,India,763
2008-08,Michael Clarke,Australia,697
2008-08,Michael Hussey,Australia,742
2008-08,Mohammad Yousuf,Pakistan,721
2008-08,Ricky Ponting,Australia,747
2008-08,Sachin Tendulkar,India,738
2008-08,Sanath Jayasuriya,Sri Lanka,689
2008-08,Shivnarine Chanderpaul,West Indies,723
2008-08,Yuvraj Singh,India,691
2008-09,Andrew Symonds,Australia,724
2008-09,Chris Gayle,West Indies,686
2008-09,Graeme Smith,South Africa,749
2008-09,Herschelle Gibbs,South Africa,697
2008-09,Kevin Pietersen,England,726
2008-09,Kumar Sangakkara,Sri Lanka,669
2008-09,MS Dhoni,India,786
2008-09,Michael Clarke,Australia,687
2008-09,Michael Hussey,Australia,758
2008-09,Mohammad Yousuf,Pakistan,721
2008-09,Ricky Ponting,Australia,744
2008-09,Sachin Tendulkar,India,720
2008-09,Sanath Jayasuriya,Sri Lanka,668
2008-09,Shivnarine Chanderpaul,West Indies,712
2008-09,Yuvraj Singh,India,666
2008-10,Andrew Symonds,Australia,717
2008-10,Chris Gayle,West Indies,686
2008-10,Graeme Smith,South Africa,746
2008-10,Herschelle Gibbs,South Africa,687
2008-10,Kevin Pietersen,England,726
2008-10,Kumar Sangakkara,Sri Lanka,669
2008-10,MS Dhoni,India,786
2008-10,Michael Clarke,Australia,670
2008-10,Michael Hussey,Australia,766
2008-10,Mohammad Yousuf,Pakistan,721
2008-10,Ricky Ponting,Australia,736
2008-10,Sachin Tendulkar,India,720
2008-10,Sanath Jayasuriya,Sri Lanka,668
2008-10,Shivnarine Chanderpaul,West Indies,712
2008-10,Yuvraj Singh,India,666
2008-11,Andrew Symonds,Australia,717
2008-11,Chris Gayle,West Indies,686
2008-11,Graeme Smith,South Africa,742
2008-11,Herschelle Gibbs,South Africa,686
2008-11,Kevin Pietersen,England,726
2008-11,Kumar Sangakkara,Sri Lanka,669
2008-11,MS Dhoni,India,786
2008-11,Michael Clarke,Australia,670
2008-11,Michael Hussey,Australia,766
2008-11,Mohammad Yousuf,Pakistan,721
2008-11,Ricky Ponting,Australia,736
2008-11,Sachin Tendulkar,India,720
2008-11,Sanath Jayasuriya,Sri Lanka,668
2008-11,Shivnarine Chanderpaul,West Indies,712
2008-11,Yuvraj Singh,India,666
2008-12,Andrew Symonds,Australia,717
2008-12,Chris Gayle,West Indies,731
2008-12,Graeme Smith,South Africa,741
2008-12,Jacques Kallis,South Africa,672
2008-12,Kevin Pietersen,England,726
2008-12,Kumar Sangakkara,Sri Lanka,672
2008-12,MS Dhoni,India,771
2008-12,Michael Clarke,Australia,670
2008-12,Michael Hussey,Australia,766
2008-12,Mohammad Yousuf,Pakistan,710
2008-12,Ramnaresh Sarwan,West Indies,674
2008-12,Ricky Ponting,Australia,736
2008-12,Sachin Tendulkar,India,703
2008-12,Shivnarine Chanderpaul,West Indies,730
2008-12,Yuvraj Singh,India,737
2009-01,Andrew Symonds,Australia,717
2009-01,Chris Gayle,West Indies,730
2009-01,Graeme Smith,South Africa,741
2009-01,Jacques Kallis,South Africa,672
2009-01,Kevin Pietersen,England,726
2009-01,Kumar Sangakkara,Sri Lanka,672
2009-01,MS Dhoni,India,771
2009-01,Michael Clarke,Australia,670
2009-01,Michael Hussey,Australia,766
2009-01,Mohammad Yousuf,Pakistan,710
2009-01,Ramnaresh Sarwan,West Indies,680
2009-01,Ricky Ponting,Australia,736
2009-01,Sachin Tendulkar,India,703
2009-01,Shivnarine Chanderpaul,West Indies,726
2009-01,Yuvraj Singh,India,737
2009-02,AB de Villiers,South Africa,693
2009-02,Andrew Symonds,Australia,696
2009-02,Chris Gayle,West Indies,768
2009-02,Graeme Smith,South Africa,723
2009-02,Herschelle Gibbs,South Africa,673
2009-02,Jacques Kallis,South Africa,688
2009-02,Kevin Pietersen,England,726
2009-02,MS Dhoni,India,781
2009-02,Michael Hussey,Australia,756
2009-02,Mohammad Yousuf,Pakistan,700
2009-02,Ramnaresh Sarwan,West Indies,680
2009-02,Ricky Ponting,Australia,730
2009-02,Sachin Tendulkar,India,684
2009-02,Shivnarine Chanderpaul,West Indies,748
2009-02,Yuvraj Singh,India,746
2009-03,AB de Villiers,South Africa,693
2009-03,Andrew Symonds,Australia,682
2009-03,Chris Gayle,West Indies,768
2009-03,Gautam Gambhir,India,691
2009-03,Graeme Smith,South Africa,723
2009-03,Jacques Kallis,South Africa,688
2009-03,Kevin Pietersen,England,726
2009-03,Kumar Sangakkara,Sri Lanka,691
2009-03,MS Dhoni,India,801
2009-03,Michael Hussey,Australia,792
2009-03,Mohammad Yousuf,Pakistan,700
2009-03,Ricky Ponting,Australia,701
2009-03,Shivnarine Chanderpaul,West Indies,748
2009-03,Virender Sehwag,India,681
2009-03,Yuvraj Singh,India,782
2009-04,AB de Villiers,South Africa,693
2009-04,Andrew Symonds,Australia,682
2009-04,Chris Gayle,West Indies,781
2009-04,Graeme Smith,South Africa,723
2009-04,Jacques Kallis,South Africa,688
2009-04,Kevin Pietersen,England,694
2009-04,Kumar Sangakkara,Sri Lanka,691
2009-04,MS Dhoni,India,808
2009-04,Michael Hussey,Australia,792
2009-04,Mohammad Yousuf,Pakistan,700
2009-04,Ricky Ponting,Australia,701
2009-04,Sachin Tendulkar,India,698
2009-04,Shivnarine Chanderpaul,West Indies,768
2009-04,Virender Sehwag,India,737
2009-04,Yuvraj Singh,India,760
2009-05,AB de Villiers,South Africa,734
2009-05,Chris Gayle,West Indies,769
2009-05,Graeme Smith,South Africa,716
2009-05,Herschelle Gibbs,South Africa,702
2009-05,Jacques Kallis,South Africa,702
2009-05,Kevin Pietersen,England,696
2009-05,Kumar Sangakkara,Sri Lanka,691
2009-05,MS Dhoni,India,808
2009-05,Michael Clarke,Australia,701
2009-05,Michael Hussey,Australia,763
2009-05,Mohammad Yousuf,Pakistan,686
2009-05,Sachin Tendulkar,India,698
2009-05,Shivnarine Chanderpaul,West Indies,759
2009-05,Virender Sehwag,India,737
2009-05,Yuvraj Singh,India,760
2009-06,AB de Villiers,South Africa,734
2009-06,Chris Gayle,West Indies,758
2009-06,Graeme Smith,South Africa,716
2009-06,Herschelle Gibbs,South Africa,702
2009-06,Jacques Kallis,South Africa,702
2009-06,Kevin Pietersen,England,689
2009-06,Kumar Sangakkara,Sri Lanka,691
2009-06,MS Dhoni,India,808
2009-06,Michael Clarke,Australia,696
2009-06,Michael Hussey,Australia,759
2009-06,Mohammad Yousuf,Pakistan,682
2009-06,Sachin Tendulkar,India,698
2009-06,Shivnarine Chanderpaul,West Indies,758
2009-06,Virender Sehwag,India,737
2009-06,Yuvraj Singh,India,760
2009-07,AB de Villiers,South Africa,734
2009-07,Chris Gayle,West Indies,772
2009-07,Graeme Smith,South Africa,716
2009-07,Herschelle Gibbs,South Africa,702
2009-07,Jacques Kallis,South Africa,702
2009-07,Kevin Pietersen,England,689
2009-07,Kumar Sangakkara,Sri Lanka,691
2009-07,MS Dhoni,India,815
2009-07,Michael Clarke,Australia,696
2009-07,Michael Hussey,Australia,759
2009-07,Mohammad Yousuf,Pakistan,682
2009-07,Sachin Tendulkar,India,691
2009-07,Shivnarine Chanderpaul,West Indies,762
2009-07,Virender Sehwag,India,730
2009-07,Yuvraj Singh,India,786
2009-08,AB de Villiers,South Africa,734
2009-08,Chris Gayle,West Indies,744
2009-08,Graeme Smith,South Africa,716
2009-08,Herschelle Gibbs,South Africa,702
2009-08,Jacques Kallis,South Africa,702
2009-08,Kevin Pietersen,England,689
2009-08,Kumar Sangakkara,Sri Lanka,682
2009-08,MS Dhoni,India,820
2009-08,Michael Clarke,Australia,696
2009-08,Michael Hussey,Australia,759
2009-08,Ricky Ponting,Australia,676
2009-08,Sachin Tendulkar,India,684
2009-08,Shivnarine Chanderpaul,West Indies,741
2009-08,Virender Sehwag,India,722
2009-08,Yuvraj Singh,India,774
2009-09,AB de Villiers,South Africa,734
2009-09,Chris Gayle,West Indies,744
2009-09,Graeme Smith,South Africa,716
2009-09,Herschelle Gibbs,South Africa,702
2009-09,Jacques Kallis,South Africa,702
2009-09,Kevin Pietersen,England,686
2009-09,Kumar Sangakkara,Sri Lanka,682
2009-09,MS Dhoni,India,820
2009-09,Michael Clarke,Australia,688
2009-09,Michael Hussey,Australia,755
2009-09,Ricky Ponting,Australia,672
2009-09,Sachin Tendulkar,India,684
2009-09,Shivnarine Chanderpaul,West Indies,741
2009-09,Virender Sehwag,India,722
2009-09,Yuvraj Singh,India,774
2009-10,AB de Villiers,South Africa,744
2009-10,Chris Gayle,West Indies,733
2009-10,Graeme Smith,South Africa,748
2009-10,Herschelle Gibbs,South Africa,689
2009-10,Jacques Kallis,South Africa,697
2009-10,Kevin Pietersen,England,652
2009-10,MS Dhoni,India,806
2009-10,Michael Clarke,Australia,682
2009-10,Michael Hussey,Australia,756
2009-10,Mohammad Yousuf,Pakistan,678
2009-10,Ricky Ponting,Australia,713
2009-10,Sachin Tendulkar,India,717
2009-10,Shivnarine Chanderpaul,West Indies,730
2009-10,Virender Sehwag,India,701
2009-10,Yuvraj Singh,India,756
2009-11,AB de Villiers,South Africa,744
2009-11,Chris Gayle,West Indies,733
2009-11,Gautam Gambhir,India,663
2009-11,Graeme Smith,South Africa,748
2009-11,Herschelle Gibbs,South Africa,689
2009-11,Jacques Kallis,South Africa,697
2009-11,MS Dhoni,India,836
2009-11,Michael Clarke,Australia,665
2009-11,Michael Hussey,Australia,788
2009-11,Mohammad Yousuf,Pakistan,681
2009-11,Ricky Ponting,Australia,732
2009-11,Sachin Tendulkar,India,698
2009-11,Shivnarine Chanderpaul,West Indies,730
2009-11,Virender Sehwag,India,688
2009-11,Yuvraj Singh,India,764
2009-12,AB de Villiers,South Africa,747
2009-12,Brendon McCullum,New Zealand,664
2009-12,Chris Gayle,West Indies,733
2009-12,Graeme Smith,South Africa,729
2009-12,Herschelle Gibbs,South Africa,672
2009-12,Jacques Kallis,South Africa,694
2009-12,MS Dhoni,India,816
2009-12,Michael Hussey,Australia,797
2009-12,Mohammad Yousuf,Pakistan,671
2009-12,Paul Collingwood,England,674
2009-12,Ricky Ponting,Australia,734
2009-12,Sachin Tendulkar,India,729
2009-12,Shivnarine Chanderpaul,West Indies,730
2009-12,Virender Sehwag,India,683
2009-12,Yuvraj Singh,India,733
2010-01,AB de Villiers,South Africa,747
2010-01,Chris Gayle,West Indies,733
2010-01,Graeme Smith,South Africa,729
2010-01,Herschelle Gibbs,South Africa,672
2010-01,Jacques Kallis,South Africa,694
2010-01,MS Dhoni,India,825
2010-01,Michael Hussey,Australia,797
2010-01,Mohammad Yousuf,Pakistan,671
2010-01,Paul Collingwood,England,674
2010-01,Ricky Ponting,Australia,734
2010-01,Sachin Tendulkar,India,741
2010-01,Shivnarine Chanderpaul,West Indies,730
2010-01,Tillakaratne Dilshan,Sri Lanka,664
2010-01,Virender Sehwag,India,700
2010-01,Yuvraj Singh,India,713
2010-02,AB de Villiers,South Africa,747
2010-02,Chris Gayle,West Indies,733
2010-02,Graeme Smith,South Africa,729
2010-02,Herschelle Gibbs,South Africa,672
2010-02,Jacques Kallis,South Africa,694
2010-02,Kumar Sangakkara,Sri Lanka,696
2010-02,MS Dhoni,India,822
2010-02,Michael Hussey,Australia,818
2010-02,Paul Collingwood,England,674
2010-02,Ricky Ponting,Australia,715
2010-02,Sachin Tendulkar,India,723
2010-02,Shivnarine Chanderpaul,West Indies,730
2010-02,Tillakaratne Dilshan,Sri Lanka,685
2010-02,Virender Sehwag,India,701
2010-02,Yuvraj Singh,India,693
2010-03,AB de Villiers,South Africa,783
2010-03,Chris Gayle,West Indies,711
2010-03,Graeme Smith,South Africa,718
2010-03,Jacques Kallis,South Africa,712
2010-03,Kumar Sangakkara,Sri Lanka,696
2010-03,MS Dhoni,India,819
2010-03,Michael Clarke,Australia,660
2010-03,Michael Hussey,Australia,803
2010-03,Paul Collingwood,England,688
2010-03,Ricky Ponting,Australia,735
2010-03,Sachin Tendulkar,India,761
2010-03,Shivnarine Chanderpaul,West Indies,712
2010-03,Tillakaratne Dilshan,Sri Lanka,685
2010-03,Virender Sehwag,India,693
2010-03,Yuvraj Singh,India,683
2010-04,AB de Villiers,South Africa,783
2010-04,Chris Gayle,West Indies,765
2010-04,Graeme Smith,South Africa,718
2010-04,Jacques Kallis,South Africa,712
2010-04,Kumar Sangakkara,Sri Lanka,696
2010-04,MS Dhoni,India,819
2010-04,Michael Hussey,Australia,805
2010-04,Paul Collingwood,England,677
2010-04,Ricky Ponting,Australia,729
2010-04,Sachin Tendulkar,India,761
2010-04,Shivnarine Chanderpaul,West Indies,708
2010-04,Suresh Raina,India,655
2010-04,Tillakaratne Dilshan,Sri Lanka,685
2010-04,Virender Sehwag,India,693
2010-04,Yuvraj Singh,India,683
2010-05,AB de Villiers,South Africa,783
2010-05,Chris Gayle,West Indies,757
2010-05,Graeme Smith,South Africa,718
2010-05,Jacques Kallis,South Africa,712
2010-05,Kumar Sangakkara,Sri Lanka,696
2010-05,MS Dhoni,India,819
2010-05,Michael Hussey,Australia,805
2010-05,Paul Collingwood,England,677
2010-05,Ricky Ponting,Australia,729
2010-05,Sachin Tendulkar,India,761
2010-05,Shivnarine Chanderpaul,West Indies,706
2010-05,Suresh Raina,India,655
2010-05,Tillakaratne Dilshan,Sri Lanka,685
2010-05,Virender Sehwag,India,693
2010-05,Yuvraj Singh,India,683
2010-06,AB de Villiers,South Africa,812
2010-06,Chris Gayle,West Indies,745
2010-06,Graeme Smith,South Africa,699
2010-06,Hashim Amla,South Africa,733
2010-06,Jacques Kallis,South Africa,714
2010-06,Kumar Sangakkara,Sri Lanka,689
2010-06,MS Dhoni,India,811
2010-06,Michael Hussey,Australia,805
2010-06,Paul Collingwood,England,677
2010-06,Ricky Ponting,Australia,729
2010-06,Sachin Tendulkar,India,754
2010-06,Shivnarine Chanderpaul,West Indies,700
2010-06,Tillakaratne Dilshan,Sri Lanka,701
2010-06,Virender Sehwag,India,686
2010-06,Yuvraj Singh,India,676
2010-07,AB de Villiers,South Africa,803
2010-07,Chris Gayle,West Indies,736
2010-07,Eoin Morgan,England,690
2010-07,Graeme Smith,South Africa,691
2010-07,Hashim Amla,South Africa,739
2010-07,Jacques Kallis,South Africa,720
2010-07,Kumar Sangakkara,Sri Lanka,688
2010-07,MS Dhoni,India,807
2010-07,Michael Hussey,Australia,767
2010-07,Paul Collingwood,England,675
2010-07,Ricky Ponting,Australia,720
2010-07,Sachin Tendulkar,India,731
2010-07,Shane Watson,Australia,663
2010-07,Shivnarine Chanderpaul,West Indies,708
2010-07,Tillakaratne Dilshan,Sri Lanka,728
2010-08,AB de Villiers,South Africa,803
2010-08,Chris Gayle,West Indies,736
2010-08,Graeme Smith,South Africa,691
2010-08,Hashim Amla,South Africa,739
2010-08,Jacques Kallis,South Africa,720
2010-08,Kumar Sangakkara,Sri Lanka,688
2010-08,MS Dhoni,India,807
2010-08,Michael Clarke,Australia,657
2010-08,Michael Hussey,Australia,787
2010-08,Paul Collingwood,England,675
2010-08,Ricky Ponting,Australia,712
2010-08,Sachin Tendulkar,India,731
2010-08,Shivnarine Chanderpaul,West Indies,708
2010-08,Tillakaratne Dilshan,Sri Lanka,728
2010-08,Yuvraj Singh,India,656
2010-09,AB de Villiers,South Africa,803
2010-09,Chris Gayle,West Indies,736
2010-09,Graeme Smith,South Africa,691
2010-09,Hashim Amla,South Africa,739
2010-09,Jacques Kallis,South Africa,720
2010-09,Kumar Sangakkara,Sri Lanka,695
2010-09,MS Dhoni,India,796
2010-09,Michael Hussey,Australia,787
2010-09,Paul Collingwood,England,675
2010-09,Ricky Ponting,Australia,712
2010-09,Ross Taylor,New Zealand,659
2010-09,Sachin Tendulkar,India,713
2010-09,Shivnarine Chanderpaul,West Indies,708
2010-09,Tillakaratne Dilshan,Sri Lanka,749
2010-09,Virender Sehwag,India,716
2010-10,AB de Villiers,South Africa,803
2010-10,Andrew Strauss,England,666
2010-10,Chris Gayle,West Indies,736
2010-10,Eoin Morgan,England,679
2010-10,Graeme Smith,South Africa,691
2010-10,Hashim Amla,South Africa,739
2010-10,Jacques Kallis,South Africa,720
2010-10,Kumar Sangakkara,Sri Lanka,695
2010-10,MS Dhoni,India,796
2010-10,Michael Hussey,Australia,787
2010-10,Ricky Ponting,Australia,712
2010-10,Sachin Tendulkar,India,713
2010-10,Shivnarine Chanderpaul,West Indies,708
2010-10,Tillakaratne Dilshan,Sri Lanka,749
2010-10,Virender Sehwag,India,716
2010-11,AB de Villiers,South Africa,815
2010-11,Chris Gayle,West Indies,736
2010-11,Eoin Morgan,England,679
2010-11,Hashim Amla,South Africa,804
2010-11,Jacques Kallis,South Africa,717
2010-11,Kumar Sangakkara,Sri Lanka,695
2010-11,MS Dhoni,India,786
2010-11,Michael Clarke,Australia,676
2010-11,Michael Hussey,Australia,791
2010-11,Ricky Ponting,Australia,708
2010-11,Sachin Tendulkar,India,710
2010-11,Shivnarine Chanderpaul,West Indies,708
2010-11,Tillakaratne Dilshan,Sri Lanka,749
2010-11,Virat Kohli,India,677
2010-11,Virender Sehwag,India,712
2010-12,AB de Villiers,South Africa,807
2010-12,Chris Gayle,West Indies,736
2010-12,Gautam Gambhir,India,679
2010-12,Hashim Amla,South Africa,849
2010-12,Jacques Kallis,South Africa,707
2010-12,Kumar Sangakkara,Sri Lanka,693
2010-12,MS Dhoni,India,778
2010-12,Michael Clarke,Australia,681
2010-12,Michael Hussey,Australia,792
2010-12,Ricky Ponting,Australia,693
2010-12,Sachin Tendulkar,India,703
2010-12,Shivnarine Chanderpaul,West Indies,708
2010-12,Tillakaratne Dilshan,Sri Lanka,730
2010-12,Virat Kohli,India,743
2010-12,Virender Sehwag,India,705
2011-01,AB de Villiers,South Africa,807
2011-01,Chris Gayle,West Indies,736
2011-01,Gautam Gambhir,India,705
2011-01,Hashim Amla,South Africa,849
2011-01,Jacques Kallis,South Africa,707
2011-01,Kumar Sangakkara,Sri Lanka,693
2011-01,MS Dhoni,India,767
2011-01,Michael Clarke,Australia,681
2011-01,Michael Hussey,Australia,792
2011-01,Ricky Ponting,Australia,693
2011-01,Sachin Tendulkar,India,692
2011-01,Shivnarine Chanderpaul,West Indies,708
2011-01,Tillakaratne Dilshan,Sri Lanka,730
2011-01,Virat Kohli,India,743
2011-01,Virender Sehwag,India,695
2011-02,AB de Villiers,South Africa,782
2011-02,Chris Gayle,West Indies,691
2011-02,Gautam Gambhir,India,688
2011-02,Graeme Smith,South Africa,670
2011-02,Hashim Amla,South Africa,886
2011-02,Jacques Kallis,South Africa,690
2011-02,Kumar Sangakkara,Sri Lanka,693
2011-02,MS Dhoni,India,730
2011-02,Michael Hussey,Australia,771
2011-02,Ricky Ponting,Australia,675
2011-02,Sachin Tendulkar,India,671
2011-02,Shivnarine Chanderpaul,West Indies,676
2011-02,Tillakaratne Dilshan,Sri Lanka,730
2011-02,Virat Kohli,India,777
2011-02,Virender Sehwag,India,678
2011-03,AB de Villiers,South Africa,803
2011-03,Andrew Strauss,England,681
2011-03,Chris Gayle,West Indies,673
2011-03,Gautam Gambhir,India,687
2011-03,Hashim Amla,South Africa,879
2011-03,Jacques Kallis,South Africa,680
2011-03,Kumar Sangakkara,Sri Lanka,707
2011-03,MS Dhoni,India,726
2011-03,Michael Clarke,Australia,684
2011-03,Michael Hussey,Australia,756
2011-03,Sachin Tendulkar,India,688
2011-03,Shane Watson,Australia,695
2011-03,Tillakaratne Dilshan,Sri Lanka,715
2011-03,Virat Kohli,India,787
2011-03,Virender Sehwag,India,716
2011-04,AB de Villiers,South Africa,803
2011-04,Chris Gayle,West Indies,669
2011-04,Gautam Gambhir,India,680
2011-04,Hashim Amla,South Africa,861
2011-04,Jacques Kallis,South Africa,684
2011-04,Jonathan Trott,England,729
2011-04,Kumar Sangakkara,Sri Lanka,751
2011-04,MS Dhoni,India,706
2011-04,Michael Clarke,Australia,680
2011-04,Michael Hussey,Australia,729
2011-04,Sachin Tendulkar,India,717
2011-04,Shane Watson,Australia,680
2011-04,Tillakaratne Dilshan,Sri Lanka,765
2011-04,Virat Kohli,India,732
2011-04,Virender Sehwag,India,712
2011-05,AB de Villiers,South Africa,803
2011-05,Gautam Gambhir,India,701
2011-05,Hashim Amla,South Africa,861
2011-05,Jacques Kallis,South Africa,684
2011-05,Jonathan Trott,England,729
2011-05,Kumar Sangakkara,Sri Lanka,751
2011-05,MS Dhoni,India,729
2011-05,Michael Clarke,Australia,703
2011-05,Michael Hussey,Australia,745
2011-05,Ricky Ponting,Australia,669
2011-05,Sachin Tendulkar,India,712
2011-05,Shane Watson,Australia,755
2011-05,Tillakaratne Dilshan,Sri Lanka,760
2011-05,Virat Kohli,India,728
2011-05,Virender Sehwag,India,701
2011-06,AB de Villiers,South Africa,803
2011-06,Gautam Gambhir,India,701
2011-06,Hashim Amla,South Africa,861
2011-06,Jacques Kallis,South Africa,684
2011-06,Jonathan Trott,England,729
2011-06,Kumar Sangakkara,Sri Lanka,751
2011-06,MS Dhoni,India,729
2011-06,Michael Clarke,Australia,703
2011-06,Michael Hussey,Australia,745
2011-06,Ricky Ponting,Australia,669
2011-06,Sachin Tendulkar,India,712
2011-06,Shane Watson,Australia,755
2011-06,Tillakaratne Dilshan,Sri Lanka,760
2011-06,Virat Kohli,India,728
2011-06,Virender Sehwag,India,701
2011-07,AB de Villiers,South Africa,803
2011-07,Gautam Gambhir,India,684
2011-07,Hashim Amla,South Africa,861
2011-07,Jacques Kallis,South Africa,684
2011-07,Jonathan Trott,England,726
2011-07,Kumar Sangakkara,Sri Lanka,749
2011-07,MS Dhoni,India,711
2011-07,Michael Clarke,Australia,703
2011-07,Michael Hussey,Australia,745
2011-07,Ricky Ponting,Australia,669
2011-07,Sachin Tendulkar,India,694
2011-07,Shane Watson,Australia,755
2011-07,Tillakaratne Dilshan,Sri Lanka,739
2011-07,Virat Kohli,India,734
2011-07,Virender Sehwag,India,684
2011-08,AB de Villiers,South Africa,803
2011-08,Gautam Gambhir,India,684
2011-08,Hashim Amla,South Africa,861
2011-08,Jacques Kallis,South Africa,684
2011-08,Jonathan Trott,England,731
2011-08,Kumar Sangakkara,Sri Lanka,752
2011-08,MS Dhoni,India,711
2011-08,Michael Clarke,Australia,703
2011-08,Michael Hussey,Australia,745
2011-08,Ricky Ponting,Australia,669
2011-08,Sachin Tendulkar,India,694
2011-08,Shane Watson,Australia,755
2011-08,Tillakaratne Dilshan,Sri Lanka,696
2011-08,Virat Kohli,India,734
2011-08,Virender Sehwag,India,684
2011-09,AB de Villiers,South Africa,803
2011-09,Gautam Gambhir,India,684
2011-09,Hashim Amla,South Africa,861
2011-09,Jacques Kallis,South Africa,684
2011-09,Jonathan Trott,England,739
2011-09,Kumar Sangakkara,Sri Lanka,747
2011-09,MS Dhoni,India,711
2011-09,Michael Clarke,Australia,727
2011-09,Michael Hussey,Australia,726
2011-09,Ricky Ponting,Australia,679
2011-09,Sachin Tendulkar,India,694
2011-09,Shane Watson,Australia,758
2011-09,Tillakaratne Dilshan,Sri Lanka,690
2011-09,Virat Kohli,India,734
2011-09,Virender Sehwag,India,684
2011-10,AB de Villiers,South Africa,803
2011-10,Gautam Gambhir,India,667
2011-10,Hashim Amla,South Africa,861
2011-10,Jacques Kallis,South Africa,684
2011-10,Jonathan Trott,England,745
2011-10,Kumar Sangakkara,Sri Lanka,747
2011-10,MS Dhoni,India,734
2011-10,Michael Clarke,Australia,727
2011-10,Michael Hussey,Australia,726
2011-10,Ricky Ponting,Australia,679
2011-10,Sachin Tendulkar,India,677
2011-10,Shane Watson,Australia,758
2011-10,Tillakaratne Dilshan,Sri Lanka,690
2011-10,Virat Kohli,India,722
2011-10,Virender Sehwag,India,667
2011-11,AB de Villiers,South Africa,791
2011-11,Gautam Gambhir,India,677
2011-11,Hashim Amla,South Africa,840
2011-11,Jacques Kallis,South Africa,701
2011-11,Jonathan Trott,England,772
2011-11,Kumar Sangakkara,Sri Lanka,747
2011-11,MS Dhoni,India,777
2011-11,Michael Clarke,Australia,715
2011-11,Michael Hussey,Australia,737
2011-11,Ricky Ponting,Australia,673
2011-11,Ross Taylor,New Zealand,667
2011-11,Sachin Tendulkar,India,660
2011-11,Shane Watson,Australia,757
2011-11,Tillakaratne Dilshan,Sri Lanka,690
2011-11,Virat Kohli,India,755
2011-12,AB de Villiers,South Africa,791
2011-12,Gautam Gambhir,India,667
2011-12,Hashim Amla,South Africa,840
2011-12,Jacques Kallis,South Africa,701
2011-12,Jonathan Trott,England,772
2011-12,Kumar Sangakkara,Sri Lanka,752
2011-12,MS Dhoni,India,773
2011-12,Mahela Jayawardene,Sri Lanka,669
2011-12,Michael Clarke,Australia,715
2011-12,Michael Hussey,Australia,737
2011-12,Ricky Ponting,Australia,673
2011-12,Ross Taylor,New Zealand,667
2011-12,Shane Watson,Australia,757
2011-12,Tillakaratne Dilshan,Sri Lanka,674
2011-12,Virat Kohli,India,741
2012-01,AB de Villiers,South Africa,791
2012-01,Hashim Amla,South Africa,840
2012-01,Jacques Kallis,South Africa,701
2012-01,Jonathan Trott,England,772
2012-01,Kumar Sangakkara,Sri Lanka,752
2012-01,MS Dhoni,India,758
2012-01,Mahela Jayawardene,Sri Lanka,669
2012-01,Michael Clarke,Australia,715
2012-01,Michael Hussey,Australia,737
2012-01,Ricky Ponting,Australia,673
2012-01,Shane Watson,Australia,757
2012-01,Tillakaratne Dilshan,Sri Lanka,674
2012-01,Umar Akmal,Pakistan,702
2012-01,Virat Kohli,India,783
2012-01,Virender Sehwag,India,686
2012-02,AB de Villiers,South Africa,828
2012-02,Hashim Amla,South Africa,854
2012-02,Jacques Kallis,South Africa,701
2012-02,Jonathan Trott,England,772
2012-02,Kumar Sangakkara,Sri Lanka,745
2012-02,MS Dhoni,India,758
2012-02,Michael Clarke,Australia,715
2012-02,Michael Hussey,Australia,737
2012-02,Ricky Ponting,Australia,673
2012-02,Ross Taylor,New Zealand,667
2012-02,Shane Watson,Australia,757
2012-02,Tillakaratne Dilshan,Sri Lanka,670
2012-02,Umar Akmal,Pakistan,702
2012-02,Virat Kohli,India,783
2012-02,Virender Sehwag,India,686
2012-03,AB de Villiers,South Africa,850
2012-03,Gautam Gambhir,India,672
2012-03,Hashim Amla,South Africa,857
2012-03,Jacques Kallis,South Africa,684
2012-03,Jonathan Trott,England,735
2012-03,Kumar Sangakkara,Sri Lanka,732
2012-03,MS Dhoni,India,744
2012-03,Martin Guptill,New Zealand,681
2012-03,Michael Clarke,Australia,710
2012-03,Michael Hussey,Australia,715
2012-03,Shane Watson,Australia,722
2012-03,Sir Alastair Cook,England,729
2012-03,Tillakaratne Dilshan,Sri Lanka,698
2012-03,Umar Akmal,Pakistan,682
2012-03,Virat Kohli,India,790
2012-04,AB de Villiers,South Africa,851
2012-04,Hashim Amla,South Africa,871
2012-04,Jacques Kallis,South Africa,681
2012-04,Jonathan Trott,England,735
2012-04,Kumar Sangakkara,Sri Lanka,751
2012-04,MS Dhoni,India,752
2012-04,Martin Guptill,New Zealand,668
2012-04,Michael Clarke,Australia,708
2012-04,Michael Hussey,Australia,688
2012-04,Shakib Al Hasan,Bangladesh,683
2012-04,Shane Watson,Australia,698
2012-04,Sir Alastair Cook,England,729
2012-04,Tillakaratne Dilshan,Sri Lanka,683
2012-04,Umar Akmal,Pakistan,689
2012-04,Virat Kohli,India,846
2012-05,AB de Villiers,South Africa,851
2012-05,Hashim Amla,South Africa,871
2012-05,Jacques Kallis,South Africa,681
2012-05,Jonathan Trott,England,735
2012-05,Kumar Sangakkara,Sri Lanka,751
2012-05,MS Dhoni,India,752
2012-05,Martin Guptill,New Zealand,668
2012-05,Michael Clarke,Australia,708
2012-05,Michael Hussey,Australia,688
2012-05,Shakib Al Hasan,Bangladesh,683
2012-05,Shane Watson,Australia,698
2012-05,Sir Alastair Cook,England,729
2012-05,Tillakaratne Dilshan,Sri Lanka,683
2012-05,Umar Akmal,Pakistan,689
2012-05,Virat Kohli,India,846
2012-06,AB de Villiers,South Africa,851
2012-06,Hashim Amla,South Africa,871
2012-06,Jacques Kallis,South Africa,681
2012-06,Jonathan Trott,England,735
2012-06,Kumar Sangakkara,Sri Lanka,751
2012-06,MS Dhoni,India,752
2012-06,Martin Guptill,New Zealand,668
2012-06,Michael Clarke,Australia,708
2012-06,Michael Hussey,Australia,688
2012-06,Shakib Al Hasan,Bangladesh,683
2012-06,Shane Watson,Australia,698
2012-06,Sir Alastair Cook,England,729
2012-06,Tillakaratne Dilshan,Sri Lanka,683
2012-06,Umar Akmal,Pakistan,689
2012-06,Virat Kohli,India,846
2012-07,AB de Villiers,South Africa,851
2012-07,Hashim Amla,South Africa,871
2012-07,Jacques Kallis,South Africa,681
2012-07,Jonathan Trott,England,739
2012-07,Kumar Sangakkara,Sri Lanka,757
2012-07,MS Dhoni,India,752
2012-07,Martin Guptill,New Zealand,668
2012-07,Michael Clarke,Australia,709
2012-07,Michael Hussey,Australia,678
2012-07,Shakib Al Hasan,Bangladesh,683
2012-07,Shane Watson,Australia,700
2012-07,Sir Alastair Cook,England,741
2012-07,Tillakaratne Dilshan,Sri Lanka,695
2012-07,Umar Akmal,Pakistan,677
2012-07,Virat Kohli,India,846
2012-08,AB de Villiers,South Africa,851
2012-08,Gautam Gambhir,India,674
2012-08,Hashim Amla,South Africa,871
2012-08,Jacques Kallis,South Africa,681
2012-08,Jonathan Trott,England,738
2012-08,Kumar Sangakkara,Sri Lanka,777
2012-08,MS Dhoni,India,736
2012-08,Michael Clarke,Australia,700
2012-08,Michael Hussey,Australia,671
2012-08,Shakib Al Hasan,Bangladesh,683
2012-08,Shane Watson,Australia,694
2012-08,Sir Alastair Cook,England,742
2012-08,Tillakaratne Dilshan,Sri Lanka,678
2012-08,Umar Akmal,Pakistan,677
2012-08,Virat Kohli,India,866
2012-09,AB de Villiers,South Africa,843
2012-09,Eoin Morgan,England,680
2012-09,Gautam Gambhir,India,689
2012-09,Hashim Amla,South Africa,894
2012-09,Jacques Kallis,South Africa,670
2012-09,Jonathan Trott,England,749
2012-09,Kumar Sangakkara,Sri Lanka,773
2012-09,MS Dhoni,India,745
2012-09,Michael Clarke,Australia,718
2012-09,Michael Hussey,Australia,673
2012-09,Shakib Al Hasan,Bangladesh,683
2012-09,Shane Watson,Australia,683
2012-09,Sir Alastair Cook,England,716
2012-09,Umar Akmal,Pakistan,688
2012-09,Virat Kohli,India,858
2012-10,AB de Villiers,South Africa,852
2012-10,Brendan Taylor,Zimbabwe,667
2012-10,Eoin Morgan,England,674
2012-10,Gautam Gambhir,India,689
2012-10,Hashim Amla,South Africa,901
2012-10,Jonathan Trott,England,749
2012-10,Kumar Sangakkara,Sri Lanka,773
2012-10,MS Dhoni,India,745
2012-10,Michael Clarke,Australia,718
2012-10,Shakib Al Hasan,Bangladesh,683
2012-10,Shane Watson,Australia,680
2012-10,Sir Alastair Cook,England,707
2012-10,Tillakaratne Dilshan,Sri Lanka,667
2012-10,Umar Akmal,Pakistan,674
2012-10,Virat Kohli,India,858
2012-11,AB de Villiers,South Africa,852
2012-11,Brendan Taylor,Zimbabwe,667
2012-11,Eoin Morgan,England,674
2012-11,Gautam Gambhir,India,689
2012-11,Hashim Amla,South Africa,901
2012-11,Jonathan Trott,England,749
2012-11,Kumar Sangakkara,Sri Lanka,773
2012-11,MS Dhoni,India,745
2012-11,Michael Clarke,Australia,718
2012-11,Shakib Al Hasan,Bangladesh,683
2012-11,Shane Watson,Australia,680
2012-11,Sir Alastair Cook,England,707
2012-11,Tillakaratne Dilshan,Sri Lanka,667
2012-11,Umar Akmal,Pakistan,674
2012-11,Virat Kohli,India,858
2012-12,AB de Villiers,South Africa,852
2012-12,Brendan Taylor,Zimbabwe,667
2012-12,Eoin Morgan,England,674
2012-12,Gautam Gambhir,India,689
2012-12,Hashim Amla,South Africa,901
2012-12,Jonathan Trott,England,749
2012-12,Kumar Sangakkara,Sri Lanka,746
2012-12,MS Dhoni,India,745
2012-12,Michael Clarke,Australia,718
2012-12,Shakib Al Hasan,Bangladesh,680
2012-12,Shane Watson,Australia,680
2012-12,Sir Alastair Cook,England,707
2012-12,Tillakaratne Dilshan,Sri Lanka,682
2012-12,Umar Akmal,Pakistan,674
2012-12,Virat Kohli,India,858
2013-01,AB de Villiers,South Africa,852
2013-01,Brendan Taylor,Zimbabwe,667
2013-01,Eoin Morgan,England,674
2013-01,Gautam Gambhir,India,679
2013-01,Hashim Amla,South Africa,901
2013-01,Jonathan Trott,England,749
2013-01,Kumar Sangakkara,Sri Lanka,746
2013-01,MS Dhoni,India,776
2013-01,Michael Clarke,Australia,718
2013-01,Shakib Al Hasan,Bangladesh,666
2013-01,Shane Watson,Australia,680
2013-01,Sir Alastair Cook,England,707
2013-01,Tillakaratne Dilshan,Sri Lanka,682
2013-01,Umar Akmal,Pakistan,671
2013-01,Virat Kohli,India,845
2013-02,AB de Villiers,South Africa,834
2013-02,Brendan Taylor,Zimbabwe,667
2013-02,Graeme Smith,South Africa,657
2013-02,Hashim Amla,South Africa,886
2013-02,Jonathan Trott,England,731
2013-02,Kumar Sangakkara,Sri Lanka,728
2013-02,MS Dhoni,India,784
2013-02,Michael Clarke,Australia,694
2013-02,Shakib Al Hasan,Bangladesh,666
2013-02,Shane Watson,Australia,660
2013-02,Sir Alastair Cook,England,707
2013-02,Suresh Raina,India,669
2013-02,Tillakaratne Dilshan,Sri Lanka,683
2013-02,Umar Akmal,Pakistan,665
2013-02,Virat Kohli,India,812
2013-03,AB de Villiers,South Africa,834
2013-03,Brendon McCullum,New Zealand,685
2013-03,Hashim Amla,South Africa,886
2013-03,Jonathan Trott,England,753
2013-03,Kumar Sangakkara,Sri Lanka,728
2013-03,MS Dhoni,India,784
2013-03,Michael Clarke,Australia,676
2013-03,Ross Taylor,New Zealand,667
2013-03,Shakib Al Hasan,Bangladesh,666
2013-03,Shane Watson,Australia,691
2013-03,Sir Alastair Cook,England,710
2013-03,Suresh Raina,India,669
2013-03,Tillakaratne Dilshan,Sri Lanka,683
2013-03,Umar Akmal,Pakistan,665
2013-03,Virat Kohli,India,812
2013-04,AB de Villiers,South Africa,882
2013-04,Brendon McCullum,New Zealand,685
2013-04,Hashim Amla,South Africa,882
2013-04,Jonathan Trott,England,753
2013-04,Kumar Sangakkara,Sri Lanka,735
2013-04,MS Dhoni,India,784
2013-04,Michael Clarke,Australia,676
2013-04,Ross Taylor,New Zealand,667
2013-04,Shakib Al Hasan,Bangladesh,656
2013-04,Shane Watson,Australia,691
2013-04,Sir Alastair Cook,England,710
2013-04,Suresh Raina,India,669
2013-04,Tillakaratne Dilshan,Sri Lanka,731
2013-04,Umar Akmal,Pakistan,649
2013-04,Virat Kohli,India,812
2013-05,AB de Villiers,South Africa,882
2013-05,Brendon McCullum,New Zealand,685
2013-05,Hashim Amla,South Africa,882
2013-05,Jonathan Trott,England,753
2013-05,Kumar Sangakkara,Sri Lanka,735
2013-05,MS Dhoni,India,784
2013-05,Michael Clarke,Australia,676
2013-05,Ross Taylor,New Zealand,667
2013-05,Shakib Al Hasan,Bangladesh,656
2013-05,Shane Watson,Australia,691
2013-05,Sir Alastair Cook,England,710
2013-05,Suresh Raina,India,669
2013-05,Tillakaratne Dilshan,Sri Lanka,731
2013-05,Umar Akmal,Pakistan,649
2013-05,Virat Kohli,India,812
2013-06,AB de Villiers,South Africa,882
2013-06,Brendon McCullum,New Zealand,675
2013-06,Hashim Amla,South Africa,874
2013-06,Jonathan Trott,England,752
2013-06,Kumar Sangakkara,Sri Lanka,735
2013-06,MS Dhoni,India,784
2013-06,Michael Clarke,Australia,676
2013-06,Misbah-ul-Haq,Pakistan,640
2013-06,Paul Stirling,Ireland,680
2013-06,Ross Taylor,New Zealand,674
2013-06,Shane Watson,Australia,691
2013-06,Sir Alastair Cook,England,706
2013-06,Suresh Raina,India,669
2013-06,Tillakaratne Dilshan,Sri Lanka,731
2013-06,Virat Kohli,India,812
2013-07,AB de Villiers,South Africa,870
2013-07,Hashim Amla,South Africa,861
2013-07,Jonathan Trott,England,789
2013-07,Kumar Sangakkara,Sri Lanka,755
2013-07,MS Dhoni,India,763
2013-07,Martin Guptill,New Zealand,661
2013-07,Michael Clarke,Australia,666
2013-07,Misbah-ul-Haq,Pakistan,678
2013-07,Paul Stirling,Ireland,680
2013-07,Ross Taylor,New Zealand,669
2013-07,Shane Watson,Australia,667
2013-07,Sir Alastair Cook,England,678
2013-07,Suresh Raina,India,656
2013-07,Tillakaratne Dilshan,Sri Lanka,726
2013-07,Virat Kohli,India,806
2013-08,AB de Villiers,South Africa,845
2013-08,Hashim Amla,South Africa,853
2013-08,Jonathan Trott,England,789
2013-08,Kumar Sangakkara,Sri Lanka,829
2013-08,MS Dhoni,India,745
2013-08,Martin Guptill,New Zealand,661
2013-08,Michael Clarke,Australia,666
2013-08,Misbah-ul-Haq,Pakistan,712
2013-08,Paul Stirling,Ireland,664
2013-08,Ross Taylor,New Zealand,669
2013-08,Shane Watson,Australia,667
2013-08,Sir Alastair Cook,England,678
2013-08,Tillakaratne Dilshan,Sri Lanka,746
2013-08,Umar Akmal,Pakistan,664
2013-08,Virat Kohli,India,819
2013-09,AB de Villiers,South Africa,845
2013-09,Brendon McCullum,New Zealand,655
2013-09,Hashim Amla,South Africa,853
2013-09,Jonathan Trott,England,789
2013-09,Kumar Sangakkara,Sri Lanka,829
2013-09,MS Dhoni,India,741
2013-09,Martin Guptill,New Zealand,661
2013-09,Michael Clarke,Australia,666
2013-09,Misbah-ul-Haq,Pakistan,722
2013-09,Paul Stirling,Ireland,664
2013-09,Ross Taylor,New Zealand,669
2013-09,Shane Watson,Australia,667
2013-09,Sir Alastair Cook,England,678
2013-09,Tillakaratne Dilshan,Sri Lanka,746
2013-09,Virat Kohli,India,819
2013-10,AB de Villiers,South Africa,845
2013-10,Brendon McCullum,New Zealand,655
2013-10,George Bailey,Australia,714
2013-10,Hashim Amla,South Africa,853
2013-10,Kumar Sangakkara,Sri Lanka,829
2013-10,MS Dhoni,India,741
2013-10,Martin Guptill,New Zealand,661
2013-10,Michael Clarke,Australia,698
2013-10,Misbah-ul-Haq,Pakistan,722
2013-10,Ross Taylor,New Zealand,669
2013-10,Shane Watson,Australia,699
2013-10,Sir Alastair Cook,England,661
2013-10,Suresh Raina,India,654
2013-10,Tillakaratne Dilshan,Sri Lanka,746
2013-10,Virat Kohli,India,819
2013-11,AB de Villiers,South Africa,826
2013-11,Eoin Morgan,England,648
2013-11,George Bailey,Australia,835
2013-11,Hashim Amla,South Africa,844
2013-11,Kumar Sangakkara,Sri Lanka,829
2013-11,MS Dhoni,India,773
2013-11,Martin Guptill,New Zealand,654
2013-11,Michael Clarke,Australia,681
2013-11,Misbah-ul-Haq,Pakistan,720
2013-11,Ross Taylor,New Zealand,662
2013-11,Shane Watson,Australia,699
2013-11,Shikhar Dhawan,India,677
2013-11,Sir Alastair Cook,England,661
2013-11,Tillakaratne Dilshan,Sri Lanka,746
2013-11,Virat Kohli,India,869
2013-12,AB de Villiers,South Africa,859
2013-12,Eoin Morgan,England,648
2013-12,George Bailey,Australia,835
2013-12,Hashim Amla,South Africa,830
2013-12,Kumar Sangakkara,Sri Lanka,830
2013-12,MS Dhoni,India,790
2013-12,Michael Clarke,Australia,677
2013-12,Misbah-ul-Haq,Pakistan,722
2013-12,Rohit Sharma,India,652
2013-12,Ross Taylor,New Zealand,676
2013-12,Shane Watson,Australia,708
2013-12,Shikhar Dhawan,India,736
2013-12,Sir Alastair Cook,England,661
2013-12,Tillakaratne Dilshan,Sri Lanka,766
2013-12,Virat Kohli,India,876
2014-01,AB de Villiers,South Africa,872
2014-01,George Bailey,Australia,835
2014-01,Hashim Amla,South Africa,840
2014-01,Kumar Sangakkara,Sri Lanka,816
2014-01,MS Dhoni,India,789
2014-01,Michael Clarke,Australia,677
2014-01,Misbah-ul-Haq,Pakistan,735
2014-01,Mohammad Hafeez,Pakistan,660
2014-01,Quinton de Kock,South Africa,673
2014-01,Ross Taylor,New Zealand,655
2014-01,Shane Watson,Australia,708
2014-01,Shikhar Dhawan,India,717
2014-01,Sir Alastair Cook,England,661
2014-01,Tillakaratne Dilshan,Sri Lanka,760
2014-01,Virat Kohli,India,859
2014-02,AB de Villiers,South Africa,872
2014-02,Eoin Morgan,England,683
2014-02,George Bailey,Australia,856
2014-02,Hashim Amla,South Africa,840
2014-02,Kane Williamson,New Zealand,688
2014-02,Kumar Sangakkara,Sri Lanka,816
2014-02,MS Dhoni,India,799
2014-02,Michael Clarke,Australia,660
2014-02,Misbah-ul-Haq,Pakistan,735
2014-02,Quinton de Kock,South Africa,673
2014-02,Ross Taylor,New Zealand,713
2014-02,Shane Watson,Australia,676
2014-02,Shikhar Dhawan,India,688
2014-02,Tillakaratne Dilshan,Sri Lanka,760
2014-02,Virat Kohli,India,870
2014-03,AB de Villiers,South Africa,872
2014-03,Eoin Morgan,England,680
2014-03,George Bailey,Australia,856
2014-03,Hashim Amla,South Africa,840
2014-03,Kane Williamson,New Zealand,688
2014-03,Kumar Sangakkara,Sri Lanka,852
2014-03,MS Dhoni,India,791
2014-03,Michael Clarke,Australia,660
2014-03,Misbah-ul-Haq,Pakistan,732
2014-03,Quinton de Kock,South Africa,673
2014-03,Ross Taylor,New Zealand,713
2014-03,Shane Watson,Australia,676
2014-03,Shikhar Dhawan,India,722
2014-03,Tillakaratne Dilshan,Sri Lanka,728
2014-03,Virat Kohli,India,885
2014-04,AB de Villiers,South Africa,872
2014-04,Eoin Morgan,England,665
2014-04,George Bailey,Australia,856
2014-04,Hashim Amla,South Africa,840
2014-04,Kane Williamson,New Zealand,688
2014-04,Kumar Sangakkara,Sri Lanka,833
2014-04,MS Dhoni,India,783
2014-04,Michael Clarke,Australia,660
2014-04,Misbah-ul-Haq,Pakistan,715
2014-04,Quinton de Kock,South Africa,673
2014-04,Ross Taylor,New Zealand,713
2014-04,Shane Watson,Australia,676
2014-04,Shikhar Dhawan,India,723
2014-04,Tillakaratne Dilshan,Sri Lanka,717
2014-04,Virat Kohli,India,881
2014-05,AB de Villiers,South Africa,872
2014-05,Eoin Morgan,England,665
2014-05,George Bailey,Australia,856
2014-05,Hashim Amla,South Africa,840
2014-05,Kane Williamson,New Zealand,688
2014-05,Kumar Sangakkara,Sri Lanka,833
2014-05,MS Dhoni,India,783
2014-05,Michael Clarke,Australia,660
2014-05,Misbah-ul-Haq,Pakistan,715
2014-05,Quinton de Kock,South Africa,673
2014-05,Ross Taylor,New Zealand,713
2014-05,Shane Watson,Australia,676
2014-05,Shikhar Dhawan,India,723
2014-05,Tillakaratne Dilshan,Sri Lanka,717
2014-05,Virat Kohli,India,881
2014-06,AB de Villiers,South Africa,872
2014-06,George Bailey,Australia,856
2014-06,Hashim Amla,South Africa,840
2014-06,Kane Williamson,New Zealand,688
2014-06,Kumar Sangakkara,Sri Lanka,831
2014-06,MS Dhoni,India,783
2014-06,Michael Clarke,Australia,660
2014-06,Misbah-ul-Haq,Pakistan,715
2014-06,Mohammad Hafeez,Pakistan,654
2014-06,Quinton de Kock,South Africa,673
2014-06,Ross Taylor,New Zealand,713
2014-06,Shane Watson,Australia,676
2014-06,Shikhar Dhawan,India,723
2014-06,Tillakaratne Dilshan,Sri Lanka,731
2014-06,Virat Kohli,India,881
2014-07,AB de Villiers,South Africa,872
2014-07,George Bailey,Australia,856
2014-07,Hashim Amla,South Africa,840
2014-07,Kane Williamson,New Zealand,688
2014-07,Kumar Sangakkara,Sri Lanka,821
2014-07,MS Dhoni,India,771
2014-07,Michael Clarke,Australia,660
2014-07,Misbah-ul-Haq,Pakistan,715
2014-07,Mohammad Hafeez,Pakistan,654
2014-07,Quinton de Kock,South Africa,673
2014-07,Ross Taylor,New Zealand,713
2014-07,Shane Watson,Australia,676
2014-07,Shikhar Dhawan,India,712
2014-07,Tillakaratne Dilshan,Sri Lanka,732
2014-07,Virat Kohli,India,868
2014-08,AB de Villiers,South Africa,885
2014-08,George Bailey,Australia,856
2014-08,Hashim Amla,South Africa,868
2014-08,Kane Williamson,New Zealand,688
2014-08,Kumar Sangakkara,Sri Lanka,823
2014-08,MS Dhoni,India,771
2014-08,Michael Clarke,Australia,660
2014-08,Misbah-ul-Haq,Pakistan,715
2014-08,Mohammad Hafeez,Pakistan,654
2014-08,Quinton de Kock,South Africa,699
2014-08,Ross Taylor,New Zealand,713
2014-08,Shane Watson,Australia,676
2014-08,Shikhar Dhawan,India,712
2014-08,Tillakaratne Dilshan,Sri Lanka,750
2014-08,Virat Kohli,India,868
2014-09,AB de Villiers,South Africa,880
2014-09,Angelo Mathews,Sri Lanka,651
2014-09,George Bailey,Australia,857
2014-09,Hashim Amla,South Africa,866
2014-09,Kane Williamson,New Zealand,688
2014-09,Kumar Sangakkara,Sri Lanka,800
2014-09,MS Dhoni,India,776
2014-09,Michael Clarke,Australia,664
2014-09,Misbah-ul-Haq,Pakistan,696
2014-09,Quinton de Kock,South Africa,747
2014-09,Ross Taylor,New Zealand,713
2014-09,Shane Watson,Australia,666
2014-09,Shikhar Dhawan,India,699
2014-09,Tillakaratne Dilshan,Sri Lanka,739
2014-09,Virat Kohli,India,855
2014-10,AB de Villiers,South Africa,869
2014-10,Faf du Plessis,South Africa,701
2014-10,George Bailey,Australia,837
2014-10,Hashim Amla,South Africa,848
2014-10,Kane Williamson,New Zealand,688
2014-10,Kumar Sangakkara,Sri Lanka,800
2014-10,MS Dhoni,India,771
2014-10,Michael Clarke,Australia,657
2014-10,Misbah-ul-Haq,Pakistan,696
2014-10,Quinton de Kock,South Africa,720
2014-10,Ross Taylor,New Zealand,713
2014-10,Shane Watson,Australia,659
2014-10,Shikhar Dhawan,India,740
2014-10,Tillakaratne Dilshan,Sri Lanka,739
2014-10,Virat Kohli,India,845
2014-11,AB de Villiers,South Africa,883
2014-11,Angelo Mathews,Sri Lanka,651
2014-11,Faf du Plessis,South Africa,699
2014-11,George Bailey,Australia,802
2014-11,Hashim Amla,South Africa,855
2014-11,Kane Williamson,New Zealand,678
2014-11,Kumar Sangakkara,Sri Lanka,800
2014-11,MS Dhoni,India,757
2014-11,Misbah-ul-Haq,Pakistan,674
2014-11,Quinton de Kock,South Africa,739
2014-11,Ross Taylor,New Zealand,702
2014-11,Shikhar Dhawan,India,722
2014-11,Suresh Raina,India,650
2014-11,Tillakaratne Dilshan,Sri Lanka,739
2014-11,Virat Kohli,India,853
2014-12,AB de Villiers,South Africa,887
2014-12,Angelo Mathews,Sri Lanka,705
2014-12,Faf du Plessis,South Africa,657
2014-12,George Bailey,Australia,771
2014-12,Hashim Amla,South Africa,828
2014-12,Kane Williamson,New Zealand,678
2014-12,Kumar Sangakkara,Sri Lanka,775
2014-12,MS Dhoni,India,738
2014-12,Misbah-ul-Haq,Pakistan,674
2014-12,Quinton de Kock,South Africa,749
2014-12,Rohit Sharma,India,651
2014-12,Ross Taylor,New Zealand,702
2014-12,Shikhar Dhawan,India,777
2014-12,Tillakaratne Dilshan,Sri Lanka,739
2014-12,Virat Kohli,India,862
2015-01,AB de Villiers,South Africa,887
2015-01,Angelo Mathews,Sri Lanka,688
2015-01,Faf du Plessis,South Africa,657
2015-01,George Bailey,Australia,771
2015-01,Hashim Amla,South Africa,828
2015-01,Joe Root,England,688
2015-01,Kane Williamson,New Zealand,746
2015-01,Kumar Sangakkara,Sri Lanka,811
2015-01,MS Dhoni,India,738
2015-01,Misbah-ul-Haq,Pakistan,658
2015-01,Quinton de Kock,South Africa,749
2015-01,Ross Taylor,New Zealand,722
2015-01,Shikhar Dhawan,India,777
2015-01,Tillakaratne Dilshan,Sri Lanka,750
2015-01,Virat Kohli,India,862
2015-02,AB de Villiers,South Africa,891
2015-02,Aaron Finch,Australia,680
2015-02,George Bailey,Australia,717
2015-02,Hashim Amla,South Africa,867
2015-02,Joe Root,England,664
2015-02,Kane Williamson,New Zealand,757
2015-02,Kumar Sangakkara,Sri Lanka,823
2015-02,MS Dhoni,India,721
2015-02,Misbah-ul-Haq,Pakistan,663
2015-02,Quinton de Kock,South Africa,720
2015-02,Rohit Sharma,India,674
2015-02,Ross Taylor,New Zealand,699
2015-02,Shikhar Dhawan,India,725
2015-02,Tillakaratne Dilshan,Sri Lanka,785
2015-02,Virat Kohli,India,831
2015-03,AB de Villiers,South Africa,898
2015-03,Aaron Finch,Australia,734
2015-03,Angelo Mathews,Sri Lanka,664
2015-03,George Bailey,Australia,718
2015-03,Hashim Amla,South Africa,849
2015-03,Joe Root,England,671
2015-03,Kane Williamson,New Zealand,789
2015-03,Kumar Sangakkara,Sri Lanka,849
2015-03,MS Dhoni,India,712
2015-03,Misbah-ul-Haq,Pakistan,675
2015-03,Quinton de Kock,South Africa,687
2015-03,Ross Taylor,New Zealand,692
2015-03,Shikhar Dhawan,India,784
2015-03,Tillakaratne Dilshan,Sri Lanka,798
2015-03,Virat Kohli,India,847
2015-04,AB de Villiers,South Africa,902
2015-04,Aaron Finch,Australia,684
2015-04,George Bailey,Australia,697
2015-04,Glenn Maxwell,Australia,720
2015-04,Hashim Amla,South Africa,828
2015-04,Joe Root,England,667
2015-04,Kane Williamson,New Zealand,733
2015-04,MS Dhoni,India,731
2015-04,Quinton de Kock,South Africa,670
2015-04,Rohit Sharma,India,685
2015-04,Ross Taylor,New Zealand,691
2015-04,Shikhar Dhawan,India,756
2015-04,Steven Smith,Australia,685
2015-04,Tillakaratne Dilshan,Sri Lanka,793
2015-04,Virat Kohli,India,822
2015-05,AB de Villiers,South Africa,902
2015-05,Aaron Finch,Australia,684
2015-05,George Bailey,Australia,697
2015-05,Glenn Maxwell,Australia,720
2015-05,Hashim Amla,South Africa,828
2015-05,Joe Root,England,667
2015-05,Kane Williamson,New Zealand,733
2015-05,MS Dhoni,India,731
2015-05,Quinton de Kock,South Africa,670
2015-05,Rohit Sharma,India,685
2015-05,Ross Taylor,New Zealand,691
2015-05,Shikhar Dhawan,India,756
2015-05,Steven Smith,Australia,685
2015-05,Tillakaratne Dilshan,Sri Lanka,793
2015-05,Virat Kohli,India,822
2015-06,AB de Villiers,South Africa,902
2015-06,Aaron Finch,Australia,684
2015-06,George Bailey,Australia,697
2015-06,Glenn Maxwell,Australia,720
2015-06,Hashim Amla,South Africa,828
2015-06,Joe Root,England,664
2015-06,Kane Williamson,New Zealand,733
2015-06,MS Dhoni,India,731
2015-06,Quinton de Kock,South Africa,670
2015-06,Rohit Sharma,India,685
2015-06,Ross Taylor,New Zealand,691
2015-06,Shikhar Dhawan,India,756
2015-06,Steven Smith,Australia,685
2015-06,Tillakaratne Dilshan,Sri Lanka,793
2015-06,Virat Kohli,India,822
2015-07,AB de Villiers,South Africa,902
2015-07,Aaron Finch,Australia,684
2015-07,George Bailey,Australia,697
2015-07,Glenn Maxwell,Australia,720
2015-07,Hashim Amla,South Africa,828
2015-07,Joe Root,England,697
2015-07,Kane Williamson,New Zealand,786
2015-07,MS Dhoni,India,734
2015-07,Quinton de Kock,South Africa,670
2015-07,Rohit Sharma,India,680
2015-07,Ross Taylor,New Zealand,732
2015-07,Shikhar Dhawan,India,777
2015-07,Steven Smith,Australia,685
2015-07,Tillakaratne Dilshan,Sri Lanka,793
2015-07,Virat Kohli,India,802
2015-08,AB de Villiers,South Africa,889
2015-08,Aaron Finch,Australia,684
2015-08,George Bailey,Australia,697
2015-08,Glenn Maxwell,Australia,720
2015-08,Hashim Amla,South Africa,806
2015-08,Joe Root,England,697
2015-08,Kane Williamson,New Zealand,786
2015-08,MS Dhoni,India,723
2015-08,Rohit Sharma,India,670
2015-08,Ross Taylor,New Zealand,732
2015-08,Shikhar Dhawan,India,765
2015-08,Soumya Sarkar,Bangladesh,671
2015-08,Steven Smith,Australia,685
2015-08,Tillakaratne Dilshan,Sri Lanka,781
2015-08,Virat Kohli,India,790
2015-09,AB de Villiers,South Africa,884
2015-09,Aaron Finch,Australia,681
2015-09,George Bailey,Australia,682
2015-09,Glenn Maxwell,Australia,703
2015-09,Hashim Amla,South Africa,811
2015-09,Joe Root,England,697
2015-09,Kane Williamson,New Zealand,788
2015-09,MS Dhoni,India,723
2015-09,Martin Guptill,New Zealand,678
2015-09,Ross Taylor,New Zealand,728
2015-09,Shikhar Dhawan,India,765
2015-09,Soumya Sarkar,Bangladesh,671
2015-09,Steven Smith,Australia,676
2015-09,Tillakaratne Dilshan,Sri Lanka,781
2015-09,Virat Kohli,India,790
2015-10,AB de Villiers,South Africa,884
2015-10,Aaron Finch,Australia,696
2015-10,George Bailey,Australia,693
2015-10,Glenn Maxwell,Australia,717
2015-10,Hashim Amla,South Africa,811
2015-10,Joe Root,England,680
2015-10,Kane Williamson,New Zealand,788
2015-10,MS Dhoni,India,723
2015-10,Martin Guptill,New Zealand,678
2015-10,Rohit Sharma,India,670
2015-10,Ross Taylor,New Zealand,728
2015-10,Shikhar Dhawan,India,765
2015-10,Soumya Sarkar,Bangladesh,671
2015-10,Tillakaratne Dilshan,Sri Lanka,781
2015-10,Virat Kohli,India,790
2015-11,AB de Villiers,South Africa,900
2015-11,Aaron Finch,Australia,696
2015-11,Faf du Plessis,South Africa,715
2015-11,George Bailey,Australia,693
2015-11,Glenn Maxwell,Australia,717
2015-11,Hashim Amla,South Africa,776
2015-11,Joe Root,England,680
2015-11,Kane Williamson,New Zealand,788
2015-11,MS Dhoni,India,741
2015-11,Quinton de Kock,South Africa,715
2015-11,Rohit Sharma,India,702
2015-11,Ross Taylor,New Zealand,728
2015-11,Shikhar Dhawan,India,730
2015-11,Tillakaratne Dilshan,Sri Lanka,791
2015-11,Virat Kohli,India,804
2015-12,AB de Villiers,South Africa,900
2015-12,Aaron Finch,Australia,696
2015-12,Faf du Plessis,South Africa,715
2015-12,George Bailey,Australia,693
2015-12,Glenn Maxwell,Australia,717
2015-12,Hashim Amla,South Africa,776
2015-12,Kane Williamson,New Zealand,788
2015-12,MS Dhoni,India,741
2015-12,Martin Guptill,New Zealand,678
2015-12,Quinton de Kock,South Africa,715
2015-12,Rohit Sharma,India,702
2015-12,Ross Taylor,New Zealand,728
2015-12,Shikhar Dhawan,India,730
2015-12,Tillakaratne Dilshan,Sri Lanka,780
2015-12,Virat Kohli,India,804
2016-01,AB de Villiers,South Africa,900
2016-01,Aaron Finch,Australia,696
2016-01,Faf du Plessis,South Africa,715
2016-01,George Bailey,Australia,693
2016-01,Glenn Maxwell,Australia,717
2016-01,Hashim Amla,South Africa,776
2016-01,Kane Williamson,New Zealand,781
2016-01,MS Dhoni,India,741
2016-01,Martin Guptill,New Zealand,712
2016-01,Quinton de Kock,South Africa,715
2016-01,Rohit Sharma,India,702
2016-01,Ross Taylor,New Zealand,716
2016-01,Shikhar Dhawan,India,730
2016-01,Tillakaratne Dilshan,Sri Lanka,771
2016-01,Virat Kohli,India,804
2016-02,AB de Villiers,South Africa,900
2016-02,Faf du Plessis,South Africa,715
2016-02,George Bailey,Australia,704
2016-02,Glenn Maxwell,Australia,731
2016-02,Hashim Amla,South Africa,776
2016-02,Kane Williamson,New Zealand,771
2016-02,MS Dhoni,India,706
2016-02,Martin Guptill,New Zealand,725
2016-02,Quinton de Kock,South Africa,715
2016-02,Rohit Sharma,India,761
2016-02,Ross Taylor,New Zealand,713
2016-02,Shikhar Dhawan,India,748
2016-02,Steven Smith,Australia,702
2016-02,Tillakaratne Dilshan,Sri Lanka,760
2016-02,Virat Kohli,India,825
2016-03,AB de Villiers,South Africa,900
2016-03,David Warner,Australia,685
2016-03,Faf du Plessis,South Africa,710
2016-03,Glenn Maxwell,Australia,686
2016-03,Hashim Amla,South Africa,766
2016-03,Joe Root,England,739
2016-03,Kane Williamson,New Zealand,752
2016-03,MS Dhoni,India,706
2016-03,Martin Guptill,New Zealand,751
2016-03,Quinton de Kock,South Africa,763
2016-03,Rohit Sharma,India,761
2016-03,Ross Taylor,New Zealand,702
2016-03,Shikhar Dhawan,India,748
2016-03,Tillakaratne Dilshan,Sri Lanka,760
2016-03,Virat Kohli,India,825
2016-04,AB de Villiers,South Africa,900
2016-04,David Warner,Australia,685
2016-04,Faf du Plessis,South Africa,710
2016-04,Glenn Maxwell,Australia,686
2016-04,Hashim Amla,South Africa,766
2016-04,Joe Root,England,739
2016-04,Kane Williamson,New Zealand,752
2016-04,MS Dhoni,India,706
2016-04,Martin Guptill,New Zealand,751
2016-04,Quinton de Kock,South Africa,763
2016-04,Rohit Sharma,India,761
2016-04,Ross Taylor,New Zealand,702
2016-04,Shikhar Dhawan,India,748
2016-04,Tillakaratne Dilshan,Sri Lanka,760
2016-04,Virat Kohli,India,825
2016-05,AB de Villiers,South Africa,900
2016-05,David Warner,Australia,685
2016-05,Faf du Plessis,South Africa,710
2016-05,Glenn Maxwell,Australia,686
2016-05,Hashim Amla,South Africa,766
2016-05,Joe Root,England,739
2016-05,Kane Williamson,New Zealand,752
2016-05,MS Dhoni,India,706
2016-05,Martin Guptill,New Zealand,751
2016-05,Quinton de Kock,South Africa,763
2016-05,Rohit Sharma,India,761
2016-05,Ross Taylor,New Zealand,702
2016-05,Shikhar Dhawan,India,748
2016-05,Tillakaratne Dilshan,Sri Lanka,760
2016-05,Virat Kohli,India,825
2016-06,AB de Villiers,South Africa,900
2016-06,David Warner,Australia,685
2016-06,Faf du Plessis,South Africa,710
2016-06,Glenn Maxwell,Australia,686
2016-06,Hashim Amla,South Africa,766
2016-06,Joe Root,England,739
2016-06,Kane Williamson,New Zealand,752
2016-06,MS Dhoni,India,706
2016-06,Martin Guptill,New Zealand,751
2016-06,Quinton de Kock,South Africa,763
2016-06,Rohit Sharma,India,761
2016-06,Ross Taylor,New Zealand,702
2016-06,Shikhar Dhawan,India,748
2016-06,Tillakaratne Dilshan,Sri Lanka,760
2016-06,Virat Kohli,India,825
2016-07,AB de Villiers,South Africa,887
2016-07,David Warner,Australia,712
2016-07,Faf du Plessis,South Africa,716
2016-07,Hashim Amla,South Africa,778
2016-07,Joe Root,England,726
2016-07,Kane Williamson,New Zealand,752
2016-07,MS Dhoni,India,706
2016-07,Martin Guptill,New Zealand,751
2016-07,Quinton de Kock,South Africa,735
2016-07,Rohit Sharma,India,750
2016-07,Ross Taylor,New Zealand,702
2016-07,Shikhar Dhawan,India,737
2016-07,Steven Smith,Australia,694
2016-07,Tillakaratne Dilshan,Sri Lanka,737
2016-07,Virat Kohli,India,813
2016-08,AB de Villiers,South Africa,887
2016-08,David Warner,Australia,712
2016-08,Faf du Plessis,South Africa,716
2016-08,Hashim Amla,South Africa,778
2016-08,Joe Root,England,741
2016-08,Jos Buttler,England,695
2016-08,Kane Williamson,New Zealand,752
2016-08,MS Dhoni,India,706
2016-08,Martin Guptill,New Zealand,751
2016-08,Quinton de Kock,South Africa,735
2016-08,Rohit Sharma,India,750
2016-08,Ross Taylor,New Zealand,702
2016-08,Shikhar Dhawan,India,737
2016-08,Tillakaratne Dilshan,Sri Lanka,734
2016-08,Virat Kohli,India,813
2016-09,AB de Villiers,South Africa,887
2016-09,Aaron Finch,Australia,698
2016-09,Faf du Plessis,South Africa,716
2016-09,George Bailey,Australia,693
2016-09,Hashim Amla,South Africa,778
2016-09,Joe Root,England,772
2016-09,Jos Buttler,England,701
2016-09,Kane Williamson,New Zealand,752
2016-09,MS Dhoni,India,706
2016-09,Martin Guptill,New Zealand,751
2016-09,Quinton de Kock,South Africa,735
2016-09,Rohit Sharma,India,750
2016-09,Ross Taylor,New Zealand,702
2016-09,Shikhar Dhawan,India,737
2016-09,Virat Kohli,India,813
2016-10,AB de Villiers,South Africa,878
2016-10,David Warner,Australia,705
2016-10,Faf du Plessis,South Africa,701
2016-10,George Bailey,Australia,706
2016-10,Hashim Amla,South Africa,770
2016-10,Joe Root,England,758
2016-10,Jos Buttler,England,698
2016-10,Kane Williamson,New Zealand,752
2016-10,MS Dhoni,India,706
2016-10,Martin Guptill,New Zealand,751
2016-10,Quinton de Kock,South Africa,799
2016-10,Rohit Sharma,India,750
2016-10,Ross Taylor,New Zealand,702
2016-10,Shikhar Dhawan,India,737
2016-10,Virat Kohli,India,813
2016-11,AB de Villiers,South Africa,861
2016-11,Babar Azam,Pakistan,684
2016-11,David Warner,Australia,786
2016-11,Faf du Plessis,South Africa,721
2016-11,Hashim Amla,South Africa,748
2016-11,Joe Root,England,747
2016-11,Jos Buttler,England,717
2016-11,Kane Williamson,New Zealand,770
2016-11,MS Dhoni,India,704
2016-11,Martin Guptill,New Zealand,729
2016-11,Quinton de Kock,South Africa,779
2016-11,Rohit Sharma,India,728
2016-11,Ross Taylor,New Zealand,682
2016-11,Shikhar Dhawan,India,719
2016-11,Virat Kohli,India,848
2016-12,AB de Villiers,South Africa,861
2016-12,Babar Azam,Pakistan,684
2016-12,David Warner,Australia,786
2016-12,Faf du Plessis,South Africa,721
2016-12,Hashim Amla,South Africa,748
2016-12,Joe Root,England,747
2016-12,Jos Buttler,England,717
2016-12,Kane Williamson,New Zealand,770
2016-12,MS Dhoni,India,704
2016-12,Martin Guptill,New Zealand,729
2016-12,Quinton de Kock,South Africa,779
2016-12,Rohit Sharma,India,728
2016-12,Ross Taylor,New Zealand,682
2016-12,Shikhar Dhawan,India,719
2016-12,Virat Kohli,India,848
2017-01,AB de Villiers,South Africa,861
2017-01,Babar Azam,Pakistan,684
2017-01,David Warner,Australia,846
2017-01,Faf du Plessis,South Africa,721
2017-01,Hashim Amla,South Africa,748
2017-01,Joe Root,England,747
2017-01,Jos Buttler,England,717
2017-01,Kane Williamson,New Zealand,770
2017-01,MS Dhoni,India,704
2017-01,Martin Guptill,New Zealand,735
2017-01,Quinton de Kock,South Africa,779
2017-01,Rohit Sharma,India,728
2017-01,Shikhar Dhawan,India,719
2017-01,Steven Smith,Australia,725
2017-01,Virat Kohli,India,848
2017-02,AB de Villiers,South Africa,854
2017-02,Babar Azam,Pakistan,733
2017-02,David Warner,Australia,876
2017-02,Faf du Plessis,South Africa,752
2017-02,Hashim Amla,South Africa,747
2017-02,Joe Root,England,753
2017-02,Jos Buttler,England,690
2017-02,Kane Williamson,New Zealand,763
2017-02,MS Dhoni,India,712
2017-02,Martin Guptill,New Zealand,743
2017-02,Quinton de Kock,South Africa,765
2017-02,Rohit Sharma,India,717
2017-02,Shikhar Dhawan,India,690
2017-02,Steven Smith,Australia,736
2017-02,Virat Kohli,India,852
2017-03,AB de Villiers,South Africa,879
2017-03,Babar Azam,Pakistan,733
2017-03,David Warner,Australia,871
2017-03,Faf du Plessis,South Africa,772
2017-03,Hashim Amla,South Africa,738
2017-03,Joe Root,England,753
2017-03,Kane Williamson,New Zealand,769
2017-03,MS Dhoni,India,712
2017-03,Martin Guptill,New Zealand,789
2017-03,Quinton de Kock,South Africa,792
2017-03,Rohit Sharma,India,717
2017-03,Ross Taylor,New Zealand,703
2017-03,Shikhar Dhawan,India,690
2017-03,Steven Smith,Australia,733
2017-03,Virat Kohli,India,852
2017-04,AB de Villiers,South Africa,875
2017-04,Babar Azam,Pakistan,733
2017-04,David Warner,Australia,871
2017-04,Faf du Plessis,South Africa,781
2017-04,Hashim Amla,South Africa,726
2017-04,Joe Root,England,787
2017-04,Kane Williamson,New Zealand,758
2017-04,MS Dhoni,India,712
2017-04,Martin Guptill,New Zealand,777
2017-04,Quinton de Kock,South Africa,780
2017-04,Rohit Sharma,India,717
2017-04,Ross Taylor,New Zealand,694
2017-04,Shikhar Dhawan,India,690
2017-04,Steven Smith,Australia,733
2017-04,Virat Kohli,India,852
2017-05,AB de Villiers,South Africa,875
2017-05,Babar Azam,Pakistan,762
2017-05,David Warner,Australia,871
2017-05,Faf du Plessis,South Africa,781
2017-05,Hashim Amla,South Africa,726
2017-05,Joe Root,England,787
2017-05,Kane Williamson,New Zealand,757
2017-05,MS Dhoni,India,712
2017-05,Martin Guptill,New Zealand,777
2017-05,Quinton de Kock,South Africa,780
2017-05,Rohit Sharma,India,717
2017-05,Ross Taylor,New Zealand,694
2017-05,Shikhar Dhawan,India,690
2017-05,Steven Smith,Australia,733
2017-05,Virat Kohli,India,852
2017-06,AB de Villiers,South Africa,874
2017-06,Alex Hales,England,698
2017-06,Babar Azam,Pakistan,762
2017-06,David Warner,Australia,871
2017-06,Faf du Plessis,South Africa,765
2017-06,Hashim Amla,South Africa,734
2017-06,Joe Root,England,801
2017-06,Kane Williamson,New Zealand,742
2017-06,MS Dhoni,India,712
2017-06,Martin Guptill,New Zealand,762
2017-06,Quinton de Kock,South Africa,776
2017-06,Rohit Sharma,India,717
2017-06,Ross Taylor,New Zealand,701
2017-06,Steven Smith,Australia,733
2017-06,Virat Kohli,India,852
2017-07,AB de Villiers,South Africa,847
2017-07,Babar Azam,Pakistan,786
2017-07,David Warner,Australia,861
2017-07,Faf du Plessis,South Africa,768
2017-07,Hashim Amla,South Africa,741
2017-07,Joe Root,England,799
2017-07,Kane Williamson,New Zealand,779
2017-07,MS Dhoni,India,723
2017-07,Martin Guptill,New Zealand,749
2017-07,Quinton de Kock,South Africa,769
2017-07,Rohit Sharma,India,731
2017-07,Ross Taylor,New Zealand,707
2017-07,Shikhar Dhawan,India,750
2017-07,Steven Smith,Australia,740
2017-07,Virat Kohli,India,866
2017-08,AB de Villiers,South Africa,847
2017-08,Babar Azam,Pakistan,786
2017-08,David Warner,Australia,861
2017-08,Faf du Plessis,South Africa,768
2017-08,Hashim Amla,South Africa,741
2017-08,Joe Root,England,799
2017-08,Kane Williamson,New Zealand,779
2017-08,MS Dhoni,India,728
2017-08,Martin Guptill,New Zealand,749
2017-08,Quinton de Kock,South Africa,769
2017-08,Rohit Sharma,India,724
2017-08,Ross Taylor,New Zealand,707
2017-08,Shikhar Dhawan,India,725
2017-08,Steven Smith,Australia,740
2017-08,Virat Kohli,India,873
2017-09,AB de Villiers,South Africa,847
2017-09,Babar Azam,Pakistan,786
2017-09,David Warner,Australia,861
2017-09,Faf du Plessis,South Africa,768
2017-09,Hashim Amla,South Africa,741
2017-09,Joe Root,England,799
2017-09,Kane Williamson,New Zealand,779
2017-09,MS Dhoni,India,750
2017-09,Martin Guptill,New Zealand,749
2017-09,Quinton de Kock,South Africa,769
2017-09,Rohit Sharma,India,773
2017-09,Ross Taylor,New Zealand,707
2017-09,Shikhar Dhawan,India,737
2017-09,Steven Smith,Australia,740
2017-09,Virat Kohli,India,880
2017-10,AB de Villiers,South Africa,847
2017-10,Babar Azam,Pakistan,786
2017-10,David Warner,Australia,865
2017-10,Faf du Plessis,South Africa,768
2017-10,Hashim Amla,South Africa,741
2017-10,Joe Root,England,802
2017-10,Kane Williamson,New Zealand,779
2017-10,MS Dhoni,India,738
2017-10,Martin Guptill,New Zealand,749
2017-10,Quinton de Kock,South Africa,769
2017-10,Rohit Sharma,India,790
2017-10,Ross Taylor,New Zealand,707
2017-10,Shikhar Dhawan,India,715
2017-10,Steven Smith,Australia,728
2017-10,Virat Kohli,India,877
2017-11,AB de Villiers,South Africa,872
2017-11,Babar Azam,Pakistan,846
2017-11,David Warner,Australia,865
2017-11,Faf du Plessis,South Africa,773
2017-11,Hashim Amla,South Africa,766
2017-11,Joe Root,England,802
2017-11,Kane Williamson,New Zealand,760
2017-11,MS Dhoni,India,730
2017-11,Martin Guptill,New Zealand,728
2017-11,Quinton de Kock,South Africa,808
2017-11,Rohit Sharma,India,799
2017-11,Ross Taylor,New Zealand,725
2017-11,Shikhar Dhawan,India,708
2017-11,Steven Smith,Australia,728
2017-11,Virat Kohli,India,889
2017-12,AB de Villiers,South Africa,872
2017-12,Babar Azam,Pakistan,846
2017-12,David Warner,Australia,865
2017-12,Faf du Plessis,South Africa,773
2017-12,Hashim Amla,South Africa,766
2017-12,Joe Root,England,802
2017-12,Kane Williamson,New Zealand,760
2017-12,MS Dhoni,India,730
2017-12,Martin Guptill,New Zealand,728
2017-12,Quinton de Kock,South Africa,808
2017-12,Rohit Sharma,India,799
2017-12,Ross Taylor,New Zealand,725
2017-12,Shikhar Dhawan,India,708
2017-12,Steven Smith,Australia,728
2017-12,Virat Kohli,India,889
2018-01,AB de Villiers,South Africa,872
2018-01,Babar Azam,Pakistan,846
2018-01,David Warner,Australia,865
2018-01,Faf du Plessis,South Africa,773
2018-01,Hashim Amla,South Africa,766
2018-01,Joe Root,England,802
2018-01,Kane Williamson,New Zealand,750
2018-01,MS Dhoni,India,729
2018-01,Martin Guptill,New Zealand,717
2018-01,Quinton de Kock,South Africa,808
2018-01,Rohit Sharma,India,816
2018-01,Ross Taylor,New Zealand,735
2018-01,Shikhar Dhawan,India,726
2018-01,Steven Smith,Australia,728
2018-01,Virat Kohli,India,876
2018-02,AB de Villiers,South Africa,868
2018-02,Aaron Finch,Australia,724
2018-02,Babar Azam,Pakistan,813
2018-02,David Warner,Australia,823
2018-02,Faf du Plessis,South Africa,802
2018-02,Hashim Amla,South Africa,759
2018-02,Joe Root,England,808
2018-02,Kane Williamson,New Zealand,777
2018-02,MS Dhoni,India,729
2018-02,Martin Guptill,New Zealand,764
2018-02,Quinton de Kock,South Africa,805
2018-02,Rohit Sharma,India,810
2018-02,Ross Taylor,New Zealand,736
2018-02,Shikhar Dhawan,India,727
2018-02,Virat Kohli,India,886
2018-03,Babar Azam,Pakistan,801
2018-03,Faf du Plessis,South Africa,791
2018-03,Fakhar Zaman,Pakistan,755
2018-03,Hashim Amla,South Africa,722
2018-03,Joe Root,England,801
2018-03,Jonny Bairstow,England,704
2018-03,Jos Buttler,England,717
2018-03,Kane Williamson,New Zealand,736
2018-03,Martin Guptill,New Zealand,750
2018-03,Quinton de Kock,South Africa,758
2018-03,Rohit Sharma,India,854
2018-03,Ross Taylor,New Zealand,830
2018-03,Shai Hope,West Indies,758
2018-03,Shikhar Dhawan,India,744
2018-03,Virat Kohli,India,887
2018-04,AB de Villiers,South Africa,844
2018-04,Aaron Finch,Australia,724
2018-04,Babar Azam,Pakistan,813
2018-04,David Warner,Australia,823
2018-04,Faf du Plessis,South Africa,782
2018-04,Hashim Amla,South Africa,746
2018-04,Joe Root,England,814
2018-04,Kane Williamson,New Zealand,778
2018-04,MS Dhoni,India,717
2018-04,Martin Guptill,New Zealand,731
2018-04,Quinton de Kock,South Africa,783
2018-04,Rohit Sharma,India,799
2018-04,Ross Taylor,New Zealand,785
2018-04,Shikhar Dhawan,India,769
2018-04,Virat Kohli,India,909
2018-05,AB de Villiers,South Africa,844
2018-05,Aaron Finch,Australia,724
2018-05,Babar Azam,Pakistan,813
2018-05,David Warner,Australia,823
2018-05,Faf du Plessis,South Africa,782
2018-05,Hashim Amla,South Africa,746
2018-05,Joe Root,England,814
2018-05,Kane Williamson,New Zealand,778
2018-05,MS Dhoni,India,717
2018-05,Martin Guptill,New Zealand,731
2018-05,Quinton de Kock,South Africa,783
2018-05,Rohit Sharma,India,799
2018-05,Ross Taylor,New Zealand,785
2018-05,Shikhar Dhawan,India,769
2018-05,Virat Kohli,India,909
2018-06,AB de Villiers,South Africa,844
2018-06,Aaron Finch,Australia,724
2018-06,Babar Azam,Pakistan,813
2018-06,David Warner,Australia,823
2018-06,Faf du Plessis,South Africa,782
2018-06,Hashim Amla,South Africa,746
2018-06,Joe Root,England,814
2018-06,Kane Williamson,New Zealand,778
2018-06,MS Dhoni,India,717
2018-06,Martin Guptill,New Zealand,731
2018-06,Quinton de Kock,South Africa,783
2018-06,Rohit Sharma,India,799
2018-06,Ross Taylor,New Zealand,785
2018-06,Shikhar Dhawan,India,769
2018-06,Virat Kohli,India,909
2018-07,Aaron Finch,Australia,706
2018-07,Babar Azam,Pakistan,813
2018-07,David Warner,Australia,803
2018-07,Faf du Plessis,South Africa,782
2018-07,Hashim Amla,South Africa,746
2018-07,Joe Root,England,784
2018-07,Jonny Bairstow,England,760
2018-07,Kane Williamson,New Zealand,778
2018-07,MS Dhoni,India,717
2018-07,Martin Guptill,New Zealand,731
2018-07,Quinton de Kock,South Africa,783
2018-07,Rohit Sharma,India,799
2018-07,Ross Taylor,New Zealand,785
2018-07,Shikhar Dhawan,India,769
2018-07,Virat Kohli,India,909
2018-08,Babar Azam,Pakistan,825
2018-08,David Warner,Australia,803
2018-08,Faf du Plessis,South Africa,785
2018-08,Hashim Amla,South Africa,741
2018-08,Joe Root,England,818
2018-08,Jonny Bairstow,England,769
2018-08,Kane Williamson,New Zealand,778
2018-08,MS Dhoni,India,714
2018-08,Martin Guptill,New Zealand,731
2018-08,Quinton de Kock,South Africa,797
2018-08,Rohit Sharma,India,806
2018-08,Ross Taylor,New Zealand,785
2018-08,Shikhar Dhawan,India,770
2018-08,Tamim Iqbal,Bangladesh,737
2018-08,Virat Kohli,India,911
2018-09,Babar Azam,Pakistan,825
2018-09,David Warner,Australia,803
2018-09,Faf du Plessis,South Africa,766
2018-09,Hashim Amla,South Africa,729
2018-09,Joe Root,England,818
2018-09,Jonny Bairstow,England,769
2018-09,Kane Williamson,New Zealand,778
2018-09,MS Dhoni,India,714
2018-09,Martin Guptill,New Zealand,731
2018-09,Quinton de Kock,South Africa,781
2018-09,Rohit Sharma,India,806
2018-09,Ross Taylor,New Zealand,785
2018-09,Shikhar Dhawan,India,770
2018-09,Tamim Iqbal,Bangladesh,737
2018-09,Virat Kohli,India,911
2018-10,Aaron Finch,Australia,706
2018-10,Babar Azam,Pakistan,798
2018-10,David Warner,Australia,803
2018-10,Faf du Plessis,South Africa,762
2018-10,Hashim Amla,South Africa,725
2018-10,Joe Root,England,818
2018-10,Jonny Bairstow,England,769
2018-10,Kane Williamson,New Zealand,778
2018-10,Martin Guptill,New Zealand,731
2018-10,Quinton de Kock,South Africa,777
2018-10,Rohit Sharma,India,842
2018-10,Ross Taylor,New Zealand,785
2018-10,Shikhar Dhawan,India,802
2018-10,Tamim Iqbal,Bangladesh,718
2018-10,Virat Kohli,India,884
2018-11,Aaron Finch,Australia,706
2018-11,Babar Azam,Pakistan,798
2018-11,David Warner,Australia,803
2018-11,Faf du Plessis,South Africa,753
2018-11,Hashim Amla,South Africa,718
2018-11,Joe Root,England,807
2018-11,Jonny Bairstow,England,726
2018-11,Kane Williamson,New Zealand,778
2018-11,Martin Guptill,New Zealand,731
2018-11,Quinton de Kock,South Africa,769
2018-11,Rohit Sharma,India,871
2018-11,Ross Taylor,New Zealand,785
2018-11,Shikhar Dhawan,India,767
2018-11,Tamim Iqbal,Bangladesh,707
2018-11,Virat Kohli,India,899
2018-12,Babar Azam,Pakistan,802
2018-12,David Warner,Australia,791
2018-12,Faf du Plessis,South Africa,785
2018-12,Fakhar Zaman,Pakistan,729
2018-12,Hashim Amla,South Africa,707
2018-12,Joe Root,England,807
2018-12,Jonny Bairstow,England,726
2018-12,Kane Williamson,New Zealand,756
2018-12,Martin Guptill,New Zealand,720
2018-12,Quinton de Kock,South Africa,754
2018-12,Rohit Sharma,India,871
2018-12,Ross Taylor,New Zealand,808
2018-12,Shikhar Dhawan,India,767
2018-12,Tamim Iqbal,Bangladesh,707
2018-12,Virat Kohli,India,899
2019-01,Babar Azam,Pakistan,802
2019-01,David Warner,Australia,791
2019-01,Faf du Plessis,South Africa,785
2019-01,Fakhar Zaman,Pakistan,729
2019-01,Joe Root,England,807
2019-01,Jonny Bairstow,England,726
2019-01,Kane Williamson,New Zealand,756
2019-01,Martin Guptill,New Zealand,720
2019-01,Mushfiqur Rahim,Bangladesh,712
2019-01,Quinton de Kock,South Africa,754
2019-01,Rohit Sharma,India,871
2019-01,Ross Taylor,New Zealand,808
2019-01,Shai Hope,West Indies,780
2019-01,Shikhar Dhawan,India,767
2019-01,Virat Kohli,India,899
2019-02,Babar Azam,Pakistan,801
2019-02,Faf du Plessis,South Africa,791
2019-02,Fakhar Zaman,Pakistan,755
2019-02,Hashim Amla,South Africa,722
2019-02,Joe Root,England,807
2019-02,Jonny Bairstow,England,726
2019-02,Kane Williamson,New Zealand,740
2019-02,Mushfiqur Rahim,Bangladesh,712
2019-02,Quinton de Kock,South Africa,758
2019-02,Rohit Sharma,India,865
2019-02,Ross Taylor,New Zealand,831
2019-02,Shai Hope,West Indies,780
2019-02,Shikhar Dhawan,India,756
2019-02,Tamim Iqbal,Bangladesh,712
2019-02,Virat Kohli,India,892
2019-03,Babar Azam,Pakistan,801
2019-03,Faf du Plessis,South Africa,791
2019-03,Fakhar Zaman,Pakistan,755
2019-03,Hashim Amla,South Africa,722
2019-03,Joe Root,England,801
2019-03,Jonny Bairstow,England,704
2019-03,Jos Buttler,England,717
2019-03,Kane Williamson,New Zealand,736
2019-03,Martin Guptill,New Zealand,750
2019-03,Quinton de Kock,South Africa,758
2019-03,Rohit Sharma,India,854
2019-03,Ross Taylor,New Zealand,830
2019-03,Shai Hope,West Indies,758
2019-03,Shikhar Dhawan,India,744
2019-03,Virat Kohli,India,887
2019-04,Aaron Finch,Australia,744
2019-04,Babar Azam,Pakistan,781
2019-04,Faf du Plessis,South Africa,801
2019-04,Fakhar Zaman,Pakistan,736
2019-04,Hashim Amla,South Africa,704
2019-04,Joe Root,England,791
2019-04,Jos Buttler,England,710
2019-04,Kane Williamson,New Zealand,736
2019-04,Martin Guptill,New Zealand,750
2019-04,Quinton de Kock,South Africa,803
2019-04,Rohit Sharma,India,839
2019-04,Ross Taylor,New Zealand,830
2019-04,Shai Hope,West Indies,744
2019-04,Shikhar Dhawan,India,732
2019-04,Virat Kohli,India,890
2019-05,Aaron Finch,Australia,744
2019-05,Babar Azam,Pakistan,781
2019-05,Faf du Plessis,South Africa,801
2019-05,Fakhar Zaman,Pakistan,736
2019-05,Hashim Amla,South Africa,704
2019-05,Joe Root,England,791
2019-05,Jos Buttler,England,710
2019-05,Kane Williamson,New Zealand,736
2019-05,Martin Guptill,New Zealand,750
2019-05,Quinton de Kock,South Africa,803
2019-05,Rohit Sharma,India,839
2019-05,Ross Taylor,New Zealand,830
2019-05,Shai Hope,West Indies,744
2019-05,Shikhar Dhawan,India,732
2019-05,Virat Kohli,India,890
2019-06,Aaron Finch,Australia,749
2019-06,Babar Azam,Pakistan,777
2019-06,David Warner,Australia,749
2019-06,Faf du Plessis,South Africa,791
2019-06,Fakhar Zaman,Pakistan,755
2019-06,Imam-ul-Haq,Pakistan,717
2019-06,Joe Root,England,786
2019-06,Kane Williamson,New Zealand,736
2019-06,Martin Guptill,New Zealand,760
2019-06,Quinton de Kock,South Africa,809
2019-06,Rohit Sharma,India,839
2019-06,Ross Taylor,New Zealand,831
2019-06,Shai Hope,West Indies,796
2019-06,Shikhar Dhawan,India,733
2019-06,Virat Kohli,India,890
2019-07,Aaron Finch,Australia,790
2019-07,Babar Azam,Pakistan,811
2019-07,David Warner,Australia,785
2019-07,Faf du Plessis,South Africa,807
2019-07,Fakhar Zaman,Pakistan,727
2019-07,Jason Roy,England,745
2019-07,Joe Root,England,796
2019-07,Kane Williamson,New Zealand,794
2019-07,Quinton de Kock,South Africa,779
2019-07,Rohit Sharma,India,873
2019-07,Ross Taylor,New Zealand,817
2019-07,Shai Hope,West Indies,750
2019-07,Shikhar Dhawan,India,729
2019-07,Usman Khawaja,Australia,735
2019-07,Virat Kohli,India,893
2019-08,Aaron Finch,Australia,764
2019-08,Babar Azam,Pakistan,827
2019-08,David Warner,Australia,794
2019-08,Faf du Plessis,South Africa,820
2019-08,Imam-ul-Haq,Pakistan,764
2019-08,Jason Roy,England,774
2019-08,Joe Root,England,787
2019-08,Jonny Bairstow,England,758
2019-08,Kane Williamson,New Zealand,796
2019-08,Quinton de Kock,South Africa,781
2019-08,Rohit Sharma,India,881
2019-08,Ross Taylor,New Zealand,817
2019-08,Shai Hope,West Indies,755
2019-08,Usman Khawaja,Australia,727
2019-08,Virat Kohli,India,886
2019-09,Aaron Finch,Australia,764
2019-09,Babar Azam,Pakistan,827
2019-09,David Warner,Australia,794
2019-09,Faf du Plessis,South Africa,820
2019-09,Imam-ul-Haq,Pakistan,764
2019-09,Jason Roy,England,774
2019-09,Joe Root,England,787
2019-09,Jonny Bairstow,England,758
2019-09,Kane Williamson,New Zealand,796
2019-09,Quinton de Kock,South Africa,781
2019-09,Rohit Sharma,India,863
2019-09,Ross Taylor,New Zealand,817
2019-09,Shai Hope,West Indies,729
2019-09,Usman Khawaja,Australia,727
2019-09,Virat Kohli,India,895
2019-10,Aaron Finch,Australia,764
2019-10,Babar Azam,Pakistan,841
2019-10,David Warner,Australia,794
2019-10,Faf du Plessis,South Africa,820
2019-10,Imam-ul-Haq,Pakistan,763
2019-10,Jason Roy,England,774
2019-10,Joe Root,England,787
2019-10,Jonny Bairstow,England,758
2019-10,Kane Williamson,New Zealand,796
2019-10,Quinton de Kock,South Africa,781
2019-10,Rohit Sharma,India,863
2019-10,Ross Taylor,New Zealand,817
2019-10,Shai Hope,West Indies,729
2019-10,Usman Khawaja,Australia,727
2019-10,Virat Kohli,India,895
2019-11,Aaron Finch,Australia,764
2019-11,Babar Azam,Pakistan,834
2019-11,David Warner,Australia,794
2019-11,Faf du Plessis,South Africa,820
2019-11,Imam-ul-Haq,Pakistan,759
2019-11,Jason Roy,England,774
2019-11,Joe Root,England,787
2019-11,Jonny Bairstow,England,758
2019-11,Kane Williamson,New Zealand,796
2019-11,Quinton de Kock,South Africa,781
2019-11,Rohit Sharma,India,863
2019-11,Ross Taylor,New Zealand,817
2019-11,Shai Hope,West Indies,729
2019-11,Usman Khawaja,Australia,727
2019-11,Virat Kohli,India,895
2019-12,Aaron Finch,Australia,764
2019-12,Babar Azam,Pakistan,834
2019-12,David Warner,Australia,794
2019-12,Faf du Plessis,South Africa,820
2019-12,Imam-ul-Haq,Pakistan,759
2019-12,Jason Roy,England,774
2019-12,Joe Root,England,787
2019-12,Jonny Bairstow,England,758
2019-12,Kane Williamson,New Zealand,796
2019-12,Quinton de Kock,South Africa,781
2019-12,Rohit Sharma,India,863
2019-12,Ross Taylor,New Zealand,817
2019-12,Shai Hope,West Indies,755
2019-12,Usman Khawaja,Australia,727
2019-12,Virat Kohli,India,895
2020-01,Aaron Finch,Australia,764
2020-01,Babar Azam,Pakistan,834
2020-01,David Warner,Australia,794
2020-01,Faf du Plessis,South Africa,820
2020-01,Imam-ul-Haq,Pakistan,759
2020-01,Jason Roy,England,774
2020-01,Joe Root,England,787
2020-01,Jonny Bairstow,England,758
2020-01,Kane Williamson,New Zealand,796
2020-01,Quinton de Kock,South Africa,781
2020-01,Rohit Sharma,India,873
2020-01,Ross Taylor,New Zealand,817
2020-01,Shai Hope,West Indies,782
2020-01,Usman Khawaja,Australia,727
2020-01,Virat Kohli,India,887
2020-02,Aaron Finch,Australia,769
2020-02,Babar Azam,Pakistan,829
2020-02,David Warner,Australia,796
2020-02,Faf du Plessis,South Africa,815
2020-02,Imam-ul-Haq,Pakistan,751
2020-02,Jason Roy,England,764
2020-02,Joe Root,England,776
2020-02,Jonny Bairstow,England,750
2020-02,Kane Williamson,New Zealand,789
2020-02,Quinton de Kock,South Africa,773
2020-02,Rohit Sharma,India,868
2020-02,Ross Taylor,New Zealand,810
2020-02,Shai Hope,West Indies,739
2020-02,Usman Khawaja,Australia,710
2020-02,Virat Kohli,India,886
2020-03,Aaron Finch,Australia,758
2020-03,Babar Azam,Pakistan,829
2020-03,David Warner,Australia,791
2020-03,Faf du Plessis,South Africa,799
2020-03,Imam-ul-Haq,Pakistan,751
2020-03,Jason Roy,England,753
2020-03,Joe Root,England,770
2020-03,Jonny Bairstow,England,749
2020-03,Kane Williamson,New Zealand,773
2020-03,Martin Guptill,New Zealand,710
2020-03,Quinton de Kock,South Africa,773
2020-03,Rohit Sharma,India,855
2020-03,Ross Taylor,New Zealand,828
2020-03,Shai Hope,West Indies,750
2020-03,Virat Kohli,India,869
2020-04,Aaron Finch,Australia,767
2020-04,Babar Azam,Pakistan,829
2020-04,David Warner,Australia,789
2020-04,Faf du Plessis,South Africa,790
2020-04,Imam-ul-Haq,Pakistan,752
2020-04,Jason Roy,England,754
2020-04,Joe Root,England,770
2020-04,Jonny Bairstow,England,749
2020-04,Kane Williamson,New Zealand,765
2020-04,Martin Guptill,New Zealand,711
2020-04,Quinton de Kock,South Africa,755
2020-04,Rohit Sharma,India,855
2020-04,Ross Taylor,New Zealand,818
2020-04,Shai Hope,West Indies,750
2020-04,Virat Kohli,India,871
2020-05,Aaron Finch,Australia,767
2020-05,Babar Azam,Pakistan,829
2020-05,David Warner,Australia,789
2020-05,Faf du Plessis,South Africa,790
2020-05,Imam-ul-Haq,Pakistan,752
2020-05,Jason Roy,England,754
2020-05,Joe Root,England,770
2020-05,Jonny Bairstow,England,749
2020-05,Kane Williamson,New Zealand,765
2020-05,Martin Guptill,New Zealand,711
2020-05,Quinton de Kock,South Africa,755
2020-05,Rohit Sharma,India,855
2020-05,Ross Taylor,New Zealand,818
2020-05,Shai Hope,West Indies,750
2020-05,Virat Kohli,India,871
2020-06,Aaron Finch,Australia,767
2020-06,Babar Azam,Pakistan,829
2020-06,David Warner,Australia,789
2020-06,Faf du Plessis,South Africa,790
2020-06,Imam-ul-Haq,Pakistan,752
2020-06,Jason Roy,England,754
2020-06,Joe Root,England,770
2020-06,Jonny Bairstow,England,749
2020-06,Kane Williamson,New Zealand,765
2020-06,Martin Guptill,New Zealand,711
2020-06,Quinton de Kock,South Africa,755
2020-06,Rohit Sharma,India,855
2020-06,Ross Taylor,New Zealand,818
2020-06,Shai Hope,West Indies,750
2020-06,Virat Kohli,India,871
2020-07,Aaron Finch,Australia,767
2020-07,Babar Azam,Pakistan,829
2020-07,David Warner,Australia,789
2020-07,Faf du Plessis,South Africa,790
2020-07,Imam-ul-Haq,Pakistan,752
2020-07,Jason Roy,England,754
2020-07,Joe Root,England,770
2020-07,Jonny Bairstow,England,749
2020-07,Kane Williamson,New Zealand,765
2020-07,Martin Guptill,New Zealand,711
2020-07,Quinton de Kock,South Africa,755
2020-07,Rohit Sharma,India,855
2020-07,Ross Taylor,New Zealand,818
2020-07,Shai Hope,West Indies,750
2020-07,Virat Kohli,India,871
2020-08,Aaron Finch,Australia,767
2020-08,Babar Azam,Pakistan,829
2020-08,David Warner,Australia,789
2020-08,Faf du Plessis,South Africa,790
2020-08,Imam-ul-Haq,Pakistan,752
2020-08,Jason Roy,England,734
2020-08,Joe Root,England,762
2020-08,Jonny Bairstow,England,744
2020-08,Kane Williamson,New Zealand,765
2020-08,Martin Guptill,New Zealand,711
2020-08,Quinton de Kock,South Africa,755
2020-08,Rohit Sharma,India,855
2020-08,Ross Taylor,New Zealand,818
2020-08,Shai Hope,West Indies,750
2020-08,Virat Kohli,India,871
2020-09,Aaron Finch,Australia,767
2020-09,Babar Azam,Pakistan,829
2020-09,David Warner,Australia,789
2020-09,Faf du Plessis,South Africa,790
2020-09,Imam-ul-Haq,Pakistan,752
2020-09,Jason Roy,England,720
2020-09,Joe Root,England,759
2020-09,Jonny Bairstow,England,730
2020-09,Kane Williamson,New Zealand,765
2020-09,Martin Guptill,New Zealand,711
2020-09,Quinton de Kock,South Africa,755
2020-09,Rohit Sharma,India,855
2020-09,Ross Taylor,New Zealand,818
2020-09,Shai Hope,West Indies,750
2020-09,Virat Kohli,India,871
2020-10,Aaron Finch,Australia,762
2020-10,Babar Azam,Pakistan,829
2020-10,David Warner,Australia,759
2020-10,Faf du Plessis,South Africa,790
2020-10,Fakhar Zaman,Pakistan,710
2020-10,Imam-ul-Haq,Pakistan,752
2020-10,Joe Root,England,734
2020-10,Jonny Bairstow,England,754
2020-10,Kane Williamson,New Zealand,765
2020-10,Martin Guptill,New Zealand,711
2020-10,Quinton de Kock,South Africa,755
2020-10,Rohit Sharma,India,855
2020-10,Ross Taylor,New Zealand,818
2020-10,Shai Hope,West Indies,750
2020-10,Virat Kohli,India,871
2020-11,Aaron Finch,Australia,762
2020-11,Babar Azam,Pakistan,827
2020-11,David Warner,Australia,759
2020-11,Faf du Plessis,South Africa,790
2020-11,Fakhar Zaman,Pakistan,703
2020-11,Imam-ul-Haq,Pakistan,761
2020-11,Joe Root,England,734
2020-11,Jonny Bairstow,England,754
2020-11,Kane Williamson,New Zealand,765
2020-11,Martin Guptill,New Zealand,711
2020-11,Quinton de Kock,South Africa,755
2020-11,Rohit Sharma,India,855
2020-11,Ross Taylor,New Zealand,818
2020-11,Shai Hope,West Indies,750
2020-11,Virat Kohli,India,871
2020-12,Aaron Finch,Australia,785
2020-12,Babar Azam,Pakistan,837
2020-12,David Warner,Australia,777
2020-12,Faf du Plessis,South Africa,790
2020-12,Imam-ul-Haq,Pakistan,748
2020-12,Joe Root,England,734
2020-12,Jonny Bairstow,England,754
2020-12,Kane Williamson,New Zealand,765
2020-12,Martin Guptill,New Zealand,711
2020-12,Quinton de Kock,South Africa,755
2020-12,Rohit Sharma,India,847
2020-12,Ross Taylor,New Zealand,818
2020-12,Shai Hope,West Indies,750
2020-12,Steven Smith,Australia,718
2020-12,Virat Kohli,India,869
2021-01,Aaron Finch,Australia,791
2021-01,Babar Azam,Pakistan,837
2021-01,David Warner,Australia,773
2021-01,Faf du Plessis,South Africa,790
2021-01,Imam-ul-Haq,Pakistan,748
2021-01,Joe Root,England,734
2021-01,Jonny Bairstow,England,754
2021-01,Kane Williamson,New Zealand,765
2021-01,Martin Guptill,New Zealand,711
2021-01,Quinton de Kock,South Africa,755
2021-01,Rohit Sharma,India,842
2021-01,Ross Taylor,New Zealand,818
2021-01,Shai Hope,West Indies,750
2021-01,Steven Smith,Australia,707
2021-01,Virat Kohli,India,870
2021-02,Aaron Finch,Australia,791
2021-02,Babar Azam,Pakistan,837
2021-02,David Warner,Australia,773
2021-02,Faf du Plessis,South Africa,790
2021-02,Imam-ul-Haq,Pakistan,748
2021-02,Joe Root,England,734
2021-02,Jonny Bairstow,England,754
2021-02,Kane Williamson,New Zealand,765
2021-02,Martin Guptill,New Zealand,711
2021-02,Mushfiqur Rahim,Bangladesh,710
2021-02,Quinton de Kock,South Africa,755
2021-02,Rohit Sharma,India,842
2021-02,Ross Taylor,New Zealand,818
2021-02,Shai Hope,West Indies,739
2021-02,Virat Kohli,India,870
2021-03,Aaron Finch,Australia,791
2021-03,Babar Azam,Pakistan,837
2021-03,David Warner,Australia,773
2021-03,Faf du Plessis,South Africa,790
2021-03,Imam-ul-Haq,Pakistan,748
2021-03,Joe Root,England,734
2021-03,Jonny Bairstow,England,754
2021-03,Kane Williamson,New Zealand,765
2021-03,Martin Guptill,New Zealand,711
2021-03,Mushfiqur Rahim,Bangladesh,710
2021-03,Quinton de Kock,South Africa,755
2021-03,Rohit Sharma,India,842
2021-03,Ross Taylor,New Zealand,818
2021-03,Shai Hope,West Indies,739
2021-03,Virat Kohli,India,870
2021-04,Aaron Finch,Australia,791
2021-04,Babar Azam,Pakistan,837
2021-04,David Warner,Australia,773
2021-04,Faf du Plessis,South Africa,790
2021-04,Imam-ul-Haq,Pakistan,748
2021-04,Joe Root,England,723
2021-04,Jonny Bairstow,England,785
2021-04,Kane Williamson,New Zealand,754
2021-04,Martin Guptill,New Zealand,707
2021-04,Quinton de Kock,South Africa,755
2021-04,Rohit Sharma,India,825
2021-04,Ross Taylor,New Zealand,801
2021-04,Shai Hope,West Indies,773
2021-04,Steven Smith,Australia,707
2021-04,Virat Kohli,India,857
2021-05,Aaron Finch,Australia,791
2021-05,Babar Azam,Pakistan,865
2021-05,David Warner,Australia,773
2021-05,Faf du Plessis,South Africa,778
2021-05,Fakhar Zaman,Pakistan,778
2021-05,Imam-ul-Haq,Pakistan,751
2021-05,Joe Root,England,723
2021-05,Jonny Bairstow,England,785
2021-05,Kane Williamson,New Zealand,754
2021-05,Martin Guptill,New Zealand,707
2021-05,Quinton de Kock,South Africa,756
2021-05,Rohit Sharma,India,825
2021-05,Ross Taylor,New Zealand,801
2021-05,Shai Hope,West Indies,773
2021-05,Virat Kohli,India,857
2021-06,Aaron Finch,Australia,791
2021-06,Babar Azam,Pakistan,865
2021-06,David Warner,Australia,773
2021-06,Faf du Plessis,South Africa,778
2021-06,Fakhar Zaman,Pakistan,778
2021-06,Imam-ul-Haq,Pakistan,751
2021-06,Joe Root,England,723
2021-06,Jonny Bairstow,England,785
2021-06,Kane Williamson,New Zealand,754
2021-06,Mushfiqur Rahim,Bangladesh,734
2021-06,Quinton de Kock,South Africa,756
2021-06,Rohit Sharma,India,825
2021-06,Ross Taylor,New Zealand,801
2021-06,Shai Hope,West Indies,773
2021-06,Virat Kohli,India,857
2021-07,Aaron Finch,Australia,791
2021-07,Babar Azam,Pakistan,865
2021-07,David Warner,Australia,773
2021-07,Faf du Plessis,South Africa,778
2021-07,Fakhar Zaman,Pakistan,778
2021-07,Imam-ul-Haq,Pakistan,751
2021-07,Joe Root,England,751
2021-07,Jonny Bairstow,England,787
2021-07,Kane Williamson,New Zealand,754
2021-07,Mushfiqur Rahim,Bangladesh,734
2021-07,Quinton de Kock,South Africa,756
2021-07,Rohit Sharma,India,825
2021-07,Ross Taylor,New Zealand,801
2021-07,Shai Hope,West Indies,773
2021-07,Virat Kohli,India,857
2021-08,Aaron Finch,Australia,779
2021-08,Babar Azam,Pakistan,873
2021-08,David Warner,Australia,762
2021-08,Fakhar Zaman,Pakistan,741
2021-08,Imam-ul-Haq,Pakistan,717
2021-08,Joe Root,England,740
2021-08,Jonny Bairstow,England,775
2021-08,Kane Williamson,New Zealand,754
2021-08,Martin Guptill,New Zealand,707
2021-08,Mushfiqur Rahim,Bangladesh,723
2021-08,Quinton de Kock,South Africa,758
2021-08,Rohit Sharma,India,813
2021-08,Ross Taylor,New Zealand,801
2021-08,Shai Hope,West Indies,758
2021-08,Virat Kohli,India,844
2021-09,Aaron Finch,Australia,779
2021-09,Babar Azam,Pakistan,873
2021-09,David Warner,Australia,762
2021-09,Fakhar Zaman,Pakistan,741
2021-09,Imam-ul-Haq,Pakistan,717
2021-09,Joe Root,England,740
2021-09,Jonny Bairstow,England,775
2021-09,Kane Williamson,New Zealand,754
2021-09,Martin Guptill,New Zealand,707
2021-09,Mushfiqur Rahim,Bangladesh,723
2021-09,Quinton de Kock,South Africa,758
2021-09,Rohit Sharma,India,813
2021-09,Ross Taylor,New Zealand,801
2021-09,Shai Hope,West Indies,758
2021-09,Virat Kohli,India,844
2021-10,Aaron Finch,Australia,779
2021-10,Babar Azam,Pakistan,873
2021-10,David Warner,Australia,762
2021-10,Fakhar Zaman,Pakistan,741
2021-10,Imam-ul-Haq,Pakistan,717
2021-10,Joe Root,England,740
2021-10,Jonny Bairstow,England,775
2021-10,Kane Williamson,New Zealand,754
2021-10,Martin Guptill,New Zealand,707
2021-10,Mushfiqur Rahim,Bangladesh,723
2021-10,Quinton de Kock,South Africa,747
2021-10,Rohit Sharma,India,813
2021-10,Ross Taylor,New Zealand,801
2021-10,Shai Hope,West Indies,758
2021-10,Virat Kohli,India,844
2021-11,Aaron Finch,Australia,779
2021-11,Babar Azam,Pakistan,873
2021-11,David Warner,Australia,762
2021-11,Fakhar Zaman,Pakistan,741
2021-11,Imam-ul-Haq,Pakistan,717
2021-11,Joe Root,England,740
2021-11,Jonny Bairstow,England,775
2021-11,Kane Williamson,New Zealand,754
2021-11,Martin Guptill,New Zealand,707
2021-11,Mushfiqur Rahim,Bangladesh,723
2021-11,Quinton de Kock,South Africa,747
2021-11,Rohit Sharma,India,813
2021-11,Ross Taylor,New Zealand,801
2021-11,Shai Hope,West Indies,758
2021-11,Virat Kohli,India,844
2021-12,Aaron Finch,Australia,779
2021-12,Babar Azam,Pakistan,873
2021-12,David Warner,Australia,762
2021-12,Fakhar Zaman,Pakistan,741
2021-12,Imam-ul-Haq,Pakistan,717
2021-12,Joe Root,England,740
2021-12,Jonny Bairstow,England,775
2021-12,Kane Williamson,New Zealand,754
2021-12,Martin Guptill,New Zealand,707
2021-12,Mushfiqur Rahim,Bangladesh,723
2021-12,Quinton de Kock,South Africa,743
2021-12,Rohit Sharma,India,813
2021-12,Ross Taylor,New Zealand,801
2021-12,Shai Hope,West Indies,758
2021-12,Virat Kohli,India,844
2022-01,Aaron Finch,Australia,779
2022-01,Babar Azam,Pakistan,873
2022-01,David Warner,Australia,762
2022-01,Fakhar Zaman,Pakistan,741
2022-01,Imam-ul-Haq,Pakistan,717
2022-01,Joe Root,England,740
2022-01,Jonny Bairstow,England,775
2022-01,Kane Williamson,New Zealand,754
2022-01,Martin Guptill,New Zealand,707
2022-01,Mushfiqur Rahim,Bangladesh,723
2022-01,Quinton de Kock,South Africa,743
2022-01,Rohit Sharma,India,813
2022-01,Ross Taylor,New Zealand,801
2022-01,Shai Hope,West Indies,758
2022-01,Virat Kohli,India,844
2022-02,Aaron Finch,Australia,779
2022-02,Babar Azam,Pakistan,873
2022-02,David Warner,Australia,762
2022-02,Fakhar Zaman,Pakistan,741
2022-02,Joe Root,England,740
2022-02,Jonny Bairstow,England,775
2022-02,Kane Williamson,New Zealand,754
2022-02,Mushfiqur Rahim,Bangladesh,723
2022-02,Quinton de Kock,South Africa,783
2022-02,Rassie van der Dussen,South Africa,750
2022-02,Rohit Sharma,India,801
2022-02,Ross Taylor,New Zealand,801
2022-02,Shai Hope,West Indies,743
2022-02,Shikhar Dhawan,India,718
2022-02,Virat Kohli,India,836
2022-03,Aaron Finch,Australia,779
2022-03,Babar Azam,Pakistan,873
2022-03,David Warner,Australia,762
2022-03,Fakhar Zaman,Pakistan,741
2022-03,Imam-ul-Haq,Pakistan,717
2022-03,Joe Root,England,740
2022-03,Jonny Bairstow,England,775
2022-03,Martin Guptill,New Zealand,707
2022-03,Mushfiqur Rahim,Bangladesh,710
2022-03,Quinton de Kock,South Africa,783
2022-03,Rassie van der Dussen,South Africa,750
2022-03,Rohit Sharma,India,791
2022-03,Shai Hope,West Indies,713
2022-03,Shikhar Dhawan,India,701
2022-03,Virat Kohli,India,811
2022-04,Aaron Finch,Australia,758
2022-04,Babar Azam,Pakistan,884
2022-04,David Warner,Australia,754
2022-04,Fakhar Zaman,Pakistan,739
2022-04,Imam-ul-Haq,Pakistan,773
2022-04,Joe Root,England,740
2022-04,Jonny Bairstow,England,775
2022-04,Martin Guptill,New Zealand,696
2022-04,Quinton de Kock,South Africa,789
2022-04,Rassie van der Dussen,South Africa,769
2022-04,Rohit Sharma,India,791
2022-04,Ross Taylor,New Zealand,794
2022-04,Shai Hope,West Indies,713
2022-04,Shikhar Dhawan,India,701
2022-04,Virat Kohli,India,811
2022-05,Aaron Finch,Australia,745
2022-05,Babar Azam,Pakistan,891
2022-05,David Warner,Australia,750
2022-05,Fakhar Zaman,Pakistan,730
2022-05,Imam-ul-Haq,Pakistan,795
2022-05,Joe Root,England,740
2022-05,Jonny Bairstow,England,775
2022-05,Martin Guptill,New Zealand,696
2022-05,Quinton de Kock,South Africa,789
2022-05,Rassie van der Dussen,South Africa,769
2022-05,Rohit Sharma,India,791
2022-05,Ross Taylor,New Zealand,775
2022-05,Shai Hope,West Indies,713
2022-05,Shikhar Dhawan,India,701
2022-05,Virat Kohli,India,811
2022-06,Aaron Finch,Australia,745
2022-06,Babar Azam,Pakistan,891
2022-06,David Warner,Australia,750
2022-06,Fakhar Zaman,Pakistan,730
2022-06,Imam-ul-Haq,Pakistan,795
2022-06,Joe Root,England,740
2022-06,Jonny Bairstow,England,775
2022-06,Martin Guptill,New Zealand,696
2022-06,Quinton de Kock,South Africa,789
2022-06,Rassie van der Dussen,South Africa,769
2022-06,Rohit Sharma,India,791
2022-06,Ross Taylor,New Zealand,775
2022-06,Shai Hope,West Indies,726
2022-06,Shikhar Dhawan,India,701
2022-06,Virat Kohli,India,811
2022-07,Aaron Finch,Australia,715
2022-07,Babar Azam,Pakistan,892
2022-07,David Warner,Australia,737
2022-07,Fakhar Zaman,Pakistan,701
2022-07,Imam-ul-Haq,Pakistan,815
2022-07,Joe Root,England,718
2022-07,Jonny Bairstow,England,752
2022-07,Martin Guptill,New Zealand,696
2022-07,Quinton de Kock,South Africa,789
2022-07,Rassie van der Dussen,South Africa,769
2022-07,Rohit Sharma,India,791
2022-07,Ross Taylor,New Zealand,775
2022-07,Shai Hope,West Indies,718
2022-07,Shikhar Dhawan,India,702
2022-07,Virat Kohli,India,811
2022-08,Aaron Finch,Australia,715
2022-08,Babar Azam,Pakistan,892
2022-08,David Warner,Australia,737
2022-08,Fakhar Zaman,Pakistan,701
2022-08,Imam-ul-Haq,Pakistan,815
2022-08,Joe Root,England,691
2022-08,Jonny Bairstow,England,732
2022-08,Martin Guptill,New Zealand,691
2022-08,Quinton de Kock,South Africa,784
2022-08,Rassie van der Dussen,South Africa,789
2022-08,Rohit Sharma,India,763
2022-08,Ross Taylor,New Zealand,744
2022-08,Shai Hope,West Indies,687
2022-08,Shikhar Dhawan,India,693
2022-08,Virat Kohli,India,767
2022-09,Aaron Finch,Australia,695
2022-09,Babar Azam,Pakistan,890
2022-09,David Warner,Australia,730
2022-09,Fakhar Zaman,Pakistan,690
2022-09,Imam-ul-Haq,Pakistan,779
2022-09,Joe Root,England,691
2022-09,Jonny Bairstow,England,732
2022-09,Kane Williamson,New Zealand,697
2022-09,Martin Guptill,New Zealand,681
2022-09,Quinton de Kock,South Africa,784
2022-09,Rassie van der Dussen,South Africa,789
2022-09,Rohit Sharma,India,740
2022-09,Ross Taylor,New Zealand,722
2022-09,Shikhar Dhawan,India,696
2022-09,Virat Kohli,India,744
2022-10,Babar Azam,Pakistan,890
2022-10,David Warner,Australia,725
2022-10,Fakhar Zaman,Pakistan,690
2022-10,Imam-ul-Haq,Pakistan,779
2022-10,Joe Root,England,691
2022-10,Jonny Bairstow,England,732
2022-10,Kane Williamson,New Zealand,685
2022-10,Quinton de Kock,South Africa,784
2022-10,Rassie van der Dussen,South Africa,789
2022-10,Rohit Sharma,India,740
2022-10,Ross Taylor,New Zealand,701
2022-10,Shai Hope,West Indies,679
2022-10,Shikhar Dhawan,India,696
2022-10,Steven Smith,Australia,697
2022-10,Virat Kohli,India,744
2022-11,Babar Azam,Pakistan,890
2022-11,David Warner,Australia,725
2022-11,Fakhar Zaman,Pakistan,690
2022-11,Imam-ul-Haq,Pakistan,779
2022-11,Joe Root,England,691
2022-11,Jonny Bairstow,England,732
2022-11,Kane Williamson,New Zealand,685
2022-11,Quinton de Kock,South Africa,759
2022-11,Rassie van der Dussen,South Africa,766
2022-11,Rohit Sharma,India,718
2022-11,Ross Taylor,New Zealand,701
2022-11,Shai Hope,West Indies,679
2022-11,Steven Smith,Australia,697
2022-11,Tamim Iqbal,Bangladesh,675
2022-11,Virat Kohli,India,722
2022-12,Babar Azam,Pakistan,890
2022-12,David Warner,Australia,747
2022-12,Fakhar Zaman,Pakistan,690
2022-12,Imam-ul-Haq,Pakistan,779
2022-12,Joe Root,England,670
2022-12,Jonny Bairstow,England,710
2022-12,Kane Williamson,New Zealand,700
2022-12,Paul Stirling,Ireland,664
2022-12,Quinton de Kock,South Africa,759
2022-12,Rassie van der Dussen,South Africa,766
2022-12,Rohit Sharma,India,697
2022-12,Shai Hope,West Indies,679
2022-12,Steven Smith,Australia,719
2022-12,Tamim Iqbal,Bangladesh,675
2022-12,Virat Kohli,India,700
2023-01,Babar Azam,Pakistan,893
2023-01,David Warner,Australia,747
2023-01,Fakhar Zaman,Pakistan,680
2023-01,Imam-ul-Haq,Pakistan,747
2023-01,Joe Root,England,670
2023-01,Jonny Bairstow,England,710
2023-01,Kane Williamson,New Zealand,718
2023-01,Paul Stirling,Ireland,664
2023-01,Quinton de Kock,South Africa,759
2023-01,Rassie van der Dussen,South Africa,766
2023-01,Rohit Sharma,India,715
2023-01,Shai Hope,West Indies,679
2023-01,Shreyas Iyer,India,662
2023-01,Steven Smith,Australia,719
2023-01,Virat Kohli,India,726
2023-02,Babar Azam,Pakistan,887
2023-02,David Warner,Australia,747
2023-02,Fakhar Zaman,Pakistan,699
2023-02,Harry Tector,Ireland,680
2023-02,Imam-ul-Haq,Pakistan,740
2023-02,Jonny Bairstow,England,689
2023-02,Kane Williamson,New Zealand,700
2023-02,Quinton de Kock,South Africa,743
2023-02,Rassie van der Dussen,South Africa,787
2023-02,Rohit Sharma,India,719
2023-02,Shai Hope,West Indies,679
2023-02,Shubman Gill,India,734
2023-02,Steven Smith,Australia,719
2023-02,Tamim Iqbal,Bangladesh,655
2023-02,Virat Kohli,India,727
2023-03,Babar Azam,Pakistan,887
2023-03,David Warner,Australia,747
2023-03,Fakhar Zaman,Pakistan,699
2023-03,Harry Tector,Ireland,680
2023-03,Imam-ul-Haq,Pakistan,740
2023-03,Jonny Bairstow,England,682
2023-03,Kane Williamson,New Zealand,700
2023-03,Paul Stirling,Ireland,654
2023-03,Quinton de Kock,South Africa,743
2023-03,Rassie van der Dussen,South Africa,787
2023-03,Rohit Sharma,India,719
2023-03,Shai Hope,West Indies,679
2023-03,Shubman Gill,India,734
2023-03,Steven Smith,Australia,719
2023-03,Virat Kohli,India,727
2023-04,Babar Azam,Pakistan,887
2023-04,David Warner,Australia,726
2023-04,Fakhar Zaman,Pakistan,699
2023-04,Imam-ul-Haq,Pakistan,740
2023-04,Jason Roy,England,682
2023-04,Jonny Bairstow,England,669
2023-04,Jos Buttler,England,658
2023-04,Kane Williamson,New Zealand,686
2023-04,Quinton de Kock,South Africa,729
2023-04,Rassie van der Dussen,South Africa,779
2023-04,Rohit Sharma,India,707
2023-04,Shai Hope,West Indies,698
2023-04,Shubman Gill,India,738
2023-04,Steven Smith,Australia,702
2023-04,Virat Kohli,India,719
2023-05,Babar Azam,Pakistan,887
2023-05,David Warner,Australia,726
2023-05,Fakhar Zaman,Pakistan,784
2023-05,Imam-ul-Haq,Pakistan,737
2023-05,Jason Roy,England,682
2023-05,Jonny Bairstow,England,669
2023-05,Jos Buttler,England,658
2023-05,Kane Williamson,New Zealand,672
2023-05,Quinton de Kock,South Africa,718
2023-05,Rassie van der Dussen,South Africa,777
2023-05,Rohit Sharma,India,707
2023-05,Shai Hope,West Indies,698
2023-05,Shubman Gill,India,738
2023-05,Steven Smith,Australia,702
2023-05,Virat Kohli,India,719
2023-06,Babar Azam,Pakistan,886
2023-06,David Warner,Australia,726
2023-06,Fakhar Zaman,Pakistan,755
2023-06,Harry Tector,Ireland,722
2023-06,Imam-ul-Haq,Pakistan,745
2023-06,Jason Roy,England,682
2023-06,Jonny Bairstow,England,669
2023-06,Jos Buttler,England,658
2023-06,Quinton de Kock,South Africa,718
2023-06,Rassie van der Dussen,South Africa,777
2023-06,Rohit Sharma,India,707
2023-06,Shai Hope,West Indies,698
2023-06,Shubman Gill,India,738
2023-06,Steven Smith,Australia,702
2023-06,Virat Kohli,India,719
2023-07,Babar Azam,Pakistan,886
2023-07,David Warner,Australia,726
2023-07,Fakhar Zaman,Pakistan,755
2023-07,Harry Tector,Ireland,720
2023-07,Imam-ul-Haq,Pakistan,745
2023-07,Jason Roy,England,682
2023-07,Jonny Bairstow,England,669
2023-07,Jos Buttler,England,658
2023-07,Quinton de Kock,South Africa,718
2023-07,Rassie van der Dussen,South Africa,777
2023-07,Rohit Sharma,India,707
2023-07,Shai Hope,West Indies,684
2023-07,Shubman Gill,India,738
2023-07,Steven Smith,Australia,702
2023-07,Virat Kohli,India,719
2023-08,Babar Azam,Pakistan,886
2023-08,David Warner,Australia,726
2023-08,Fakhar Zaman,Pakistan,755
2023-08,Harry Tector,Ireland,726
2023-08,Imam-ul-Haq,Pakistan,745
2023-08,Jason Roy,England,682
2023-08,Jonny Bairstow,England,669
2023-08,Jos Buttler,England,658
2023-08,Quinton de Kock,South Africa,718
2023-08,Rassie van der Dussen,South Africa,777
2023-08,Rohit Sharma,India,693
2023-08,Shai Hope,West Indies,677
2023-08,Shubman Gill,India,743
2023-08,Steven Smith,Australia,702
2023-08,Virat Kohli,India,705
2023-09,Babar Azam,Pakistan,882
2023-09,David Warner,Australia,726
2023-09,Fakhar Zaman,Pakistan,721
2023-09,Harry Tector,Ireland,726
2023-09,Imam-ul-Haq,Pakistan,732
2023-09,Jason Roy,England,682
2023-09,Jonny Bairstow,England,669
2023-09,Jos Buttler,England,658
2023-09,Quinton de Kock,South Africa,718
2023-09,Rassie van der Dussen,South Africa,777
2023-09,Rohit Sharma,India,693
2023-09,Shai Hope,West Indies,677
2023-09,Shubman Gill,India,743
2023-09,Steven Smith,Australia,702
2023-09,Virat Kohli,India,705
2023-10,Babar Azam,Pakistan,857
2023-10,David Warner,Australia,729
2023-10,Dawid Malan,England,662
2023-10,Fakhar Zaman,Pakistan,692
2023-10,Harry Tector,Ireland,729
2023-10,Heinrich Klaasen,South Africa,698
2023-10,Imam-ul-Haq,Pakistan,728
2023-10,Quinton de Kock,South Africa,714
2023-10,Rassie van der Dussen,South Africa,743
2023-10,Rohit Sharma,India,695
2023-10,Shai Hope,West Indies,677
2023-10,Shubman Gill,India,839
2023-10,Steven Smith,Australia,669
2023-10,Temba Bavuma,South Africa,668
2023-10,Virat Kohli,India,696
2023-11,Aiden Markram,South Africa,656
2023-11,Babar Azam,Pakistan,818
2023-11,Daryl Mitchell,New Zealand,675
2023-11,David Warner,Australia,761
2023-11,Dawid Malan,England,695
2023-11,Fakhar Zaman,Pakistan,666
2023-11,Harry Tector,Ireland,729
2023-11,Heinrich Klaasen,South Africa,744
2023-11,Imam-ul-Haq,Pakistan,686
2023-11,Quinton de Kock,South Africa,783
2023-11,Rassie van der Dussen,South Africa,744
2023-11,Rohit Sharma,India,743
2023-11,Shai Hope,West Indies,677
2023-11,Shubman Gill,India,816
2023-11,Virat Kohli,India,735
2023-12,Babar Azam,Pakistan,824
2023-12,Daryl Mitchell,New Zealand,750
2023-12,David Warner,Australia,745
2023-12,Dawid Malan,England,729
2023-12,Fakhar Zaman,Pakistan,682
2023-12,Harry Tector,Ireland,729
2023-12,Heinrich Klaasen,South Africa,721
2023-12,Ibrahim Zadran,Afghanistan,684
2023-12,Rassie van der Dussen,South Africa,735
2023-12,Rohit Sharma,India,769
2023-12,Shai Hope,West Indies,677
2023-12,Shreyas Iyer,India,696
2023-12,Shubman Gill,India,826
2023-12,Travis Head,Australia,679
2023-12,Virat Kohli,India,791
2024-01,Babar Azam,Pakistan,824
2024-01,Daryl Mitchell,New Zealand,728
2024-01,David Warner,Australia,745
2024-01,Dawid Malan,England,707
2024-01,Fakhar Zaman,Pakistan,682
2024-01,Harry Tector,Ireland,723
2024-01,Heinrich Klaasen,South Africa,697
2024-01,Ibrahim Zadran,Afghanistan,684
2024-01,Rassie van der Dussen,South Africa,701
2024-01,Rohit Sharma,India,746
2024-01,Shai Hope,West Indies,699
2024-01,Shreyas Iyer,India,689
2024-01,Shubman Gill,India,801
2024-01,Travis Head,Australia,679
2024-01,Virat Kohli,India,768
2024-02,Babar Azam,Pakistan,824
2024-02,Daryl Mitchell,New Zealand,728
2024-02,David Warner,Australia,745
2024-02,Dawid Malan,England,707
2024-02,Fakhar Zaman,Pakistan,682
2024-02,Harry Tector,Ireland,723
2024-02,Heinrich Klaasen,South Africa,697
2024-02,Ibrahim Zadran,Afghanistan,684
2024-02,Rassie van der Dussen,South Africa,701
2024-02,Rohit Sharma,India,746
2024-02,Shai Hope,West Indies,699
2024-02,Shreyas Iyer,India,689
2024-02,Shubman Gill,India,801
2024-02,Travis Head,Australia,679
2024-02,Virat Kohli,India,768
2024-03,Babar Azam,Pakistan,824
2024-03,Daryl Mitchell,New Zealand,728
2024-03,David Warner,Australia,723
2024-03,Dawid Malan,England,707
2024-03,Fakhar Zaman,Pakistan,682
2024-03,Harry Tector,Ireland,723
2024-03,Heinrich Klaasen,South Africa,697
2024-03,Imam-ul-Haq,Pakistan,672
2024-03,Pathum Nissanka,Sri Lanka,696
2024-03,Rassie van der Dussen,South Africa,701
2024-03,Rohit Sharma,India,746
2024-03,Shai Hope,West Indies,676
2024-03,Shreyas Iyer,India,689
2024-03,Shubman Gill,India,801
2024-03,Virat Kohli,India,768
2024-04,Babar Azam,Pakistan,824
2024-04,Charith Asalanka,Sri Lanka,681
2024-04,Daryl Mitchell,New Zealand,728
2024-04,David Warner,Australia,723
2024-04,Dawid Malan,England,707
2024-04,Fakhar Zaman,Pakistan,682
2024-04,Harry Tector,Ireland,746
2024-04,Heinrich Klaasen,South Africa,697
2024-04,Pathum Nissanka,Sri Lanka,711
2024-04,Rassie van der Dussen,South Africa,701
2024-04,Rohit Sharma,India,746
2024-04,Shai Hope,West Indies,676
2024-04,Shreyas Iyer,India,689
2024-04,Shubman Gill,India,801
2024-04,Virat Kohli,India,768
2024-05,Babar Azam,Pakistan,824
2024-05,Charith Asalanka,Sri Lanka,681
2024-05,Daryl Mitchell,New Zealand,728
2024-05,David Warner,Australia,723
2024-05,Dawid Malan,England,707
2024-05,Fakhar Zaman,Pakistan,682
2024-05,Harry Tector,Ireland,746
2024-05,Heinrich Klaasen,South Africa,697
2024-05,Pathum Nissanka,Sri Lanka,711
2024-05,Rassie van der Dussen,South Africa,701
2024-05,Rohit Sharma,India,746
2024-05,Shai Hope,West Indies,676
2024-05,Shreyas Iyer,India,689
2024-05,Shubman Gill,India,801
2024-05,Virat Kohli,India,768
2024-06,Babar Azam,Pakistan,824
2024-06,Charith Asalanka,Sri Lanka,681
2024-06,Daryl Mitchell,New Zealand,728
2024-06,David Warner,Australia,723
2024-06,Dawid Malan,England,707
2024-06,Fakhar Zaman,Pakistan,682
2024-06,Harry Tector,Ireland,746
2024-06,Heinrich Klaasen,South Africa,697
2024-06,Pathum Nissanka,Sri Lanka,711
2024-06,Rassie van der Dussen,South Africa,701
2024-06,Rohit Sharma,India,746
2024-06,Shai Hope,West Indies,676
2024-06,Shreyas Iyer,India,689
2024-06,Shubman Gill,India,801
2024-06,Virat Kohli,India,768
2024-07,Babar Azam,Pakistan,824
2024-07,Charith Asalanka,Sri Lanka,681
2024-07,Daryl Mitchell,New Zealand,728
2024-07,David Warner,Australia,723
2024-07,Dawid Malan,England,707
2024-07,Fakhar Zaman,Pakistan,682
2024-07,Harry Tector,Ireland,746
2024-07,Heinrich Klaasen,South Africa,697
2024-07,Pathum Nissanka,Sri Lanka,711
2024-07,Rassie van der Dussen,South Africa,701
2024-07,Rohit Sharma,India,746
2024-07,Shai Hope,West Indies,676
2024-07,Shreyas Iyer,India,689
2024-07,Shubman Gill,India,801
2024-07,Virat Kohli,India,768
2024-08,Babar Azam,Pakistan,824
2024-08,Charith Asalanka,Sri Lanka,681
2024-08,Daryl Mitchell,New Zealand,728
2024-08,David Warner,Australia,723
2024-08,Dawid Malan,England,707
2024-08,Fakhar Zaman,Pakistan,682
2024-08,Harry Tector,Ireland,746
2024-08,Heinrich Klaasen,South Africa,697
2024-08,Pathum Nissanka,Sri Lanka,711
2024-08,Rassie van der Dussen,South Africa,701
2024-08,Rohit Sharma,India,746
2024-08,Shai Hope,West Indies,676
2024-08,Shreyas Iyer,India,689
2024-08,Shubman Gill,India,801
2024-08,Virat Kohli,India,768
2024-09,Babar Azam,Pakistan,824
2024-09,Daryl Mitchell,New Zealand,728
2024-09,David Warner,Australia,723
2024-09,Dawid Malan,England,707
2024-09,Fakhar Zaman,Pakistan,682
2024-09,Harry Tector,Ireland,746
2024-09,Heinrich Klaasen,South Africa,697
2024-09,Ibrahim Zadran,Afghanistan,673
2024-09,Imam-ul-Haq,Pakistan,672
2024-09,Pathum Nissanka,Sri Lanka,708
2024-09,Rassie van der Dussen,South Africa,701
2024-09,Rohit Sharma,India,765
2024-09,Shai Hope,West Indies,676
2024-09,Shubman Gill,India,763
2024-09,Virat Kohli,India,746
2024-10,Babar Azam,Pakistan,824
2024-10,Daryl Mitchell,New Zealand,728
2024-10,Fakhar Zaman,Pakistan,682
2024-10,Harry Tector,Ireland,746
2024-10,Heinrich Klaasen,South Africa,676
2024-10,Imam-ul-Haq,Pakistan,672
2024-10,Pathum Nissanka,Sri Lanka,708
2024-10,Rahmanullah Gurbaz,Afghanistan,692
2024-10,Rassie van der Dussen,South Africa,680
2024-10,Rohit Sharma,India,765
2024-10,Shai Hope,West Indies,676
2024-10,Shreyas Iyer,India,658
2024-10,Shubman Gill,India,763
2024-10,Travis Head,Australia,677
2024-10,Virat Kohli,India,746
2024-11,Babar Azam,Pakistan,824
2024-11,Charith Asalanka,Sri Lanka,670
2024-11,Daryl Mitchell,New Zealand,728
2024-11,Fakhar Zaman,Pakistan,682
2024-11,Harry Tector,Ireland,737
2024-11,Heinrich Klaasen,South Africa,656
2024-11,Ibrahim Zadran,Afghanistan,653
2024-11,Imam-ul-Haq,Pakistan,672
2024-11,Pathum Nissanka,Sri Lanka,695
2024-11,Rahmanullah Gurbaz,Afghanistan,692
2024-11,Rohit Sharma,India,765
2024-11,Shreyas Iyer,India,658
2024-11,Shubman Gill,India,763
2024-11,Travis Head,Australia,677
2024-11,Virat Kohli,India,746
2024-12,Babar Azam,Pakistan,809
2024-12,Charith Asalanka,Sri Lanka,660
2024-12,Daryl Mitchell,New Zealand,706
2024-12,Fakhar Zaman,Pakistan,649
2024-12,Harry Tector,Ireland,737
2024-12,Heinrich Klaasen,South Africa,656
2024-12,Pathum Nissanka,Sri Lanka,671
2024-12,Rahmanullah Gurbaz,Afghanistan,693
2024-12,Rassie van der Dussen,South Africa,649
2024-12,Rohit Sharma,India,765
2024-12,Shai Hope,West Indies,665
2024-12,Shreyas Iyer,India,658
2024-12,Shubman Gill,India,763
2024-12,Travis Head,Australia,657
2024-12,Virat Kohli,India,746
2025-01,Babar Azam,Pakistan,795
2025-01,Charith Asalanka,Sri Lanka,660
2025-01,Daryl Mitchell,New Zealand,706
2025-01,Harry Tector,Ireland,737
2025-01,Heinrich Klaasen,South Africa,743
2025-01,KL Rahul,India,644
2025-01,Pathum Nissanka,Sri Lanka,671
2025-01,Rahmanullah Gurbaz,Afghanistan,672
2025-01,Rassie van der Dussen,South Africa,629
2025-01,Rohit Sharma,India,765
2025-01,Shai Hope,West Indies,672
2025-01,Shreyas Iyer,India,658
2025-01,Shubman Gill,India,763
2025-01,Travis Head,Australia,657
2025-01,Virat Kohli,India,746
2025-02,Babar Azam,Pakistan,795
2025-02,Daryl Mitchell,New Zealand,699
2025-02,Harry Tector,Ireland,737
2025-02,Heinrich Klaasen,South Africa,743
2025-02,KL Rahul,India,644
2025-02,Pathum Nissanka,Sri Lanka,666
2025-02,Rahmanullah Gurbaz,Afghanistan,672
2025-02,Rassie van der Dussen,South Africa,629
2025-02,Rohit Sharma,India,765
2025-02,Shai Hope,West Indies,672
2025-02,Shreyas Iyer,India,658
2025-02,Shubman Gill,India,763
2025-02,Steven Smith,Australia,627
2025-02,Travis Head,Australia,657
2025-02,Virat Kohli,India,746
2025-03,Babar Azam,Pakistan,770
2025-03,Charith Asalanka,Sri Lanka,694
2025-03,Daryl Mitchell,New Zealand,717
2025-03,Harry Tector,Ireland,713
2025-03,Heinrich Klaasen,South Africa,749
2025-03,KL Rahul,India,627
2025-03,Pathum Nissanka,Sri Lanka,641
2025-03,Rahmanullah Gurbaz,Afghanistan,652
2025-03,Rohit Sharma,India,757
2025-03,Shai Hope,West Indies,672
2025-03,Shreyas Iyer,India,679
2025-03,Shubman Gill,India,817
2025-03,Travis Head,Australia,634
2025-03,Virat Kohli,India,743
2025-03,Will Young,New Zealand,630
2025-04,Babar Azam,Pakistan,777
2025-04,Charith Asalanka,Sri Lanka,694
2025-04,Daryl Mitchell,New Zealand,732
2025-04,Harry Tector,Ireland,713
2025-04,Heinrich Klaasen,South Africa,744
2025-04,Ibrahim Zadran,Afghanistan,676
2025-04,KL Rahul,India,638
2025-04,Pathum Nissanka,Sri Lanka,641
2025-04,Rassie van der Dussen,South Africa,648
2025-04,Rohit Sharma,India,756
2025-04,Shai Hope,West Indies,672
2025-04,Shreyas Iyer,India,704
2025-04,Shubman Gill,India,784
2025-04,Travis Head,Australia,650
2025-04,Virat Kohli,India,736
2025-05,Babar Azam,Pakistan,766
2025-05,Charith Asalanka,Sri Lanka,694
2025-05,Daryl Mitchell,New Zealand,720
2025-05,Harry Tector,Ireland,713
2025-05,Heinrich Klaasen,South Africa,744
2025-05,Ibrahim Zadran,Afghanistan,676
2025-05,KL Rahul,India,638
2025-05,Pathum Nissanka,Sri Lanka,641
2025-05,Rassie van der Dussen,South Africa,648
2025-05,Rohit Sharma,India,756
2025-05,Shai Hope,West Indies,672
2025-05,Shreyas Iyer,India,704
2025-05,Shubman Gill,India,784
2025-05,Travis Head,Australia,650
2025-05,Virat Kohli,India,736
2025-06,Babar Azam,Pakistan,766
2025-06,Charith Asalanka,Sri Lanka,694
2025-06,Daryl Mitchell,New Zealand,720
2025-06,Harry Tector,Ireland,708
2025-06,Heinrich Klaasen,South Africa,744
2025-06,Ibrahim Zadran,Afghanistan,676
2025-06,KL Rahul,India,638
2025-06,Pathum Nissanka,Sri Lanka,641
2025-06,Rassie van der Dussen,South Africa,648
2025-06,Rohit Sharma,India,756
2025-06,Shai Hope,West Indies,666
2025-06,Shreyas Iyer,India,704
2025-06,Shubman Gill,India,784
2025-06,Travis Head,Australia,650
2025-06,Virat Kohli,India,736
2025-07,Babar Azam,Pakistan,766
2025-07,Charith Asalanka,Sri Lanka,694
2025-07,Daryl Mitchell,New Zealand,720
2025-07,Harry Tector,Ireland,708
2025-07,Ibrahim Zadran,Afghanistan,676
2025-07,KL Rahul,India,638
2025-07,Keacy Carty,West Indies,659
2025-07,Pathum Nissanka,Sri Lanka,641
2025-07,Rassie van der Dussen,South Africa,648
2025-07,Rohit Sharma,India,756
2025-07,Shai Hope,West Indies,660
2025-07,Shreyas Iyer,India,704
2025-07,Shubman Gill,India,784
2025-07,Travis Head,Australia,650
2025-07,Virat Kohli,India,736
2025-08,Babar Azam,Pakistan,766
2025-08,Charith Asalanka,Sri Lanka,719
2025-08,Daryl Mitchell,New Zealand,720
2025-08,Harry Tector,Ireland,708
2025-08,Ibrahim Zadran,Afghanistan,676
2025-08,KL Rahul,India,638
2025-08,Keacy Carty,West Indies,659
2025-08,Kusal Mendis,Sri Lanka,669
2025-08,Rassie van der Dussen,South Africa,648
2025-08,Rohit Sharma,India,756
2025-08,Shai Hope,West Indies,660
2025-08,Shreyas Iyer,India,704
2025-08,Shubman Gill,India,784
2025-08,Travis Head,Australia,650
2025-08,Virat Kohli,India,736
2025-09,Babar Azam,Pakistan,739
2025-09,Charith Asalanka,Sri Lanka,719
2025-09,Daryl Mitchell,New Zealand,720
2025-09,Harry Tector,Ireland,708
2025-09,Ibrahim Zadran,Afghanistan,676
2025-09,KL Rahul,India,638
2025-09,Keacy Carty,West Indies,642
2025-09,Kusal Mendis,Sri Lanka,669
2025-09,Rassie van der Dussen,South Africa,629
2025-09,Rohit Sharma,India,756
2025-09,Shai Hope,West Indies,699
2025-09,Shreyas Iyer,India,704
2025-09,Shubman Gill,India,784
2025-09,Travis Head,Australia,669
2025-09,Virat Kohli,India,736
2025-10,Babar Azam,Pakistan,739
2025-10,Charith Asalanka,Sri Lanka,716
2025-10,Daryl Mitchell,New Zealand,720
2025-10,Harry Tector,Ireland,708
2025-10,Ibrahim Zadran,Afghanistan,676
2025-10,KL Rahul,India,638
2025-10,Keacy Carty,West Indies,642
2025-10,Kusal Mendis,Sri Lanka,656
2025-10,Pathum Nissanka,Sri Lanka,654
2025-10,Rohit Sharma,India,756
2025-10,Shai Hope,West Indies,699
2025-10,Shreyas Iyer,India,704
2025-10,Shubman Gill,India,784
2025-10,Travis Head,Australia,669
2025-10,Virat Kohli,India,736
2025-11,Babar Azam,Pakistan,739
2025-11,Charith Asalanka,Sri Lanka,716
2025-11,Daryl Mitchell,New Zealand,734
2025-11,Harry Tector,Ireland,708
2025-11,Ibrahim Zadran,Afghanistan,764
2025-11,KL Rahul,India,631
2025-11,Keacy Carty,West Indies,630
2025-11,Kusal Mendis,Sri Lanka,656
2025-11,Pathum Nissanka,Sri Lanka,654
2025-11,Rohit Sharma,India,781
2025-11,Shai Hope,West Indies,690
2025-11,Shreyas Iyer,India,700
2025-11,Shubman Gill,India,745
2025-11,Travis Head,Australia,653
2025-11,Virat Kohli,India,725
2025-12,Babar Azam,Pakistan,722
2025-12,Charith Asalanka,Sri Lanka,690
2025-12,Daryl Mitchell,New Zealand,766
2025-12,Harry Tector,Ireland,708
2025-12,Ibrahim Zadran,Afghanistan,764
2025-12,KL Rahul,India,638
2025-12,Kusal Mendis,Sri Lanka,638
2025-12,Pathum Nissanka,Sri Lanka,639
2025-12,Rachin Ravindra,New Zealand,645
2025-12,Rohit Sharma,India,783
2025-12,Shai Hope,West Indies,701
2025-12,Shreyas Iyer,India,693
2025-12,Shubman Gill,India,738
2025-12,Travis Head,Australia,653
2025-12,Virat Kohli,India,751
2026-01,Babar Azam,Pakistan,722
2026-01,Charith Asalanka,Sri Lanka,690
2026-01,Daryl Mitchell,New Zealand,766
2026-01,Harry Tector,Ireland,708
2026-01,Ibrahim Zadran,Afghanistan,764
2026-01,KL Rahul,India,649
2026-01,Pathum Nissanka,Sri Lanka,639
2026-01,Quinton de Kock,South Africa,646
2026-01,Rachin Ravindra,New Zealand,645
2026-01,Rohit Sharma,India,781
2026-01,Shai Hope,West Indies,701
2026-01,Shreyas Iyer,India,679
2026-01,Shubman Gill,India,723
2026-01,Travis Head,Australia,653
2026-01,Virat Kohli,India,773
2026-02,Babar Azam,Pakistan,722
2026-02,Charith Asalanka,Sri Lanka,672
2026-02,Daryl Mitchell,New Zealand,845
2026-02,Harry Brook,England,660
2026-02,Harry Tector,Ireland,708
2026-02,Ibrahim Zadran,Afghanistan,764
2026-02,KL Rahul,India,670
2026-02,Kusal Mendis,Sri Lanka,647
2026-02,Quinton de Kock,South Africa,646
2026-02,Rohit Sharma,India,757
2026-02,Shai Hope,West Indies,701
2026-02,Shreyas Iyer,India,656
2026-02,Shubman Gill,India,723
2026-02,Travis Head,Australia,653
2026-02,Virat Kohli,India,795
2026-03,Babar Azam,Pakistan,722
2026-03,Charith Asalanka,Sri Lanka,672
2026-03,Daryl Mitchell,New Zealand,845
2026-03,Harry Brook,England,660
2026-03,Harry Tector,Ireland,708
2026-03,Ibrahim Zadran,Afghanistan,764
2026-03,KL Rahul,India,670
2026-03,Kusal Mendis,Sri Lanka,647
2026-03,Quinton de Kock,South Africa,646
2026-03,Rohit Sharma,India,757
2026-03,Shai Hope,West Indies,701
2026-03,Shreyas Iyer,India,656
2026-03,Shubman Gill,India,723
2026-03,Travis Head,Australia,653
2026-03,Virat Kohli,India,795
